2026-09-29 08:02:49:337 [Appium] Welcome to Appium v3.7.0 (REV 34c0453053a29492a34b6a20676bd8f1f046738b)
2026-09-29 08:02:49:338 [Appium] Non-default server args:
2026-09-29 08:02:49:338 [Appium] { address: '127.0.0.1', logNoColors: true, logTimestamp: true }
2026-09-29 08:02:49:339 [Appium] The APPIUM_HOME environment variable: <host-path>/qualification/compatibility-smoke/harness
2026-09-29 08:02:49:339 [Appium] Attempting to load driver xcuitest...
2026-09-29 08:02:49:340 [Appium] Attempting to load driver uiautomator2...
2026-09-29 08:02:49:341 [Appium] Requiring driver at <host-path>/qualification/compatibility-smoke/harness/node_modules/appium-xcuitest-driver/build/lib/index.js
2026-09-29 08:02:52:001 [Appium] XCUITestDriver has been successfully loaded in 2.660s
2026-09-29 08:02:52:004 [Appium] Requiring driver at <host-path>/qualification/compatibility-smoke/harness/node_modules/appium-uiautomator2-driver/build/lib/index.js
2026-09-29 08:02:53:585 [Appium] AndroidUiautomator2Driver has been successfully loaded in 4.243s
2026-09-29 08:02:53:597 [Appium] Appium REST http interface listener started on http://127.0.0.1:4723
2026-09-29 08:02:53:597 [Appium] Available drivers:
2026-09-29 08:02:53:597 [Appium]   - xcuitest@12.13.2 (automationName 'XCUITest')
2026-09-29 08:02:53:597 [Appium]   - uiautomator2@8.7.0 (automationName 'UiAutomator2')
2026-09-29 08:02:53:597 [Appium] No plugins have been installed. Use the "appium plugin" command to install the one(s) you want to use.
2026-09-29 08:02:54:276 [HTTP] --> GET /status 
2026-09-29 08:02:54:279 [AppiumDriver@1eea] Calling AppiumDriver.getStatus() with args: []
2026-09-29 08:02:54:281 [AppiumDriver@1eea] Responding to client with driver.getStatus() result: {"ready":true,"message":"The server is ready to accept new connections","build":{"version":"3.7.0","git-sha":"34c0453053a29492a34b6a20676bd8f1f046738b","built":"2026-09-28 19:51:55 -0600"}}
2026-09-29 08:02:54:288 [HTTP] <-- GET /status 200 9 ms - 199
2026-09-29 08:02:54:633 [HTTP] --> POST /session {"capabilities":{"alwaysMatch":{"platformName":"iOS","appium:automationName":"XCUITest","appium:platformVersion":"18.5","appium:deviceName":"iPhone 16","appium:bundleId":"com.saucelabs.mydemo.app.ios","appium:enforceAppInstall":true,"appium:simulatorStartupTimeout":600000,"appium:wdaLaunchTimeout":600000,"appium:wdaConnectionTimeout":600000,"appium:showXcodeLog":true,"appium:newCommandTimeout":300,"appium:app":"<host-path>/ios-app/Payload/My Demo App.app","appium:udid":"F0E646EF-4792-4F36-B48B-EC89B3A6B73B"},"firstMatch":[{}]}}
2026-09-29 08:02:54:634 [AppiumDriver@1eea] Calling AppiumDriver.createSession() with args: [{"alwaysMatch":{"platformName":"iOS","appium:automationName":"XCUITest","appium:platformVersion":"18.5","appium:deviceName":"iPhone 16","appium:bundleId":"com.saucelabs.mydemo.app.ios","appium:enforceAppInstall":true,"appium:simulatorStartupTimeout":600000,"appium:wdaLaunchTimeout":600000,"appium:wdaConnectionTimeout":600000,"appium:showXcodeLog":true,"appium:newCommandTimeout":300,"appium:app":"<host-path>/ios-app/Payload/My Demo App.app","appium:udid":"F0E646EF-4792-4F36-B48B-EC89B3A6B73B"},"firstMatch":[{}]},{"alwaysMatch":{"platformName":"iOS","appium:automationName":"XCUITest","appium:platformVersion":"18.5","appium:deviceName":"iPhone 16","appium:bundleId":"com.saucelabs.mydemo.app.ios","appium:enforceAppInstall":true,"appium:simulatorStartupTimeout":600000,"appium:wdaLaunchTimeout":600000,"appium:wdaConnectionTimeout":600000,"appium:showXcodeLog":true,"appium:newCommandTimeout":300,"appium:app":"<host-path>/ios-app/Payload/My Demo App.app","…
2026-09-29 08:02:54:635 [AppiumDriver@1eea] Event 'newSessionRequested' logged at 1790668974635 (08:02:54 GMT+0000 (Coordinated Universal Time))
2026-09-29 08:02:54:637 [Appium] Attempting to find matching driver for automationName 'XCUITest' and platformName 'iOS'
2026-09-29 08:02:54:637 [Appium] The 'xcuitest' driver was installed and matched caps.
2026-09-29 08:02:54:637 [Appium] Will require it at <host-path>/qualification/compatibility-smoke/harness/node_modules/appium-xcuitest-driver
2026-09-29 08:02:54:638 [Appium] Requiring driver at <host-path>/qualification/compatibility-smoke/harness/node_modules/appium-xcuitest-driver/build/lib/index.js
2026-09-29 08:02:54:638 [AppiumDriver@1eea] Appium v3.7.0 creating new XCUITestDriver (v12.13.2) session
2026-09-29 08:02:54:639 [AppiumDriver@1eea] Checking BaseDriver versions for Appium and XCUITestDriver
2026-09-29 08:02:54:639 [AppiumDriver@1eea] Appium's BaseDriver version is 10.8.0
2026-09-29 08:02:54:639 [AppiumDriver@1eea] XCUITestDriver's BaseDriver version is 10.8.0
2026-09-29 08:02:54:641 [XCUITestDriver@b322] 
2026-09-29 08:02:54:642 [XCUITestDriver@b322] Creating session with W3C capabilities: {
  "alwaysMatch": {
    "platformName": "iOS",
    "appium:automationName": "XCUITest",
    "appium:platformVersion": "18.5",
    "appium:deviceName": "iPhone 16",
    "appium:bundleId": "com.saucelabs.mydemo.app.ios",
    "appium:enforceAppInstall": true,
    "appium:simulatorStartupTimeout": 600000,
    "appium:wdaLaunchTimeout": 600000,
    "appium:wdaConnectionTimeout": 600000,
    "appium:showXcodeLog": true,
    "appium:newCommandTimeout": 300,
    "appium:app": "<host-path>/ios-app/Payload/My Demo App.app",
    "appium:udid": "F0E646EF-4792-4F36-B48B-EC89B3A6B73B"
  },
  "firstMatch": [
    {}
  ]
}
2026-09-29 08:02:54:644 [790e2ec9][XCUITestDriver@b322] Session created with session id: 790e2ec9-fc17-43f3-98b9-5d02ec5f61b0
2026-09-29 08:02:54:646 [790e2ec9][XCUITest] Current user: 'runner'
2026-09-29 08:02:55:164 [790e2ec9][XCUITest] RemoteXPC devices listing unavailable: Tunnel registry port not found. Please run the tunnel creation script first See https://appium.github.io/appium-xcuitest-driver/latest/guides/remotexpc-tunnels-real-devices/ Falling back to appium-ios-device.
2026-09-29 08:02:55:164 [790e2ec9][XCUITestDriver@b322] Available real devices: 
2026-09-29 08:02:56:111 [790e2ec9][XCUITestDriver@b322] Constructing iOS simulator for Xcode version 16.4 with udid 'F0E646EF-4792-4F36-B48B-EC89B3A6B73B'
2026-09-29 08:02:56:111 [790e2ec9][XCUITestDriver@b322] Determining device to run tests on: udid: 'F0E646EF-4792-4F36-B48B-EC89B3A6B73B', real device: false
2026-09-29 08:02:56:112 [790e2ec9][BaseDriver] Initialized new IPC object with max object size of 1048576 bytes and max topics of 1000
2026-09-29 08:02:56:112 [790e2ec9][BaseDriver] Subscribing b322ae4a-d148-4e57-a4af-4fc9b3ff08e2 to topic 'xcuitest:sessionUdidClaimed'
2026-09-29 08:02:56:112 [790e2ec9][BaseDriver] Subscribing b322ae4a-d148-4e57-a4af-4fc9b3ff08e2 to topic 'xcuitest:sessionUdidContended'
2026-09-29 08:02:56:112 [790e2ec9][BaseDriver] Subscribing b322ae4a-d148-4e57-a4af-4fc9b3ff08e2 to topic 'xcuitest:sessionUdidReleased'
2026-09-29 08:02:56:112 [790e2ec9][BaseDriver] b322ae4a-d148-4e57-a4af-4fc9b3ff08e2 is publishing a message to topic xcuitest:sessionUdidClaimed
2026-09-29 08:02:56:132 [790e2ec9][BaseDriver] Unsubscribing b322ae4a-d148-4e57-a4af-4fc9b3ff08e2 from topic 'xcuitest:sessionUdidContended'
2026-09-29 08:02:56:132 [790e2ec9][BaseDriver] Unsubscribing b322ae4a-d148-4e57-a4af-4fc9b3ff08e2 from topic 'xcuitest:sessionUdidReleased'
2026-09-29 08:02:56:133 [790e2ec9][XCUITestDriver@b322] Event 'xcodeDetailsRetrieved' logged at 1790668976133 (08:02:56 GMT+0000 (Coordinated Universal Time))
2026-09-29 08:02:56:134 [790e2ec9][BaseDriver] Using local app '<host-path>/ios-app/Payload/My Demo App.app'
2026-09-29 08:02:56:142 [790e2ec9][XCUITestDriver@b322] Caching the manifest for com.saucelabs.mydemo.app.ios app from a file source using the key '43774cbd8e9248ec5c7c6732ebf60b29bf30808e'
2026-09-29 08:02:56:142 [790e2ec9][XCUITestDriver@b322] Event 'appConfigured' logged at 1790668976142 (08:02:56 GMT+0000 (Coordinated Universal Time))
2026-09-29 08:02:56:143 [790e2ec9][XCUITest] Checking whether app '<host-path>/ios-app/Payload/My Demo App.app' is actually present on file system
2026-09-29 08:02:56:143 [790e2ec9][XCUITest] App is present
2026-09-29 08:02:56:144 [790e2ec9][XCUITestDriver@b322] Event 'resetStarted' logged at 1790668976143 (08:02:56 GMT+0000 (Coordinated Universal Time))
2026-09-29 08:02:56:163 [790e2ec9][XCUITestDriver@b322] Reset: failed to terminate Simulator application with id "com.saucelabs.mydemo.app.ios"
2026-09-29 08:02:56:163 [790e2ec9][XCUITestDriver@b322] Not scrubbing third party app in anticipation of uninstall
2026-09-29 08:02:56:163 [790e2ec9][XCUITestDriver@b322] Event 'resetComplete' logged at 1790668976163 (08:02:56 GMT+0000 (Coordinated Universal Time))
2026-09-29 08:02:56:163 [790e2ec9][XCUITestDriver@b322] Using WDA path: '<host-path>/qualification/compatibility-smoke/harness/node_modules/appium-xcuitest-driver/node_modules/appium-webdriveragent'
2026-09-29 08:02:56:163 [790e2ec9][XCUITestDriver@b322] Using WDA agent: '<host-path>/qualification/compatibility-smoke/harness/node_modules/appium-xcuitest-driver/node_modules/appium-webdriveragent/WebDriverAgent.xcodeproj'
2026-09-29 08:02:56:177 [790e2ec9][XCUITestDriver@b322] Error: iOS Simulator with udid 'F0E646EF-4792-4F36-B48B-EC89B3A6B73B' is not running
    at IOSSimulatorLog.startCapture (file://<host-path>/qualification/compatibility-smoke/harness/node_modules/appium-xcuitest-driver/build/lib/device/log/ios-simulator-log.js:39:19)
    at async XCUITestDriver.startLogCapture (file://<host-path>/qualification/compatibility-smoke/harness/node_modules/appium-xcuitest-driver/build/lib/commands/log.js:149:13)
    at async startLogCapture (file://<host-path>/qualification/compatibility-smoke/harness/node_modules/appium-xcuitest-driver/build/lib/driver.js:1142:28)
    at async XCUITestDriver.setupDevice (file://<host-path>/qualification/compatibility-smoke/harness/node_modules/appium-xcuitest-driver/build/lib/driver.js:1148:37)
    at async XCUITestDriver.start (file://<host-path>/qualification/compatibility-smoke/harness/node_modules/appium-xcuitest-driver/build/lib/driver.js:1041:9)
    at async XCUITestDriver.createSession (file://<host-path>/qualification/compatibility-smoke/harness/node_modules/appium-xcuitest-driver/build/lib/driver.js:756:13)
    at async AppiumDriver.createSession (<host-path>/qualification/compatibility-smoke/harness/node_modules/appium/build/lib/appium.js:266:44)
    at async runCommandPromise (<host-path>/qualification/compatibility-smoke/harness/node_modules/@appium/base-driver/build/lib/basedriver/driver.js:119:24)
    at async AppiumDriver.executeCommand (<host-path>/qualification/compatibility-smoke/harness/node_modules/@appium/base-driver/build/lib/basedriver/driver.js:160:15)
    at async defaultBehavior (<host-path>/qualification/compatibility-smoke/harness/node_modules/appium/build/lib/appium.js:575:24)
    at async AppiumDriver.executeWrappedCommand (<host-path>/qualification/compatibility-smoke/harness/node_modules/appium/build/lib/appium.js:683:22)
    at async AppiumDriver.executeCommand (<host-path>/qualification/compatibility-smoke/harness/node_modules/appium/build/lib/appium.js:591:21)
    at async asyncHandler (<host-path>/qualification/compatibility-smoke/harness/node_modules/@appium/base-driver/build/lib/protocol/protocol.js:393:25)
2026-09-29 08:02:56:177 [790e2ec9][XCUITestDriver@b322] Continuing without capturing device logs: iOS Simulator with udid 'F0E646EF-4792-4F36-B48B-EC89B3A6B73B' is not running
2026-09-29 08:02:56:185 [790e2ec9][XCUITestDriver@b322] Setting up simulator
2026-09-29 08:02:56:185 [790e2ec9][XCUITestDriver@b322] Setting preferences of F0E646EF-4792-4F36-B48B-EC89B3A6B73B Simulator to {"ConnectHardwareKeyboard":false}
2026-09-29 08:02:56:185 [790e2ec9][XCUITestDriver@b322] Setting common Simulator preferences to {"RotateWindowWhenSignaledByGuest":true,"StartLastDeviceOnLaunch":false,"DetachOnWindowClose":false,"AttachBootedOnStart":true,"ConnectHardwareKeyboard":false,"PasteboardAutomaticSync":false}
2026-09-29 08:02:56:382 [790e2ec9][XCUITestDriver@b322] Updated F0E646EF-4792-4F36-B48B-EC89B3A6B73B Simulator preferences at '<host-path>/Library/Preferences/com.apple.iphonesimulator.plist' with {"RotateWindowWhenSignaledByGuest":true,"StartLastDeviceOnLaunch":false,"DetachOnWindowClose":false,"AttachBootedOnStart":true,"ConnectHardwareKeyboard":false,"PasteboardAutomaticSync":false,"DevicePreferences":{"F0E646EF-4792-4F36-B48B-EC89B3A6B73B":{"ConnectHardwareKeyboard":false}}}
2026-09-29 08:02:56:592 [790e2ec9][XCUITestDriver@b322] Starting UI client: open -Fn /Applications/Xcode_16.4.app/Contents/Developer/Applications/Simulator.app
2026-09-29 08:02:57:600 [790e2ec9][XCUITestDriver@b322] Got UI client PID: 6163
2026-09-29 08:04:25:597 [790e2ec9][XCUITestDriver@b322] Simulator with UDID F0E646EF-4792-4F36-B48B-EC89B3A6B73B booted in 88.924s
2026-09-29 08:04:26:247 [790e2ec9][XCUITestDriver@b322] Event 'simStarted' logged at 1790669066169 (08:04:26 GMT+0000 (Coordinated Universal Time))
2026-09-29 08:04:27:640 [790e2ec9][XCUITestDriver@b322] Starting log capture for iOS Simulator with udid 'F0E646EF-4792-4F36-B48B-EC89B3A6B73B' via '/usr/bin/log' using the following arguments 'stream --style compact'
2026-09-29 08:04:38:108 [790e2ec9][XCUITestDriver@b322] Event 'logCaptureStarted' logged at 1790669077802 (08:04:37 GMT+0000 (Coordinated Universal Time))
2026-09-29 08:04:38:110 [790e2ec9][XCUITestDriver@b322] Verifying application platform
2026-09-29 08:04:41:724 [790e2ec9][XCUITestDriver@b322] CFBundleSupportedPlatforms: ["iPhoneSimulator"]
2026-09-29 08:04:43:217 [790e2ec9][XCUITestDriver@b322] CFBundleExecutable: "My Demo App"
2026-09-29 08:07:10:124 [790e2ec9][XCUITestDriver@b322] Architectures in the fat file: <host-path>/ios-app/Payload/My Demo App.app/My Demo App are: x86_64 arm64
2026-09-29 08:07:10:128 [790e2ec9][XCUITestDriver@b322] Current process architecture: arm64
2026-09-29 08:07:10:133 [790e2ec9][XCUITestDriver@b322] Is Apple Silicon CPU: true
2026-09-29 08:07:11:252 [790e2ec9][XCUITestDriver@b322] App 'com.saucelabs.mydemo.app.ios' is not installed yet or it has an offload and cannot be detected, which might keep the local data.
2026-09-29 08:07:11:256 [790e2ec9][XCUITestDriver@b322] Installing '<host-path>/ios-app/Payload/My Demo App.app' on Simulator with UUID 'F0E646EF-4792-4F36-B48B-EC89B3A6B73B'...
2026-09-29 08:07:27:581 [790e2ec9][XCUITestDriver@b322] The app has been successfully installed in 16071ms
2026-09-29 08:07:27:583 [790e2ec9][XCUITestDriver@b322] Event 'appInstalled' logged at 1790669247582 (08:07:27 GMT+0000 (Coordinated Universal Time))
2026-09-29 08:07:28:190 [790e2ec9][XCUITestDriver@b322] Requesting connection for device F0E646EF-4792-4F36-B48B-EC89B3A6B73B on local port 8100
2026-09-29 08:07:28:191 [790e2ec9][XCUITestDriver@b322] Cached connections count: 0
2026-09-29 08:07:28:191 [790e2ec9][XCUITestDriver@b322] Successfully requested the connection for F0E646EF-4792-4F36-B48B-EC89B3A6B73B:8100
2026-09-29 08:07:28:194 [790e2ec9][XCUITestDriver@b322] Starting WebDriverAgent initialization with the synchronization key '<host-path>/Library/Developer/Xcode/DerivedData/WebDriverAgent-gvnbbobaqwdgeeepwfrffrnyucio'
2026-09-29 08:07:28:203 [790e2ec9][WD Proxy] NoSessionProxy options: {"scheme":"http","server":"127.0.0.1","port":8100,"base":"","reqBasePath":"","sessionId":null,"timeout":3000}
2026-09-29 08:07:28:240 [790e2ec9][WD Proxy] Matched '/status' to command name 'getStatus'
2026-09-29 08:07:28:241 [790e2ec9][WD Proxy] Proxying [GET /status] to [GET http://127.0.0.1:8100/status] with no body
2026-09-29 08:07:28:334 [790e2ec9][WD Proxy] connect ECONNREFUSED 127.0.0.1:8100
2026-09-29 08:07:28:336 [790e2ec9][XCUITestDriver@b322] WDA is not listening at 'http://127.0.0.1:8100/'. Original error:: Could not proxy command to the remote server. Original error: connect ECONNREFUSED 127.0.0.1:8100
2026-09-29 08:07:28:336 [790e2ec9][XCUITestDriver@b322] WDA is currently not running. There is nothing to cache
2026-09-29 08:07:29:629 [790e2ec9][XCUITestDriver@b322] Trying to start WebDriverAgent 2 times with 10000ms interval
2026-09-29 08:07:29:630 [790e2ec9][XCUITestDriver@b322] These values can be customized by changing wdaStartupRetries/wdaStartupRetryInterval capabilities
2026-09-29 08:07:29:631 [790e2ec9][XCUITestDriver@b322] Event 'wdaStartAttempted' logged at 1790669249630 (08:07:29 GMT+0000 (Coordinated Universal Time))
2026-09-29 08:07:29:632 [790e2ec9][XCUITestDriver@b322] Selected 'simulator' WebDriverAgent startup strategy
2026-09-29 08:07:29:633 [790e2ec9][XCUITestDriver@b322] Launching WebDriverAgent on the device
2026-09-29 08:07:29:633 [790e2ec9][XCUITestDriver@b322] JWProxy options: {"scheme":"http","server":"127.0.0.1","port":8100,"base":"","reqBasePath":"","sessionId":null,"timeout":600000,"keepAlive":true}
2026-09-29 08:07:29:634 [790e2ec9][XCUITestDriver@b322] NoSessionProxy options: {"scheme":"http","server":"127.0.0.1","port":8100,"base":"","reqBasePath":"","sessionId":null,"timeout":600000,"keepAlive":true}
2026-09-29 08:07:29:736 [790e2ec9][XCUITestDriver@b322] There is no need to perform the project cleanup. A fresh install has been detected
2026-09-29 08:07:29:739 [790e2ec9][WebDriverAgent] Killing running processes 'xcodebuild.*F0E646EF-4792-4F36-B48B-EC89B3A6B73B, F0E646EF-4792-4F36-B48B-EC89B3A6B73B.*XCTRunner, xctest.*F0E646EF-4792-4F36-B48B-EC89B3A6B73B' for the device F0E646EF-4792-4F36-B48B-EC89B3A6B73B...
2026-09-29 08:07:29:995 [790e2ec9][WebDriverAgent] 'pgrep -if F0E646EF-4792-4F36-B48B-EC89B3A6B73B.*XCTRunner' didn't detect any matching processes. Return code: 1
2026-09-29 08:07:29:995 [790e2ec9][WebDriverAgent] 'pgrep -if xcodebuild.*F0E646EF-4792-4F36-B48B-EC89B3A6B73B' didn't detect any matching processes. Return code: 1
2026-09-29 08:07:30:047 [790e2ec9][WebDriverAgent] 'pgrep -if xctest.*F0E646EF-4792-4F36-B48B-EC89B3A6B73B' didn't detect any matching processes. Return code: 1
2026-09-29 08:07:30:050 [790e2ec9][XCUITestDriver@b322] Beginning test with command 'xcodebuild build-for-testing test-without-building -project <host-path>/qualification/compatibility-smoke/harness/node_modules/appium-xcuitest-driver/node_modules/appium-webdriveragent/WebDriverAgent.xcodeproj -scheme WebDriverAgentRunner -destination id=F0E646EF-4792-4F36-B48B-EC89B3A6B73B IPHONEOS_DEPLOYMENT_TARGET=18.5 GCC_TREAT_WARNINGS_AS_ERRORS=0 COMPILER_INDEX_STORE_ENABLE=NO APPIUM_XCODEBUILD_WDA_MARKER=1' in directory '<host-path>/qualification/compatibility-smoke/harness/node_modules/appium-xcuitest-driver/node_modules/appium-webdriveragent'
2026-09-29 08:07:30:052 [790e2ec9][XCUITestDriver@b322] Output from xcodebuild will be logged. To change this, use 'showXcodeLog' desired capability
2026-09-29 08:07:33:074 [790e2ec9][Xcode] Command line invocation:
2026-09-29 08:07:33:078 [790e2ec9][XCUITestDriver@b322] Waiting up to 600000ms for WebDriverAgent to start
2026-09-29 08:07:33:079 [790e2ec9][XCUITestDriver@b322] Matched '/status' to command name 'getStatus'
2026-09-29 08:07:33:079 [790e2ec9][XCUITestDriver@b322] Proxying [GET /status] to [GET http://127.0.0.1:8100/status] with no body
2026-09-29 08:07:33:083 [790e2ec9][Xcode]     /Applications/Xcode_16.4.app/Contents/Developer/usr/bin/xcodebuild build-for-testing test-without-building -project <host-path>/qualification/compatibility-smoke/harness/node_modules/appium-xcuitest-driver/node_modules/appium-webdriveragent/WebDriverAgent.xcodeproj -scheme WebDriverAgentRunner -destination id=F0E646EF-4792-4F36-B48B-EC89B3A6B73B IPHONEOS_DEPLOYMENT_TARGET=18.5 GCC_TREAT_WARNINGS_AS_ERRORS=0 COMPILER_INDEX_STORE_ENABLE=NO APPIUM_XCODEBUILD_WDA_MARKER=1
2026-09-29 08:07:33:083 [790e2ec9][Xcode] 
2026-09-29 08:07:33:083 [790e2ec9][Xcode] Build settings from command line:
2026-09-29 08:07:33:083 [790e2ec9][Xcode]     APPIUM_XCODEBUILD_WDA_MARKER = 1
2026-09-29 08:07:33:084 [790e2ec9][Xcode]     COMPILER_INDEX_STORE_ENABLE = NO
2026-09-29 08:07:33:084 [790e2ec9][Xcode]     GCC_TREAT_WARNINGS_AS_ERRORS = 0
2026-09-29 08:07:33:084 [790e2ec9][Xcode]     IPHONEOS_DEPLOYMENT_TARGET = 18.5
2026-09-29 08:07:33:084 [790e2ec9][Xcode] 
2026-09-29 08:07:33:085 [790e2ec9][XCUITestDriver@b322] connect ECONNREFUSED 127.0.0.1:8100
2026-09-29 08:07:34:053 [790e2ec9][Xcode] --- xcodebuild: WARNING: Using the first of multiple matching destinations:
2026-09-29 08:07:34:053 [790e2ec9][Xcode] { platform:iOS Simulator, arch:arm64, id:F0E646EF-4792-4F36-B48B-EC89B3A6B73B, OS:18.5, name:iPhone 16 }
2026-09-29 08:07:34:053 [790e2ec9][Xcode] { platform:iOS Simulator, arch:x86_64, id:F0E646EF-4792-4F36-B48B-EC89B3A6B73B, OS:18.5, name:iPhone 16 }
2026-09-29 08:07:34:087 [790e2ec9][XCUITestDriver@b322] Matched '/status' to command name 'getStatus'
2026-09-29 08:07:34:088 [790e2ec9][XCUITestDriver@b322] Proxying [GET /status] to [GET http://127.0.0.1:8100/status] with no body
2026-09-29 08:07:34:091 [790e2ec9][XCUITestDriver@b322] connect ECONNREFUSED 127.0.0.1:8100
2026-09-29 08:07:34:828 [790e2ec9][Xcode] ComputePackagePrebuildTargetDependencyGraph
2026-09-29 08:07:35:093 [790e2ec9][XCUITestDriver@b322] Matched '/status' to command name 'getStatus'
2026-09-29 08:07:35:093 [790e2ec9][XCUITestDriver@b322] Proxying [GET /status] to [GET http://127.0.0.1:8100/status] with no body
2026-09-29 08:07:35:096 [790e2ec9][XCUITestDriver@b322] connect ECONNREFUSED 127.0.0.1:8100
2026-09-29 08:07:35:141 [790e2ec9][Xcode] 
2026-09-29 08:07:35:143 [790e2ec9][Xcode] Prepare packages
2026-09-29 08:07:35:144 [790e2ec9][Xcode] 
2026-09-29 08:07:35:149 [790e2ec9][Xcode] CreateBuildRequest
2026-09-29 08:07:35:153 [790e2ec9][Xcode] 
2026-09-29 08:07:35:153 [790e2ec9][Xcode] SendProjectDescription
2026-09-29 08:07:35:208 [790e2ec9][Xcode] 
2026-09-29 08:07:35:208 [790e2ec9][Xcode] CreateBuildOperation
2026-09-29 08:07:35:242 [790e2ec9][Xcode] 
2026-09-29 08:07:35:257 [790e2ec9][Xcode] ComputeTargetDependencyGraph
2026-09-29 08:07:35:306 [790e2ec9][Xcode] note: Building targets in dependency order
2026-09-29 08:07:35:306 [790e2ec9][Xcode] note: Target dependency graph (2 targets)
2026-09-29 08:07:35:307 [790e2ec9][Xcode]     Target 'WebDriverAgentRunner' in project 'WebDriverAgent'
2026-09-29 08:07:35:307 [790e2ec9][Xcode]         ➜ Explicit dependency on target 'WebDriverAgentLib' in project 'WebDriverAgent'
2026-09-29 08:07:35:307 [790e2ec9][Xcode]     Target 'WebDriverAgentLib' in project 'WebDriverAgent' (no dependencies)
2026-09-29 08:07:35:325 [790e2ec9][Xcode] 
2026-09-29 08:07:35:326 [790e2ec9][Xcode] GatherProvisioningInputs
2026-09-29 08:07:35:334 [790e2ec9][Xcode] 
2026-09-29 08:07:35:359 [790e2ec9][Xcode] CreateBuildDescription
2026-09-29 08:07:35:452 [790e2ec9][Xcode] 
2026-09-29 08:07:35:452 [790e2ec9][Xcode] ExecuteExternalTool /Applications/Xcode_16.4.app/Contents/Developer/Toolchains/XcodeDefault.xctoolchain/usr/bin/clang -v -E -dM -arch arm64 -isysroot /Applications/Xcode_16.4.app/Contents/Developer/Platforms/iPhoneSimulator.platform/Developer/SDKs/iPhoneSimulator18.5.sdk -x c -c /dev/null
2026-09-29 08:07:36:060 [790e2ec9][Xcode] 
2026-09-29 08:07:36:060 [790e2ec9][Xcode] ExecuteExternalTool /Applications/Xcode_16.4.app/Contents/Developer/Toolchains/XcodeDefault.xctoolchain/usr/bin/clang -v -E -dM -arch arm64 -isysroot /Applications/Xcode_16.4.app/Contents/Developer/Platforms/iPhoneSimulator.platform/Developer/SDKs/iPhoneSimulator18.5.sdk -x objective-c -c /dev/null
2026-09-29 08:07:36:060 [790e2ec9][Xcode] 
2026-09-29 08:07:36:060 [790e2ec9][Xcode] ExecuteExternalTool /Applications/Xcode_16.4.app/Contents/Developer/Toolchains/XcodeDefault.xctoolchain/usr/bin/clang -v -E -dM -isysroot /Applications/Xcode_16.4.app/Contents/Developer/Platforms/iPhoneSimulator.platform/Developer/SDKs/iPhoneSimulator18.5.sdk -x c -c /dev/null
2026-09-29 08:07:36:087 [790e2ec9][Xcode] 
2026-09-29 08:07:36:120 [790e2ec9][XCUITestDriver@b322] Matched '/status' to command name 'getStatus'
2026-09-29 08:07:36:120 [790e2ec9][XCUITestDriver@b322] Proxying [GET /status] to [GET http://127.0.0.1:8100/status] with no body
2026-09-29 08:07:36:123 [790e2ec9][XCUITestDriver@b322] connect ECONNREFUSED 127.0.0.1:8100
2026-09-29 08:07:36:170 [790e2ec9][Xcode] ExecuteExternalTool /Applications/Xcode_16.4.app/Contents/Developer/usr/bin/actool --version --output-format xml1
2026-09-29 08:07:37:130 [790e2ec9][XCUITestDriver@b322] Matched '/status' to command name 'getStatus'
2026-09-29 08:07:37:130 [790e2ec9][XCUITestDriver@b322] Proxying [GET /status] to [GET http://127.0.0.1:8100/status] with no body
2026-09-29 08:07:37:133 [790e2ec9][XCUITestDriver@b322] connect ECONNREFUSED 127.0.0.1:8100
2026-09-29 08:07:38:134 [790e2ec9][XCUITestDriver@b322] Matched '/status' to command name 'getStatus'
2026-09-29 08:07:38:135 [790e2ec9][XCUITestDriver@b322] Proxying [GET /status] to [GET http://127.0.0.1:8100/status] with no body
2026-09-29 08:07:38:137 [790e2ec9][XCUITestDriver@b322] connect ECONNREFUSED 127.0.0.1:8100
2026-09-29 08:07:39:139 [790e2ec9][XCUITestDriver@b322] Matched '/status' to command name 'getStatus'
2026-09-29 08:07:39:139 [790e2ec9][XCUITestDriver@b322] Proxying [GET /status] to [GET http://127.0.0.1:8100/status] with no body
2026-09-29 08:07:39:143 [790e2ec9][XCUITestDriver@b322] connect ECONNREFUSED 127.0.0.1:8100
2026-09-29 08:07:40:152 [790e2ec9][XCUITestDriver@b322] Matched '/status' to command name 'getStatus'
2026-09-29 08:07:40:152 [790e2ec9][XCUITestDriver@b322] Proxying [GET /status] to [GET http://127.0.0.1:8100/status] with no body
2026-09-29 08:07:40:160 [790e2ec9][XCUITestDriver@b322] connect ECONNREFUSED 127.0.0.1:8100
2026-09-29 08:07:41:164 [790e2ec9][XCUITestDriver@b322] Matched '/status' to command name 'getStatus'
2026-09-29 08:07:41:164 [790e2ec9][XCUITestDriver@b322] Proxying [GET /status] to [GET http://127.0.0.1:8100/status] with no body
2026-09-29 08:07:41:168 [790e2ec9][XCUITestDriver@b322] connect ECONNREFUSED 127.0.0.1:8100
2026-09-29 08:07:42:171 [790e2ec9][XCUITestDriver@b322] Matched '/status' to command name 'getStatus'
2026-09-29 08:07:42:171 [790e2ec9][XCUITestDriver@b322] Proxying [GET /status] to [GET http://127.0.0.1:8100/status] with no body
2026-09-29 08:07:42:174 [790e2ec9][XCUITestDriver@b322] connect ECONNREFUSED 127.0.0.1:8100
2026-09-29 08:07:43:032 [790e2ec9][Xcode] 
2026-09-29 08:07:43:032 [790e2ec9][Xcode] ExecuteExternalTool /Applications/Xcode_16.4.app/Contents/Developer/Toolchains/XcodeDefault.xctoolchain/usr/bin/ld -version_details
2026-09-29 08:07:43:032 [790e2ec9][Xcode] 
2026-09-29 08:07:43:199 [790e2ec9][XCUITestDriver@b322] Matched '/status' to command name 'getStatus'
2026-09-29 08:07:43:200 [790e2ec9][XCUITestDriver@b322] Proxying [GET /status] to [GET http://127.0.0.1:8100/status] with no body
2026-09-29 08:07:43:211 [790e2ec9][XCUITestDriver@b322] connect ECONNREFUSED 127.0.0.1:8100
2026-09-29 08:07:43:234 [790e2ec9][Xcode] Build description signature: 8383fefeb55a0ce69a1f2cad0b70ae16
2026-09-29 08:07:43:237 [790e2ec9][Xcode] Build description path: <host-path>/Library/Developer/Xcode/DerivedData/WebDriverAgent-gvnbbobaqwdgeeepwfrffrnyucio/Build/Intermediates.noindex/XCBuildData/8383fefeb55a0ce69a1f2cad0b70ae16.xcbuilddata
2026-09-29 08:07:43:510 [790e2ec9][Xcode] ClangStatCache /Applications/Xcode_16.4.app/Contents/Developer/Toolchains/XcodeDefault.xctoolchain/usr/bin/clang-stat-cache /Applications/Xcode_16.4.app/Contents/Developer/Platforms/iPhoneSimulator.platform/Developer/SDKs/iPhoneSimulator18.5.sdk <host-path>/Library/Developer/Xcode/DerivedData/SDKStatCaches.noindex/iphonesimulator18.5-22F76-96ae0914227b19deccb34b33ba7b5dea.sdkstatcache
2026-09-29 08:07:43:510 [790e2ec9][Xcode]     cd <host-path>/qualification/compatibility-smoke/harness/node_modules/appium-xcuitest-driver/node_modules/appium-webdriveragent/WebDriverAgent.xcodeproj
2026-09-29 08:07:43:510 [790e2ec9][Xcode]     /Applications/Xcode_16.4.app/Contents/Developer/Toolchains/XcodeDefault.xctoolchain/usr/bin/clang-stat-cache /Applications/Xcode_16.4.app/Contents/Developer/Platforms/iPhoneSimulator.platform/Developer/SDKs/iPhoneSimulator18.5.sdk -o <host-path>/Library/Developer/Xcode/DerivedData/SDKStatCaches.noindex/iphonesimulator18.5-22F76-96ae0914227b19deccb34b33ba7b5dea.sdkstatcache
2026-09-29 08:07:44:214 [790e2ec9][XCUITestDriver@b322] Matched '/status' to command name 'getStatus'
2026-09-29 08:07:44:214 [790e2ec9][XCUITestDriver@b322] Proxying [GET /status] to [GET http://127.0.0.1:8100/status] with no body
2026-09-29 08:07:44:218 [790e2ec9][XCUITestDriver@b322] connect ECONNREFUSED 127.0.0.1:8100
2026-09-29 08:07:45:228 [790e2ec9][XCUITestDriver@b322] Matched '/status' to command name 'getStatus'
2026-09-29 08:07:45:229 [790e2ec9][XCUITestDriver@b322] Proxying [GET /status] to [GET http://127.0.0.1:8100/status] with no body
2026-09-29 08:07:45:230 [790e2ec9][XCUITestDriver@b322] connect ECONNREFUSED 127.0.0.1:8100
2026-09-29 08:07:46:261 [790e2ec9][XCUITestDriver@b322] Matched '/status' to command name 'getStatus'
2026-09-29 08:07:46:261 [790e2ec9][XCUITestDriver@b322] Proxying [GET /status] to [GET http://127.0.0.1:8100/status] with no body
2026-09-29 08:07:46:263 [790e2ec9][XCUITestDriver@b322] connect ECONNREFUSED 127.0.0.1:8100
2026-09-29 08:07:47:269 [790e2ec9][XCUITestDriver@b322] Matched '/status' to command name 'getStatus'
2026-09-29 08:07:47:271 [790e2ec9][XCUITestDriver@b322] Proxying [GET /status] to [GET http://127.0.0.1:8100/status] with no body
2026-09-29 08:07:47:302 [790e2ec9][XCUITestDriver@b322] connect ECONNREFUSED 127.0.0.1:8100
2026-09-29 08:07:48:308 [790e2ec9][XCUITestDriver@b322] Matched '/status' to command name 'getStatus'
2026-09-29 08:07:48:309 [790e2ec9][XCUITestDriver@b322] Proxying [GET /status] to [GET http://127.0.0.1:8100/status] with no body
2026-09-29 08:07:48:311 [790e2ec9][XCUITestDriver@b322] connect ECONNREFUSED 127.0.0.1:8100
2026-09-29 08:07:49:315 [790e2ec9][XCUITestDriver@b322] Matched '/status' to command name 'getStatus'
2026-09-29 08:07:49:315 [790e2ec9][XCUITestDriver@b322] Proxying [GET /status] to [GET http://127.0.0.1:8100/status] with no body
2026-09-29 08:07:49:329 [790e2ec9][XCUITestDriver@b322] connect ECONNREFUSED 127.0.0.1:8100
2026-09-29 08:07:50:331 [790e2ec9][XCUITestDriver@b322] Matched '/status' to command name 'getStatus'
2026-09-29 08:07:50:332 [790e2ec9][XCUITestDriver@b322] Proxying [GET /status] to [GET http://127.0.0.1:8100/status] with no body
2026-09-29 08:07:50:374 [790e2ec9][XCUITestDriver@b322] connect ECONNREFUSED 127.0.0.1:8100
2026-09-29 08:07:51:418 [790e2ec9][XCUITestDriver@b322] Matched '/status' to command name 'getStatus'
2026-09-29 08:07:51:419 [790e2ec9][XCUITestDriver@b322] Proxying [GET /status] to [GET http://127.0.0.1:8100/status] with no body
2026-09-29 08:07:51:431 [790e2ec9][XCUITestDriver@b322] connect ECONNREFUSED 127.0.0.1:8100
2026-09-29 08:07:52:103 [790e2ec9][Xcode] 
2026-09-29 08:07:52:104 [790e2ec9][Xcode] CreateBuildDirectory <host-path>/Library/Developer/Xcode/DerivedData/WebDriverAgent-gvnbbobaqwdgeeepwfrffrnyucio/Build/Products
2026-09-29 08:07:52:104 [790e2ec9][Xcode]     cd <host-path>/qualification/compatibility-smoke/harness/node_modules/appium-xcuitest-driver/node_modules/appium-webdriveragent/WebDriverAgent.xcodeproj
2026-09-29 08:07:52:104 [790e2ec9][Xcode]     builtin-create-build-directory <host-path>/Library/Developer/Xcode/DerivedData/WebDriverAgent-gvnbbobaqwdgeeepwfrffrnyucio/Build/Products
2026-09-29 08:07:52:104 [790e2ec9][Xcode] 
2026-09-29 08:07:52:104 [790e2ec9][Xcode] CreateBuildDirectory <host-path>/Library/Developer/Xcode/DerivedData/WebDriverAgent-gvnbbobaqwdgeeepwfrffrnyucio/Build/Intermediates.noindex
2026-09-29 08:07:52:104 [790e2ec9][Xcode]     cd <host-path>/qualification/compatibility-smoke/harness/node_modules/appium-xcuitest-driver/node_modules/appium-webdriveragent/WebDriverAgent.xcodeproj
2026-09-29 08:07:52:105 [790e2ec9][Xcode]     builtin-create-build-directory <host-path>/Library/Developer/Xcode/DerivedData/WebDriverAgent-gvnbbobaqwdgeeepwfrffrnyucio/Build/Intermediates.noindex
2026-09-29 08:07:52:105 [790e2ec9][Xcode] 
2026-09-29 08:07:52:105 [790e2ec9][Xcode] CreateBuildDirectory <host-path>/Library/Developer/Xcode/DerivedData/WebDriverAgent-gvnbbobaqwdgeeepwfrffrnyucio/Build/Products/Debug-iphonesimulator
2026-09-29 08:07:52:105 [790e2ec9][Xcode]     cd <host-path>/qualification/compatibility-smoke/harness/node_modules/appium-xcuitest-driver/node_modules/appium-webdriveragent/WebDriverAgent.xcodeproj
2026-09-29 08:07:52:105 [790e2ec9][Xcode]     builtin-create-build-directory <host-path>/Library/Developer/Xcode/DerivedData/WebDriverAgent-gvnbbobaqwdgeeepwfrffrnyucio/Build/Products/Debug-iphonesimulator
2026-09-29 08:07:52:105 [790e2ec9][Xcode] 
2026-09-29 08:07:52:105 [790e2ec9][Xcode] WriteAuxiliaryFile <host-path>/Library/Developer/Xcode/DerivedData/WebDriverAgent-gvnbbobaqwdgeeepwfrffrnyucio/Build/Intermediates.noindex/WebDriverAgent.build/Debug-iphonesimulator/WebDriverAgent-1c9600adccc55a33b03545a6d8778524-VFS-iphonesimulator/all-product-headers.yaml
2026-09-29 08:07:52:105 [790e2ec9][Xcode]     cd <host-path>/qualification/compatibility-smoke/harness/node_modules/appium-xcuitest-driver/node_modules/appium-webdriveragent/WebDriverAgent.xcodeproj
2026-09-29 08:07:52:105 [790e2ec9][Xcode]     write-file <host-path>/Library/Developer/Xcode/DerivedData/WebDriverAgent-gvnbbobaqwdgeeepwfrffrnyucio/Build/Intermediates.noindex/WebDriverAgent.build/Debug-iphonesimulator/WebDriverAgent-1c9600adccc55a33b03545a6d8778524-VFS-iphonesimulator/all-product-headers.yaml
2026-09-29 08:07:52:105 [790e2ec9][Xcode] 
2026-09-29 08:07:52:105 [790e2ec9][Xcode] CreateBuildDirectory <host-path>/Library/Developer/Xcode/DerivedData/WebDriverAgent-gvnbbobaqwdgeeepwfrffrnyucio/Build/Intermediates.noindex/EagerLinkingTBDs/Debug-iphonesimulator
2026-09-29 08:07:52:105 [790e2ec9][Xcode]     cd <host-path>/qualification/compatibility-smoke/harness/node_modules/appium-xcuitest-driver/node_modules/appium-webdriveragent/WebDriverAgent.xcodeproj
2026-09-29 08:07:52:105 [790e2ec9][Xcode]     builtin-create-build-directory <host-path>/Library/Developer/Xcode/DerivedData/WebDriverAgent-gvnbbobaqwdgeeepwfrffrnyucio/Build/Intermediates.noindex/EagerLinkingTBDs/Debug-iphonesimulator
2026-09-29 08:07:52:105 [790e2ec9][Xcode] 
2026-09-29 08:07:52:105 [790e2ec9][Xcode] WriteAuxiliaryFile <host-path>/Library/Developer/Xcode/DerivedData/WebDriverAgent-gvnbbobaqwdgeeepwfrffrnyucio/Build/Intermediates.noindex/WebDriverAgent.build/Debug-iphonesimulator/WebDriverAgentRunner.build/WebDriverAgentRunner.hmap (in target 'WebDriverAgentRunner' from project 'WebDriverAgent')
2026-09-29 08:07:52:105 [790e2ec9][Xcode]     cd <host-path>/qualification/compatibility-smoke/harness/node_modules/appium-xcuitest-driver/node_modules/appium-webdriveragent
2026-09-29 08:07:52:105 [790e2ec9][Xcode]     write-file <host-path>/Library/Developer/Xcode/DerivedData/WebDriverAgent-gvnbbobaqwdgeeepwfrffrnyucio/Build/Intermediates.noindex/WebDriverAgent.build/Debug-iphonesimulator/WebDriverAgentRunner.build/WebDriverAgentRunner.hmap
2026-09-29 08:07:52:106 [790e2ec9][Xcode] 
2026-09-29 08:07:52:106 [790e2ec9][Xcode] WriteAuxiliaryFile <host-path>/Library/Developer/Xcode/DerivedData/WebDriverAgent-gvnbbobaqwdgeeepwfrffrnyucio/Build/Intermediates.noindex/WebDriverAgent.build/Debug-iphonesimulator/WebDriverAgentRunner.build/WebDriverAgentRunner.DependencyStaticMetadataFileList (in target 'WebDriverAgentRunner' from project 'WebDriverAgent')
2026-09-29 08:07:52:106 [790e2ec9][Xcode]     cd <host-path>/qualification/compatibility-smoke/harness/node_modules/appium-xcuitest-driver/node_modules/appium-webdriveragent
2026-09-29 08:07:52:106 [790e2ec9][Xcode]     write-file <host-path>/Library/Developer/Xcode/DerivedData/WebDriverAgent-gvnbbobaqwdgeeepwfrffrnyucio/Build/Intermediates.noindex/WebDriverAgent.build/Debug-iphonesimulator/WebDriverAgentRunner.build/WebDriverAgentRunner.DependencyStaticMetadataFileList
2026-09-29 08:07:52:106 [790e2ec9][Xcode] 
2026-09-29 08:07:52:106 [790e2ec9][Xcode] WriteAuxiliaryFile <host-path>/Library/Developer/Xcode/DerivedData/WebDriverAgent-gvnbbobaqwdgeeepwfrffrnyucio/Build/Intermediates.noindex/WebDriverAgent.build/Debug-iphonesimulator/WebDriverAgentRunner.build/WebDriverAgentRunner.DependencyMetadataFileList (in target 'WebDriverAgentRunner' from project 'WebDriverAgent')
2026-09-29 08:07:52:106 [790e2ec9][Xcode]     cd <host-path>/qualification/compatibility-smoke/harness/node_modules/appium-xcuitest-driver/node_modules/appium-webdriveragent
2026-09-29 08:07:52:106 [790e2ec9][Xcode]     write-file <host-path>/Library/Developer/Xcode/DerivedData/WebDriverAgent-gvnbbobaqwdgeeepwfrffrnyucio/Build/Intermediates.noindex/WebDriverAgent.build/Debug-iphonesimulator/WebDriverAgentRunner.build/WebDriverAgentRunner.DependencyMetadataFileList
2026-09-29 08:07:52:106 [790e2ec9][Xcode] 
2026-09-29 08:07:52:106 [790e2ec9][Xcode] WriteAuxiliaryFile <host-path>/Library/Developer/Xcode/DerivedData/WebDriverAgent-gvnbbobaqwdgeeepwfrffrnyucio/Build/Intermediates.noindex/WebDriverAgent.build/Debug-iphonesimulator/WebDriverAgentRunner.build/WebDriverAgentRunner-project-headers.hmap (in target 'WebDriverAgentRunner' from project 'WebDriverAgent')
2026-09-29 08:07:52:106 [790e2ec9][Xcode]     cd <host-path>/qualification/compatibility-smoke/harness/node_modules/appium-xcuitest-driver/node_modules/appium-webdriveragent
2026-09-29 08:07:52:106 [790e2ec9][Xcode]     write-file <host-path>/Library/Developer/Xcode/DerivedData/WebDriverAgent-gvnbbobaqwdgeeepwfrffrnyucio/Build/Intermediates.noindex/WebDriverAgent.build/Debug-iphonesimulator/WebDriverAgentRunner.build/WebDriverAgentRunner-project-headers.hmap
2026-09-29 08:07:52:106 [790e2ec9][Xcode] 
2026-09-29 08:07:52:106 [790e2ec9][Xcode] WriteAuxiliaryFile <host-path>/Library/Developer/Xcode/DerivedData/WebDriverAgent-gvnbbobaqwdgeeepwfrffrnyucio/Build/Intermediates.noindex/WebDriverAgent.build/Debug-iphonesimulator/WebDriverAgentRunner.build/WebDriverAgentRunner-own-target-headers.hmap (in target 'WebDriverAgentRunner' from project 'WebDriverAgent')
2026-09-29 08:07:52:106 [790e2ec9][Xcode]     cd <host-path>/qualification/compatibility-smoke/harness/node_modules/appium-xcuitest-driver/node_modules/appium-webdriveragent
2026-09-29 08:07:52:106 [790e2ec9][Xcode]     write-file <host-path>/Library/Developer/Xcode/DerivedData/WebDriverAgent-gvnbbobaqwdgeeepwfrffrnyucio/Build/Intermediates.noindex/WebDriverAgent.build/Debug-iphonesimulator/WebDriverAgentRunner.build/WebDriverAgentRunner-own-target-headers.hmap
2026-09-29 08:07:52:106 [790e2ec9][Xcode] 
2026-09-29 08:07:52:106 [790e2ec9][Xcode] WriteAuxiliaryFile <host-path>/Library/Developer/Xcode/DerivedData/WebDriverAgent-gvnbbobaqwdgeeepwfrffrnyucio/Build/Intermediates.noindex/WebDriverAgent.build/Debug-iphonesimulator/WebDriverAgentRunner.build/WebDriverAgentRunner-generated-files.hmap (in target 'WebDriverAgentRunner' from project 'WebDriverAgent')
2026-09-29 08:07:52:106 [790e2ec9][Xcode]     cd <host-path>/qualification/compatibility-smoke/harness/node_modules/appium-xcuitest-driver/node_modules/appium-webdriveragent
2026-09-29 08:07:52:106 [790e2ec9][Xcode]     write-file <host-path>/Library/Developer/Xcode/DerivedData/WebDriverAgent-gvnbbobaqwdgeeepwfrffrnyucio/Build/Intermediates.noindex/WebDriverAgent.build/Debug-iphonesimulator/WebDriverAgentRunner.build/WebDriverAgentRunner-generated-files.hmap
2026-09-29 08:07:52:106 [790e2ec9][Xcode] 
2026-09-29 08:07:52:106 [790e2ec9][Xcode] WriteAuxiliaryFile <host-path>/Library/Developer/Xcode/DerivedData/WebDriverAgent-gvnbbobaqwdgeeepwfrffrnyucio/Build/Intermediates.noindex/WebDriverAgent.build/Debug-iphonesimulator/WebDriverAgentRunner.build/WebDriverAgentRunner-all-target-headers.hmap (in target 'WebDriverAgentRunner' from project 'WebDriverAgent')
2026-09-29 08:07:52:106 [790e2ec9][Xcode]     cd <host-path>/qualification/compatibility-smoke/harness/node_modules/appium-xcuitest-driver/node_modules/appium-webdriveragent
2026-09-29 08:07:52:106 [790e2ec9][Xcode]     write-file <host-path>/Library/Developer/Xcode/DerivedData/WebDriverAgent-gvnbbobaqwdgeeepwfrffrnyucio/Build/Intermediates.noindex/WebDriverAgent.build/Debug-iphonesimulator/WebDriverAgentRunner.build/WebDriverAgentRunner-all-target-headers.hmap
2026-09-29 08:07:52:106 [790e2ec9][Xcode] 
2026-09-29 08:07:52:107 [790e2ec9][Xcode] WriteAuxiliaryFile <host-path>/Library/Developer/Xcode/DerivedData/WebDriverAgent-gvnbbobaqwdgeeepwfrffrnyucio/Build/Intermediates.noindex/WebDriverAgent.build/Debug-iphonesimulator/WebDriverAgentRunner.build/WebDriverAgentRunner-all-non-framework-target-headers.hmap (in target 'WebDriverAgentRunner' from project 'WebDriverAgent')
2026-09-29 08:07:52:107 [790e2ec9][Xcode]     cd <host-path>/qualification/compatibility-smoke/harness/node_modules/appium-xcuitest-driver/node_modules/appium-webdriveragent
2026-09-29 08:07:52:107 [790e2ec9][Xcode]     write-file <host-path>/Library/Developer/Xcode/DerivedData/WebDriverAgent-gvnbbobaqwdgeeepwfrffrnyucio/Build/Intermediates.noindex/WebDriverAgent.build/Debug-iphonesimulator/WebDriverAgentRunner.build/WebDriverAgentRunner-all-non-framework-target-headers.hmap
2026-09-29 08:07:52:107 [790e2ec9][Xcode] 
2026-09-29 08:07:52:107 [790e2ec9][Xcode] WriteAuxiliaryFile <host-path>/Library/Developer/Xcode/DerivedData/WebDriverAgent-gvnbbobaqwdgeeepwfrffrnyucio/Build/Intermediates.noindex/WebDriverAgent.build/Debug-iphonesimulator/WebDriverAgentRunner.build/ProductTypeInfoPlistAdditions.plist (in target 'WebDriverAgentRunner' from project 'WebDriverAgent')
2026-09-29 08:07:52:107 [790e2ec9][Xcode]     cd <host-path>/qualification/compatibility-smoke/harness/node_modules/appium-xcuitest-driver/node_modules/appium-webdriveragent
2026-09-29 08:07:52:107 [790e2ec9][Xcode]     write-file <host-path>/Library/Developer/Xcode/DerivedData/WebDriverAgent-gvnbbobaqwdgeeepwfrffrnyucio/Build/Intermediates.noindex/WebDriverAgent.build/Debug-iphonesimulator/WebDriverAgentRunner.build/ProductTypeInfoPlistAdditions.plist
2026-09-29 08:07:52:107 [790e2ec9][Xcode] 
2026-09-29 08:07:52:107 [790e2ec9][Xcode] WriteAuxiliaryFile <host-path>/Library/Developer/Xcode/DerivedData/WebDriverAgent-gvnbbobaqwdgeeepwfrffrnyucio/Build/Intermediates.noindex/WebDriverAgent.build/Debug-iphonesimulator/WebDriverAgentRunner.build/Objects-normal/arm64/e6072d4f65d7061329687fe24e3d63a7-common-args.resp (in target 'WebDriverAgentRunner' from project 'WebDriverAgent')
2026-09-29 08:07:52:107 [790e2ec9][Xcode]     cd <host-path>/qualification/compatibility-smoke/harness/node_modules/appium-xcuitest-driver/node_modules/appium-webdriveragent
2026-09-29 08:07:52:107 [790e2ec9][Xcode]     write-file <host-path>/Library/Developer/Xcode/DerivedData/WebDriverAgent-gvnbbobaqwdgeeepwfrffrnyucio/Build/Intermediates.noindex/WebDriverAgent.build/Debug-iphonesimulator/WebDriverAgentRunner.build/Objects-normal/arm64/e6072d4f65d7061329687fe24e3d63a7-common-args.resp
2026-09-29 08:07:52:107 [790e2ec9][Xcode] -target arm64-apple-ios18.5-simulator '-std=gnu99' -fobjc-arc -fmodules -gmodules '-fmodules-cache-path=<host-path>/Library/Developer/Xcode/DerivedData/ModuleCache.noindex' -fpascal-strings -O0 -fno-common -pedantic '-DDEBUG=1' '-DOBJC_OLD_DISPATCH_PROTOTYPES=0' -isysroot /Applications/Xcode_16.4.app/Contents/Developer/Platforms/iPhoneSimulator.platform/Developer/SDKs/iPhoneSimulator18.5.sdk -g '-fobjc-abi-version=2' -fobjc-legacy-dispatch -iquote <host-path>/Library/Developer/Xcode/DerivedData/WebDriverAgent-gvnbbobaqwdgeeepwfrffrnyucio/Build/Intermediates.noindex/WebDriverAgent.build/Debug-iphonesimulator/WebDriverAgentRunner.build/WebDriverAgentRunner-generated-files.hmap -I<host-path>/Library/Developer/Xcode/DerivedData/WebDriverAgent-gvnbbobaqwdgeeepwfrffrnyucio/Build/Intermediates.noindex/WebDriverAgent.build/Debug-iphonesimulator/WebDriverAgentRunner.build/WebDriverAgentRunner-own-target-headers.hmap -I<host-path>/Library/Developer/Xcode/DerivedData/WebDriverAgent-gvnbbobaqwdgeeepwfrffrnyucio/Build/Intermediates.noindex/WebDriverAgent.build/Debug-iphonesimulator/WebDriverAgentRunner.build/WebDriverAgentRunner-all-target-headers.hmap -iquote <host-path>/Library/Developer/Xcode/DerivedData/WebDriverAgent-gvnbbobaqwdgeeepwfrffrnyucio/Build/Intermediates.noindex/WebDriverAgent.build/Debug-iphonesimulator/WebDriverAgentRunner.build/WebDriverAgentRunner-project-headers.hmap -I<host-path>/Library/Developer/Xcode/DerivedData/WebDriverAgent-gvnbbobaqwdgeeepwfrffrnyucio/Build/Products/Debug-iphonesimulator/include -I/Applications/Xcode_16.4.app/Contents/Developer/Platforms/iPhoneSimulator.platform/Developer/SDKs/iPhoneSimulator18.5.sdk/usr/include/libxml2 -I<host-path>/qualification/compatibility-smoke/harness/node_modules/appium-xcuitest-driver/node_modules/appium-webdriveragent/Modules -I<host-path>/Library/Developer/Xcode/DerivedData/WebDriverAgent-gvnbbobaqwdgeeepwfrffrnyucio/Build/Intermediates.noindex/WebDriverAgent.build/Debug-iphonesimulator/WebDriverAgentRunner.build/DerivedSources-normal/arm64 -I<host-path>/Library/Developer/Xcode/DerivedData/WebDriverAgent-gvnbbobaqwdgeeepwfrffrnyucio/Build/Intermediates.noindex/WebDriverAgent.build/Debug-iphonesimulator/WebDriverAgentRunner.build/DerivedSources/arm64 -I<host-path>/Library/Developer/Xcode/DerivedData/WebDriverAgent-gvnbbobaqwdgeeepwfrffrnyucio/Build/Intermediates.noindex/WebDriverAgent.build/Debug-iphonesimulator/WebDriverAgentRunner.build/DerivedSources -Rno-module-build -Rno-module-build -F<host-path>/Library/Developer/Xcode/DerivedData/WebDriverAgent-gvnbbobaqwdgeeepwfrffrnyucio/Build/Products/Debug-iphonesimulator -iframework /Applications/Xcode_16.4.app/Contents/Developer/Platforms/iPhoneSimulator.platform/Developer/Library/Frameworks -iframework /Applications/Xcode_16.4.app/Contents/Developer/Platforms/iPhoneSimulator.platform/Developer/SDKs/iPhoneSimulator18.5.sdk/Developer/Library/Frameworks
2026-09-29 08:07:52:107 [790e2ec9][Xcode] 
2026-09-29 08:07:52:107 [790e2ec9][Xcode] WriteAuxiliaryFile <host-path>/Library/Developer/Xcode/DerivedData/WebDriverAgent-gvnbbobaqwdgeeepwfrffrnyucio/Build/Intermediates.noindex/WebDriverAgent.build/Debug-iphonesimulator/WebDriverAgentRunner.build/Objects-normal/arm64/WebDriverAgentRunner.LinkFileList (in target 'WebDriverAgentRunner' from project 'WebDriverAgent')
2026-09-29 08:07:52:107 [790e2ec9][Xcode]     cd <host-path>/qualification/compatibility-smoke/harness/node_modules/appium-xcuitest-driver/node_modules/appium-webdriveragent
2026-09-29 08:07:52:107 [790e2ec9][Xcode]     write-file <host-path>/Library/Developer/Xcode/DerivedData/WebDriverAgent-gvnbbobaqwdgeeepwfrffrnyucio/Build/Intermediates.noindex/WebDriverAgent.build/Debug-iphonesimulator/WebDriverAgentRunner.build/Objects-normal/arm64/WebDriverAgentRunner.LinkFileList
2026-09-29 08:07:52:107 [790e2ec9][Xcode] 
2026-09-29 08:07:52:107 [790e2ec9][Xcode] WriteAuxiliaryFile <host-path>/Library/Developer/Xcode/DerivedData/WebDriverAgent-gvnbbobaqwdgeeepwfrffrnyucio/Build/Intermediates.noindex/WebDriverAgent.build/Debug-iphonesimulator/WebDriverAgentRunner.build/Objects-normal/arm64/22a6d426986e98cf1a8e0c880c6a22df-common-args.resp (in target 'WebDriverAgentRunner' from project 'WebDriverAgent')
2026-09-29 08:07:52:107 [790e2ec9][Xcode]     cd <host-path>/qualification/compatibility-smoke/harness/node_modules/appium-xcuitest-driver/node_modules/appium-webdriveragent
2026-09-29 08:07:52:107 [790e2ec9][Xcode]     write-file <host-path>/Library/Developer/Xcode/DerivedData/WebDriverAgent-gvnbbobaqwdgeeepwfrffrnyucio/Build/Intermediates.noindex/WebDriverAgent.build/Debug-iphonesimulator/WebDriverAgentRunner.build/Objects-normal/arm64/22a6d426986e98cf1a8e0c880c6a22df-common-args.resp
2026-09-29 08:07:52:107 [790e2ec9][Xcode] -target arm64-apple-ios18.5-simulator '-std=gnu99' -fobjc-arc -fmodules -gmodules '-fmodules-cache-path=<host-path>/Library/Developer/Xcode/DerivedData/ModuleCache.noindex' -fpascal-strings -O0 -fno-common -pedantic '-DDEBUG=1' '-DOBJC_OLD_DISPATCH_PROTOTYPES=0' -isysroot /Applications/Xcode_16.4.app/Contents/Developer/Platforms/iPhoneSimulator.platform/Developer/SDKs/iPhoneSimulator18.5.sdk -g '-fobjc-abi-version=2' -fobjc-legacy-dispatch -D__clang_analyzer__ -Xclang '-analyzer-output=plist-multi-file' -Xclang -analyzer-config -Xclang 'report-in-main-source-file=true' -Xclang -analyzer-checker -Xclang optin.osx.cocoa.localizability.NonLocalizedStringChecker -Xclang -analyzer-checker -Xclang security.insecureAPI.UncheckedReturn -Xclang -analyzer-checker -Xclang security.insecureAPI.getpw -Xclang -analyzer-checker -Xclang security.insecureAPI.gets -Xclang -analyzer-checker -Xclang security.insecureAPI.mkstemp -Xclang -analyzer-checker -Xclang security.insecureAPI.mktemp -Xclang -analyzer-disable-checker -Xclang security.insecureAPI.rand -Xclang -analyzer-disable-checker -Xclang security.insecureAPI.strcpy -Xclang -analyzer-checker -Xclang security.insecureAPI.vfork -iquote <host-path>/Library/Developer/Xcode/DerivedData/WebDriverAgent-gvnbbobaqwdgeeepwfrffrnyucio/Build/Intermediates.noindex/WebDriverAgent.build/Debug-iphonesimulator/WebDriverAgentRunner.build/WebDriverAgentRunner-generated-files.hmap -I<host-path>/Library/Developer/Xcode/DerivedData/WebDriverAgent-gvnbbobaqwdgeeepwfrffrnyucio/Build/Intermediates.noindex/WebDriverAgent.build/Debug-iphonesimulator/WebDriverAgentRunner.build/WebDriverAgentRunner-own-target-headers.hmap -I<host-path>/Library/Developer/Xcode/DerivedData/WebDriverAgent-gvnbbobaqwdgeeepwfrffrnyucio/Build/Intermediates.noindex/WebDriverAgent.build/Debug-iphonesimulator/WebDriverAgentRunner.build/WebDriverAgentRunner-all-target-headers.hmap -iquote <host-path>/Library/Developer/Xcode/DerivedData/WebDriverAgent-gvnbbobaqwdgeeepwfrffrnyucio/Build/Intermediates.noindex/WebDriverAgent.build/Debug-iphonesimulator/WebDriverAgentRunner.build/WebDriverAgentRunner-project-headers.hmap -I<host-path>/Library/Developer/Xcode/DerivedData/WebDriverAgent-gvnbbobaqwdgeeepwfrffrnyucio/Build/Products/Debug-iphonesimulator/include -I/Applications/Xcode_16.4.app/Contents/Developer/Platforms/iPhoneSimulator.platform/Developer/SDKs/iPhoneSimulator18.5.sdk/usr/include/libxml2 -I<host-path>/qualification/compatibility-smoke/harness/node_modules/appium-xcuitest-driver/node_modules/appium-webdriveragent/Modules -I<host-path>/Library/Developer/Xcode/DerivedData/WebDriverAgent-gvnbbobaqwdgeeepwfrffrnyucio/Build/Intermediates.noindex/WebDriverAgent.build/Debug-iphonesimulator/WebDriverAgentRunner.build/DerivedSources-normal/arm64 -I<host-path>/Library/Developer/Xcode/DerivedData/WebDriverAgent-gvnbbobaqwdgeeepwfrffrnyucio/Build/Intermediates.noindex/WebDriverAgent.build/Debug-iphonesimulator/WebDriverAgentRunner.build/DerivedSources/arm64 -I<host-path>/Library/Developer/Xcode/DerivedData/WebDriverAgent-gvnbbobaqwdgeeepwfrffrnyucio/Build/Intermediates.noindex/WebDriverAgent.build/Debug-iphonesimulator/WebDriverAgentRunner.build/DerivedSources -Rno-module-build -Rno-module-build -F<host-path>/Library/Developer/Xcode/DerivedData/WebDriverAgent-gvnbbobaqwdgeeepwfrffrnyucio/Build/Products/Debug-iphonesimulator -iframework /Applications/Xcode_16.4.app/Contents/Developer/Platforms/iPhoneSimulator.platform/Developer/Library/Frameworks -iframework /Applications/Xcode_16.4.app/Contents/Developer/Platforms/iPhoneSimulator.platform/Developer/SDKs/iPhoneSimulator18.5.sdk/Developer/Library/Frameworks
2026-09-29 08:07:52:107 [790e2ec9][Xcode] 
2026-09-29 08:07:52:107 [790e2ec9][Xcode] WriteAuxiliaryFile <host-path>/Library/Developer/Xcode/DerivedData/WebDriverAgent-gvnbbobaqwdgeeepwfrffrnyucio/Build/Intermediates.noindex/WebDriverAgent.build/Debug-iphonesimulator/WebDriverAgentRunner.build/DerivedSources/Entitlements-Simulated.plist (in target 'WebDriverAgentRunner' from project 'WebDriverAgent')
2026-09-29 08:07:52:107 [790e2ec9][Xcode]     cd <host-path>/qualification/compatibility-smoke/harness/node_modules/appium-xcuitest-driver/node_modules/appium-webdriveragent
2026-09-29 08:07:52:111 [790e2ec9][Xcode]     write-file <host-path>/Library/Developer/Xcode/DerivedData/WebDriverAgent-gvnbbobaqwdgeeepwfrffrnyucio/Build/Intermediates.noindex/WebDriverAgent.build/Debug-iphonesimulator/WebDriverAgentRunner.build/DerivedSources/Entitlements-Simulated.plist
2026-09-29 08:07:52:111 [790e2ec9][Xcode] 
2026-09-29 08:07:52:111 [790e2ec9][Xcode] WriteAuxiliaryFile <host-path>/Library/Developer/Xcode/DerivedData/WebDriverAgent-gvnbbobaqwdgeeepwfrffrnyucio/Build/Intermediates.noindex/WebDriverAgent.build/Debug-iphonesimulator/WebDriverAgentLib.build/WebDriverAgentLib.hmap (in target 'WebDriverAgentLib' from project 'WebDriverAgent')
2026-09-29 08:07:52:111 [790e2ec9][Xcode]     cd <host-path>/qualification/compatibility-smoke/harness/node_modules/appium-xcuitest-driver/node_modules/appium-webdriveragent
2026-09-29 08:07:52:111 [790e2ec9][Xcode]     write-file <host-path>/Library/Developer/Xcode/DerivedData/WebDriverAgent-gvnbbobaqwdgeeepwfrffrnyucio/Build/Intermediates.noindex/WebDriverAgent.build/Debug-iphonesimulator/WebDriverAgentLib.build/WebDriverAgentLib.hmap
2026-09-29 08:07:52:111 [790e2ec9][Xcode] 
2026-09-29 08:07:52:111 [790e2ec9][Xcode] WriteAuxiliaryFile <host-path>/Library/Developer/Xcode/DerivedData/WebDriverAgent-gvnbbobaqwdgeeepwfrffrnyucio/Build/Intermediates.noindex/WebDriverAgent.build/Debug-iphonesimulator/WebDriverAgentLib.build/WebDriverAgentLib.DependencyStaticMetadataFileList (in target 'WebDriverAgentLib' from project 'WebDriverAgent')
2026-09-29 08:07:52:112 [790e2ec9][Xcode]     cd <host-path>/qualification/compatibility-smoke/harness/node_modules/appium-xcuitest-driver/node_modules/appium-webdriveragent
2026-09-29 08:07:52:112 [790e2ec9][Xcode]     write-file <host-path>/Library/Developer/Xcode/DerivedData/WebDriverAgent-gvnbbobaqwdgeeepwfrffrnyucio/Build/Intermediates.noindex/WebDriverAgent.build/Debug-iphonesimulator/WebDriverAgentLib.build/WebDriverAgentLib.DependencyStaticMetadataFileList
2026-09-29 08:07:52:120 [790e2ec9][Xcode] 
2026-09-29 08:07:52:122 [790e2ec9][Xcode] WriteAuxiliaryFile <host-path>/Library/Developer/Xcode/DerivedData/WebDriverAgent-gvnbbobaqwdgeeepwfrffrnyucio/Build/Intermediates.noindex/WebDriverAgent.build/Debug-iphonesimulator/WebDriverAgentLib.build/WebDriverAgentLib.DependencyMetadataFileList (in target 'WebDriverAgentLib' from project 'WebDriverAgent')
2026-09-29 08:07:52:123 [790e2ec9][Xcode]     cd <host-path>/qualification/compatibility-smoke/harness/node_modules/appium-xcuitest-driver/node_modules/appium-webdriveragent
2026-09-29 08:07:52:123 [790e2ec9][Xcode]     write-file <host-path>/Library/Developer/Xcode/DerivedData/WebDriverAgent-gvnbbobaqwdgeeepwfrffrnyucio/Build/Intermediates.noindex/WebDriverAgent.build/Debug-iphonesimulator/WebDriverAgentLib.build/WebDriverAgentLib.DependencyMetadataFileList
2026-09-29 08:07:52:123 [790e2ec9][Xcode] 
2026-09-29 08:07:52:124 [790e2ec9][Xcode] WriteAuxiliaryFile <host-path>/Library/Developer/Xcode/DerivedData/WebDriverAgent-gvnbbobaqwdgeeepwfrffrnyucio/Build/Intermediates.noindex/WebDriverAgent.build/Debug-iphonesimulator/WebDriverAgentLib.build/WebDriverAgentLib-project-headers.hmap (in target 'WebDriverAgentLib' from project 'WebDriverAgent')
2026-09-29 08:07:52:126 [790e2ec9][Xcode]     cd <host-path>/qualification/compatibility-smoke/harness/node_modules/appium-xcuitest-driver/node_modules/appium-webdriveragent
2026-09-29 08:07:52:126 [790e2ec9][Xcode]     write-file <host-path>/Library/Developer/Xcode/DerivedData/WebDriverAgent-gvnbbobaqwdgeeepwfrffrnyucio/Build/Intermediates.noindex/WebDriverAgent.build/Debug-iphonesimulator/WebDriverAgentLib.build/WebDriverAgentLib-project-headers.hmap
2026-09-29 08:07:52:126 [790e2ec9][Xcode] 
2026-09-29 08:07:52:126 [790e2ec9][Xcode] WriteAuxiliaryFile <host-path>/Library/Developer/Xcode/DerivedData/WebDriverAgent-gvnbbobaqwdgeeepwfrffrnyucio/Build/Intermediates.noindex/WebDriverAgent.build/Debug-iphonesimulator/WebDriverAgentLib.build/WebDriverAgentLib-own-target-headers.hmap (in target 'WebDriverAgentLib' from project 'WebDriverAgent')
2026-09-29 08:07:52:126 [790e2ec9][Xcode]     cd <host-path>/qualification/compatibility-smoke/harness/node_modules/appium-xcuitest-driver/node_modules/appium-webdriveragent
2026-09-29 08:07:52:126 [790e2ec9][Xcode]     write-file <host-path>/Library/Developer/Xcode/DerivedData/WebDriverAgent-gvnbbobaqwdgeeepwfrffrnyucio/Build/Intermediates.noindex/WebDriverAgent.build/Debug-iphonesimulator/WebDriverAgentLib.build/WebDriverAgentLib-own-target-headers.hmap
2026-09-29 08:07:52:126 [790e2ec9][Xcode] 
2026-09-29 08:07:52:126 [790e2ec9][Xcode] WriteAuxiliaryFile <host-path>/Library/Developer/Xcode/DerivedData/WebDriverAgent-gvnbbobaqwdgeeepwfrffrnyucio/Build/Intermediates.noindex/WebDriverAgent.build/Debug-iphonesimulator/WebDriverAgentLib.build/WebDriverAgentLib-generated-files.hmap (in target 'WebDriverAgentLib' from project 'WebDriverAgent')
2026-09-29 08:07:52:126 [790e2ec9][Xcode]     cd <host-path>/qualification/compatibility-smoke/harness/node_modules/appium-xcuitest-driver/node_modules/appium-webdriveragent
2026-09-29 08:07:52:126 [790e2ec9][Xcode]     write-file <host-path>/Library/Developer/Xcode/DerivedData/WebDriverAgent-gvnbbobaqwdgeeepwfrffrnyucio/Build/Intermediates.noindex/WebDriverAgent.build/Debug-iphonesimulator/WebDriverAgentLib.build/WebDriverAgentLib-generated-files.hmap
2026-09-29 08:07:52:126 [790e2ec9][Xcode] 
2026-09-29 08:07:52:126 [790e2ec9][Xcode] WriteAuxiliaryFile <host-path>/Library/Developer/Xcode/DerivedData/WebDriverAgent-gvnbbobaqwdgeeepwfrffrnyucio/Build/Intermediates.noindex/WebDriverAgent.build/Debug-iphonesimulator/WebDriverAgentLib.build/WebDriverAgentLib-all-target-headers.hmap (in target 'WebDriverAgentLib' from project 'WebDriverAgent')
2026-09-29 08:07:52:126 [790e2ec9][Xcode]     cd <host-path>/qualification/compatibility-smoke/harness/node_modules/appium-xcuitest-driver/node_modules/appium-webdriveragent
2026-09-29 08:07:52:127 [790e2ec9][Xcode]     write-file <host-path>/Library/Developer/Xcode/DerivedData/WebDriverAgent-gvnbbobaqwdgeeepwfrffrnyucio/Build/Intermediates.noindex/WebDriverAgent.build/Debug-iphonesimulator/WebDriverAgentLib.build/WebDriverAgentLib-all-target-headers.hmap
2026-09-29 08:07:52:127 [790e2ec9][Xcode] 
2026-09-29 08:07:52:127 [790e2ec9][Xcode] WriteAuxiliaryFile <host-path>/Library/Developer/Xcode/DerivedData/WebDriverAgent-gvnbbobaqwdgeeepwfrffrnyucio/Build/Intermediates.noindex/WebDriverAgent.build/Debug-iphonesimulator/WebDriverAgentLib.build/WebDriverAgentLib-all-non-framework-target-headers.hmap (in target 'WebDriverAgentLib' from project 'WebDriverAgent')
2026-09-29 08:07:52:127 [790e2ec9][Xcode]     cd <host-path>/qualification/compatibility-smoke/harness/node_modules/appium-xcuitest-driver/node_modules/appium-webdriveragent
2026-09-29 08:07:52:127 [790e2ec9][Xcode]     write-file <host-path>/Library/Developer/Xcode/DerivedData/WebDriverAgent-gvnbbobaqwdgeeepwfrffrnyucio/Build/Intermediates.noindex/WebDriverAgent.build/Debug-iphonesimulator/WebDriverAgentLib.build/WebDriverAgentLib-all-non-framework-target-headers.hmap
2026-09-29 08:07:52:127 [790e2ec9][Xcode] 
2026-09-29 08:07:52:127 [790e2ec9][Xcode] WriteAuxiliaryFile <host-path>/Library/Developer/Xcode/DerivedData/WebDriverAgent-gvnbbobaqwdgeeepwfrffrnyucio/Build/Intermediates.noindex/WebDriverAgent.build/Debug-iphonesimulator/WebDriverAgentLib.build/Objects-normal/arm64/e6072d4f65d7061329687fe24e3d63a7-common-args.resp (in target 'WebDriverAgentLib' from project 'WebDriverAgent')
2026-09-29 08:07:52:127 [790e2ec9][Xcode]     cd <host-path>/qualification/compatibility-smoke/harness/node_modules/appium-xcuitest-driver/node_modules/appium-webdriveragent
2026-09-29 08:07:52:127 [790e2ec9][Xcode]     write-file <host-path>/Library/Developer/Xcode/DerivedData/WebDriverAgent-gvnbbobaqwdgeeepwfrffrnyucio/Build/Intermediates.noindex/WebDriverAgent.build/Debug-iphonesimulator/WebDriverAgentLib.build/Objects-normal/arm64/e6072d4f65d7061329687fe24e3d63a7-common-args.resp
2026-09-29 08:07:52:127 [790e2ec9][Xcode] -target arm64-apple-ios18.5-simulator '-std=gnu99' -fobjc-arc -fmodules -gmodules '-fmodules-cache-path=<host-path>/Library/Developer/Xcode/DerivedData/ModuleCache.noindex' -fpascal-strings -O0 -fno-common -pedantic '-DDEBUG=1' '-DOBJC_OLD_DISPATCH_PROTOTYPES=0' -isysroot /Applications/Xcode_16.4.app/Contents/Developer/Platforms/iPhoneSimulator.platform/Developer/SDKs/iPhoneSimulator18.5.sdk -g '-fobjc-abi-version=2' -fobjc-legacy-dispatch -iquote <host-path>/Library/Developer/Xcode/DerivedData/WebDriverAgent-gvnbbobaqwdgeeepwfrffrnyucio/Build/Intermediates.noindex/WebDriverAgent.build/Debug-iphonesimulator/WebDriverAgentLib.build/WebDriverAgentLib-generated-files.hmap -I<host-path>/Library/Developer/Xcode/DerivedData/WebDriverAgent-gvnbbobaqwdgeeepwfrffrnyucio/Build/Intermediates.noindex/WebDriverAgent.build/Debug-iphonesimulator/WebDriverAgentLib.build/WebDriverAgentLib-own-target-headers.hmap -I<host-path>/Library/Developer/Xcode/DerivedData/WebDriverAgent-gvnbbobaqwdgeeepwfrffrnyucio/Build/Intermediates.noindex/WebDriverAgent.build/Debug-iphonesimulator/WebDriverAgentLib.build/WebDriverAgentLib-all-target-headers.hmap -iquote <host-path>/Library/Developer/Xcode/DerivedData/WebDriverAgent-gvnbbobaqwdgeeepwfrffrnyucio/Build/Intermediates.noindex/WebDriverAgent.build/Debug-iphonesimulator/WebDriverAgentLib.build/WebDriverAgentLib-project-headers.hmap -I<host-path>/Library/Developer/Xcode/DerivedData/WebDriverAgent-gvnbbobaqwdgeeepwfrffrnyucio/Build/Products/Debug-iphonesimulator/include -I/Applications/Xcode_16.4.app/Contents/Developer/Platforms/iPhoneSimulator.platform/Developer/SDKs/iPhoneSimulator18.5.sdk/usr/include/libxml2 -I<host-path>/qualification/compatibility-smoke/harness/node_modules/appium-xcuitest-driver/node_modules/appium-webdriveragent/Modules -I<host-path>/Library/Developer/Xcode/DerivedData/WebDriverAgent-gvnbbobaqwdgeeepwfrffrnyucio/Build/Intermediates.noindex/WebDriverAgent.build/Debug-iphonesimulator/WebDriverAgentLib.build/DerivedSources-normal/arm64 -I<host-path>/Library/Developer/Xcode/DerivedData/WebDriverAgent-gvnbbobaqwdgeeepwfrffrnyucio/Build/Intermediates.noindex/WebDriverAgent.build/Debug-iphonesimulator/WebDriverAgentLib.build/DerivedSources/arm64 -I<host-path>/Library/Developer/Xcode/DerivedData/WebDriverAgent-gvnbbobaqwdgeeepwfrffrnyucio/Build/Intermediates.noindex/WebDriverAgent.build/Debug-iphonesimulator/WebDriverAgentLib.build/DerivedSources -Rno-module-build -Rno-module-build -F<host-path>/Library/Developer/Xcode/DerivedData/WebDriverAgent-gvnbbobaqwdgeeepwfrffrnyucio/Build/Products/Debug-iphonesimulator -F/Applications/Xcode_16.4.app/Contents/Developer/Platforms/iPhoneSimulator.platform/Developer/Library/Frameworks -F/Applications/Xcode_16.4.app/Contents/Developer/Platforms/iPhoneSimulator.platform/Developer/Library/PrivateFrameworks -iframework /Applications/Xcode_16.4.app/Contents/Developer/Platforms/iPhoneSimulator.platform/Developer/SDKs/iPhoneSimulator18.5.sdk/Developer/Library/Frameworks
2026-09-29 08:07:52:127 [790e2ec9][Xcode] 
2026-09-29 08:07:52:127 [790e2ec9][Xcode] WriteAuxiliaryFile <host-path>/Library/Developer/Xcode/DerivedData/WebDriverAgent-gvnbbobaqwdgeeepwfrffrnyucio/Build/Intermediates.noindex/WebDriverAgent.build/Debug-iphonesimulator/WebDriverAgentLib.build/Objects-normal/arm64/ddf835f7f9e85e15c1a9a9eaf9b78cba-common-args.resp (in target 'WebDriverAgentLib' from project 'WebDriverAgent')
2026-09-29 08:07:52:127 [790e2ec9][Xcode]     cd <host-path>/qualification/compatibility-smoke/harness/node_modules/appium-xcuitest-driver/node_modules/appium-webdriveragent
2026-09-29 08:07:52:127 [790e2ec9][Xcode]     write-file <host-path>/Library/Developer/Xcode/DerivedData/WebDriverAgent-gvnbbobaqwdgeeepwfrffrnyucio/Build/Intermediates.noindex/WebDriverAgent.build/Debug-iphonesimulator/WebDriverAgentLib.build/Objects-normal/arm64/ddf835f7f9e85e15c1a9a9eaf9b78cba-common-args.resp
2026-09-29 08:07:52:131 [790e2ec9][Xcode] -target arm64-apple-ios18.5-simulator '-std=gnu99' -fmodules -gmodules '-fmodules-cache-path=<host-path>/Library/Developer/Xcode/DerivedData/ModuleCache.noindex' -fpascal-strings -O0 -fno-common -pedantic '-DDEBUG=1' -isysroot /Applications/Xcode_16.4.app/Contents/Developer/Platforms/iPhoneSimulator.platform/Developer/SDKs/iPhoneSimulator18.5.sdk -g -D__clang_analyzer__ -Xclang '-analyzer-output=plist-multi-file' -Xclang -analyzer-config -Xclang 'report-in-main-source-file=true' -Xclang -analyzer-checker -Xclang optin.osx.cocoa.localizability.NonLocalizedStringChecker -Xclang -analyzer-checker -Xclang security.insecureAPI.UncheckedReturn -Xclang -analyzer-checker -Xclang security.insecureAPI.getpw -Xclang -analyzer-checker -Xclang security.insecureAPI.gets -Xclang -analyzer-checker -Xclang security.insecureAPI.mkstemp -Xclang -analyzer-checker -Xclang security.insecureAPI.mktemp -Xclang -analyzer-disable-checker -Xclang security.insecureAPI.rand -Xclang -analyzer-disable-checker -Xclang security.insecureAPI.strcpy -Xclang -analyzer-checker -Xclang security.insecureAPI.vfork -iquote <host-path>/Library/Developer/Xcode/DerivedData/WebDriverAgent-gvnbbobaqwdgeeepwfrffrnyucio/Build/Intermediates.noindex/WebDriverAgent.build/Debug-iphonesimulator/WebDriverAgentLib.build/WebDriverAgentLib-generated-files.hmap -I<host-path>/Library/Developer/Xcode/DerivedData/WebDriverAgent-gvnbbobaqwdgeeepwfrffrnyucio/Build/Intermediates.noindex/WebDriverAgent.build/Debug-iphonesimulator/WebDriverAgentLib.build/WebDriverAgentLib-own-target-headers.hmap -I<host-path>/Library/Developer/Xcode/DerivedData/WebDriverAgent-gvnbbobaqwdgeeepwfrffrnyucio/Build/Intermediates.noindex/WebDriverAgent.build/Debug-iphonesimulator/WebDriverAgentLib.build/WebDriverAgentLib-all-target-headers.hmap -iquote <host-path>/Library/Developer/Xcode/DerivedData/WebDriverAgent-gvnbbobaqwdgeeepwfrffrnyucio/Build/Intermediates.noindex/WebDriverAgent.build/Debug-iphonesimulator/WebDriverAgentLib.build/WebDriverAgentLib-project-headers.hmap -I<host-path>/Library/Developer/Xcode/DerivedData/WebDriverAgent-gvnbbobaqwdgeeepwfrffrnyucio/Build/Products/Debug-iphonesimulator/include -I/Applications/Xcode_16.4.app/Contents/Developer/Platforms/iPhoneSimulator.platform/Developer/SDKs/iPhoneSimulator18.5.sdk/usr/include/libxml2 -I<host-path>/qualification/compatibility-smoke/harness/node_modules/appium-xcuitest-driver/node_modules/appium-webdriveragent/Modules -I<host-path>/Library/Developer/Xcode/DerivedData/WebDriverAgent-gvnbbobaqwdgeeepwfrffrnyucio/Build/Intermediates.noindex/WebDriverAgent.build/Debug-iphonesimulator/WebDriverAgentLib.build/DerivedSources-normal/arm64 -I<host-path>/Library/Developer/Xcode/DerivedData/WebDriverAgent-gvnbbobaqwdgeeepwfrffrnyucio/Build/Intermediates.noindex/WebDriverAgent.build/Debug-iphonesimulator/WebDriverAgentLib.build/DerivedSources/arm64 -I<host-path>/Library/Developer/Xcode/DerivedData/WebDriverAgent-gvnbbobaqwdgeeepwfrffrnyucio/Build/Intermediates.noindex/WebDriverAgent.build/Debug-iphonesimulator/WebDriverAgentLib.build/DerivedSources -Rno-module-build -Rno-module-build -F<host-path>/Library/Developer/Xcode/DerivedData/WebDriverAgent-gvnbbobaqwdgeeepwfrffrnyucio/Build/Products/Debug-iphonesimulator -F/Applications/Xcode_16.4.app/Contents/Developer/Platforms/iPhoneSimulator.platform/Developer/Library/Frameworks -F/Applications/Xcode_16.4.app/Contents/Developer/Platforms/iPhoneSimulator.platform/Developer/Library/PrivateFrameworks -iframework /Applications/Xcode_16.4.app/Contents/Developer/Platforms/iPhoneSimulator.platform/Developer/SDKs/iPhoneSimulator18.5.sdk/Developer/Library/Frameworks
2026-09-29 08:07:52:134 [790e2ec9][Xcode] 
2026-09-29 08:07:52:134 [790e2ec9][Xcode] WriteAuxiliaryFile <host-path>/Library/Developer/Xcode/DerivedData/WebDriverAgent-gvnbbobaqwdgeeepwfrffrnyucio/Build/Intermediates.noindex/WebDriverAgent.build/Debug-iphonesimulator/WebDriverAgentLib.build/Objects-normal/arm64/WebDriverAgentLib.LinkFileList (in target 'WebDriverAgentLib' from project 'WebDriverAgent')
2026-09-29 08:07:52:134 [790e2ec9][Xcode]     cd <host-path>/qualification/compatibility-smoke/harness/node_modules/appium-xcuitest-driver/node_modules/appium-webdriveragent
2026-09-29 08:07:52:135 [790e2ec9][Xcode]     write-file <host-path>/Library/Developer/Xcode/DerivedData/WebDriverAgent-gvnbbobaqwdgeeepwfrffrnyucio/Build/Intermediates.noindex/WebDriverAgent.build/Debug-iphonesimulator/WebDriverAgentLib.build/Objects-normal/arm64/WebDriverAgentLib.LinkFileList
2026-09-29 08:07:52:135 [790e2ec9][Xcode] 
2026-09-29 08:07:52:135 [790e2ec9][Xcode] WriteAuxiliaryFile <host-path>/Library/Developer/Xcode/DerivedData/WebDriverAgent-gvnbbobaqwdgeeepwfrffrnyucio/Build/Intermediates.noindex/WebDriverAgent.build/Debug-iphonesimulator/WebDriverAgentLib.build/Objects-normal/arm64/7187679823f38a2a940e0043cdf9d637-common-args.resp (in target 'WebDriverAgentLib' from project 'WebDriverAgent')
2026-09-29 08:07:52:135 [790e2ec9][Xcode]     cd <host-path>/qualification/compatibility-smoke/harness/node_modules/appium-xcuitest-driver/node_modules/appium-webdriveragent
2026-09-29 08:07:52:135 [790e2ec9][Xcode]     write-file <host-path>/Library/Developer/Xcode/DerivedData/WebDriverAgent-gvnbbobaqwdgeeepwfrffrnyucio/Build/Intermediates.noindex/WebDriverAgent.build/Debug-iphonesimulator/WebDriverAgentLib.build/Objects-normal/arm64/7187679823f38a2a940e0043cdf9d637-common-args.resp
2026-09-29 08:07:52:135 [790e2ec9][Xcode] -target arm64-apple-ios18.5-simulator '-std=gnu99' -fmodules -gmodules '-fmodules-cache-path=<host-path>/Library/Developer/Xcode/DerivedData/ModuleCache.noindex' -fpascal-strings -O0 -fno-common -pedantic '-DDEBUG=1' -isysroot /Applications/Xcode_16.4.app/Contents/Developer/Platforms/iPhoneSimulator.platform/Developer/SDKs/iPhoneSimulator18.5.sdk -g -iquote <host-path>/Library/Developer/Xcode/DerivedData/WebDriverAgent-gvnbbobaqwdgeeepwfrffrnyucio/Build/Intermediates.noindex/WebDriverAgent.build/Debug-iphonesimulator/WebDriverAgentLib.build/WebDriverAgentLib-generated-files.hmap -I<host-path>/Library/Developer/Xcode/DerivedData/WebDriverAgent-gvnbbobaqwdgeeepwfrffrnyucio/Build/Intermediates.noindex/WebDriverAgent.build/Debug-iphonesimulator/WebDriverAgentLib.build/WebDriverAgentLib-own-target-headers.hmap -I<host-path>/Library/Developer/Xcode/DerivedData/WebDriverAgent-gvnbbobaqwdgeeepwfrffrnyucio/Build/Intermediates.noindex/WebDriverAgent.build/Debug-iphonesimulator/WebDriverAgentLib.build/WebDriverAgentLib-all-target-headers.hmap -iquote <host-path>/Library/Developer/Xcode/DerivedData/WebDriverAgent-gvnbbobaqwdgeeepwfrffrnyucio/Build/Intermediates.noindex/WebDriverAgent.build/Debug-iphonesimulator/WebDriverAgentLib.build/WebDriverAgentLib-project-headers.hmap -I<host-path>/Library/Developer/Xcode/DerivedData/WebDriverAgent-gvnbbobaqwdgeeepwfrffrnyucio/Build/Products/Debug-iphonesimulator/include -I/Applications/Xcode_16.4.app/Contents/Developer/Platforms/iPhoneSimulator.platform/Developer/SDKs/iPhoneSimulator18.5.sdk/usr/include/libxml2 -I<host-path>/qualification/compatibility-smoke/harness/node_modules/appium-xcuitest-driver/node_modules/appium-webdriveragent/Modules -I<host-path>/Library/Developer/Xcode/DerivedData/WebDriverAgent-gvnbbobaqwdgeeepwfrffrnyucio/Build/Intermediates.noindex/WebDriverAgent.build/Debug-iphonesimulator/WebDriverAgentLib.build/DerivedSources-normal/arm64 -I<host-path>/Library/Developer/Xcode/DerivedData/WebDriverAgent-gvnbbobaqwdgeeepwfrffrnyucio/Build/Intermediates.noindex/WebDriverAgent.build/Debug-iphonesimulator/WebDriverAgentLib.build/DerivedSources/arm64 -I<host-path>/Library/Developer/Xcode/DerivedData/WebDriverAgent-gvnbbobaqwdgeeepwfrffrnyucio/Build/Intermediates.noindex/WebDriverAgent.build/Debug-iphonesimulator/WebDriverAgentLib.build/DerivedSources -Rno-module-build -Rno-module-build -F<host-path>/Library/Developer/Xcode/DerivedData/WebDriverAgent-gvnbbobaqwdgeeepwfrffrnyucio/Build/Products/Debug-iphonesimulator -F/Applications/Xcode_16.4.app/Contents/Developer/Platforms/iPhoneSimulator.platform/Developer/Library/Frameworks -F/Applications/Xcode_16.4.app/Contents/Developer/Platforms/iPhoneSimulator.platform/Developer/Library/PrivateFrameworks -iframework /Applications/Xcode_16.4.app/Contents/Developer/Platforms/iPhoneSimulator.platform/Developer/SDKs/iPhoneSimulator18.5.sdk/Developer/Library/Frameworks
2026-09-29 08:07:52:135 [790e2ec9][Xcode] 
2026-09-29 08:07:52:135 [790e2ec9][Xcode] WriteAuxiliaryFile <host-path>/Library/Developer/Xcode/DerivedData/WebDriverAgent-gvnbbobaqwdgeeepwfrffrnyucio/Build/Intermediates.noindex/WebDriverAgent.build/Debug-iphonesimulator/WebDriverAgentLib.build/Objects-normal/arm64/22a6d426986e98cf1a8e0c880c6a22df-common-args.resp (in target 'WebDriverAgentLib' from project 'WebDriverAgent')
2026-09-29 08:07:52:135 [790e2ec9][Xcode]     cd <host-path>/qualification/compatibility-smoke/harness/node_modules/appium-xcuitest-driver/node_modules/appium-webdriveragent
2026-09-29 08:07:52:135 [790e2ec9][Xcode]     write-file <host-path>/Library/Developer/Xcode/DerivedData/WebDriverAgent-gvnbbobaqwdgeeepwfrffrnyucio/Build/Intermediates.noindex/WebDriverAgent.build/Debug-iphonesimulator/WebDriverAgentLib.build/Objects-normal/arm64/22a6d426986e98cf1a8e0c880c6a22df-common-args.resp
2026-09-29 08:07:52:135 [790e2ec9][Xcode] -target arm64-apple-ios18.5-simulator '-std=gnu99' -fobjc-arc -fmodules -gmodules '-fmodules-cache-path=<host-path>/Library/Developer/Xcode/DerivedData/ModuleCache.noindex' -fpascal-strings -O0 -fno-common -pedantic '-DDEBUG=1' '-DOBJC_OLD_DISPATCH_PROTOTYPES=0' -isysroot /Applications/Xcode_16.4.app/Contents/Developer/Platforms/iPhoneSimulator.platform/Developer/SDKs/iPhoneSimulator18.5.sdk -g '-fobjc-abi-version=2' -fobjc-legacy-dispatch -D__clang_analyzer__ -Xclang '-analyzer-output=plist-multi-file' -Xclang -analyzer-config -Xclang 'report-in-main-source-file=true' -Xclang -analyzer-checker -Xclang optin.osx.cocoa.localizability.NonLocalizedStringChecker -Xclang -analyzer-checker -Xclang security.insecureAPI.UncheckedReturn -Xclang -analyzer-checker -Xclang security.insecureAPI.getpw -Xclang -analyzer-checker -Xclang security.insecureAPI.gets -Xclang -analyzer-checker -Xclang security.insecureAPI.mkstemp -Xclang -analyzer-checker -Xclang security.insecureAPI.mktemp -Xclang -analyzer-disable-checker -Xclang security.insecureAPI.rand -Xclang -analyzer-disable-checker -Xclang security.insecureAPI.strcpy -Xclang -analyzer-checker -Xclang security.insecureAPI.vfork -iquote <host-path>/Library/Developer/Xcode/DerivedData/WebDriverAgent-gvnbbobaqwdgeeepwfrffrnyucio/Build/Intermediates.noindex/WebDriverAgent.build/Debug-iphonesimulator/WebDriverAgentLib.build/WebDriverAgentLib-generated-files.hmap -I<host-path>/Library/Developer/Xcode/DerivedData/WebDriverAgent-gvnbbobaqwdgeeepwfrffrnyucio/Build/Intermediates.noindex/WebDriverAgent.build/Debug-iphonesimulator/WebDriverAgentLib.build/WebDriverAgentLib-own-target-headers.hmap -I<host-path>/Library/Developer/Xcode/DerivedData/WebDriverAgent-gvnbbobaqwdgeeepwfrffrnyucio/Build/Intermediates.noindex/WebDriverAgent.build/Debug-iphonesimulator/WebDriverAgentLib.build/WebDriverAgentLib-all-target-headers.hmap -iquote <host-path>/Library/Developer/Xcode/DerivedData/WebDriverAgent-gvnbbobaqwdgeeepwfrffrnyucio/Build/Intermediates.noindex/WebDriverAgent.build/Debug-iphonesimulator/WebDriverAgentLib.build/WebDriverAgentLib-project-headers.hmap -I<host-path>/Library/Developer/Xcode/DerivedData/WebDriverAgent-gvnbbobaqwdgeeepwfrffrnyucio/Build/Products/Debug-iphonesimulator/include -I/Applications/Xcode_16.4.app/Contents/Developer/Platforms/iPhoneSimulator.platform/Developer/SDKs/iPhoneSimulator18.5.sdk/usr/include/libxml2 -I<host-path>/qualification/compatibility-smoke/harness/node_modules/appium-xcuitest-driver/node_modules/appium-webdriveragent/Modules -I<host-path>/Library/Developer/Xcode/DerivedData/WebDriverAgent-gvnbbobaqwdgeeepwfrffrnyucio/Build/Intermediates.noindex/WebDriverAgent.build/Debug-iphonesimulator/WebDriverAgentLib.build/DerivedSources-normal/arm64 -I<host-path>/Library/Developer/Xcode/DerivedData/WebDriverAgent-gvnbbobaqwdgeeepwfrffrnyucio/Build/Intermediates.noindex/WebDriverAgent.build/Debug-iphonesimulator/WebDriverAgentLib.build/DerivedSources/arm64 -I<host-path>/Library/Developer/Xcode/DerivedData/WebDriverAgent-gvnbbobaqwdgeeepwfrffrnyucio/Build/Intermediates.noindex/WebDriverAgent.build/Debug-iphonesimulator/WebDriverAgentLib.build/DerivedSources -Rno-module-build -Rno-module-build -F<host-path>/Library/Developer/Xcode/DerivedData/WebDriverAgent-gvnbbobaqwdgeeepwfrffrnyucio/Build/Products/Debug-iphonesimulator -F/Applications/Xcode_16.4.app/Contents/Developer/Platforms/iPhoneSimulator.platform/Developer/Library/Frameworks -F/Applications/Xcode_16.4.app/Contents/Developer/Platforms/iPhoneSimulator.platform/Developer/Library/PrivateFrameworks -iframework /Applications/Xcode_16.4.app/Contents/Developer/Platforms/iPhoneSimulator.platform/Developer/SDKs/iPhoneSimulator18.5.sdk/Developer/Library/Frameworks
2026-09-29 08:07:52:135 [790e2ec9][Xcode] 
2026-09-29 08:07:52:136 [790e2ec9][Xcode] WriteAuxiliaryFile <host-path>/Library/Developer/Xcode/DerivedData/WebDriverAgent-gvnbbobaqwdgeeepwfrffrnyucio/Build/Intermediates.noindex/WebDriverAgent.build/Debug-iphonesimulator/WebDriverAgentLib.build/DerivedSources/WebDriverAgentLib_vers.c (in target 'WebDriverAgentLib' from project 'WebDriverAgent')
2026-09-29 08:07:52:136 [790e2ec9][Xcode]     cd <host-path>/qualification/compatibility-smoke/harness/node_modules/appium-xcuitest-driver/node_modules/appium-webdriveragent
2026-09-29 08:07:52:136 [790e2ec9][Xcode]     write-file <host-path>/Library/Developer/Xcode/DerivedData/WebDriverAgent-gvnbbobaqwdgeeepwfrffrnyucio/Build/Intermediates.noindex/WebDriverAgent.build/Debug-iphonesimulator/WebDriverAgentLib.build/DerivedSources/WebDriverAgentLib_vers.c
2026-09-29 08:07:52:136 [790e2ec9][Xcode] 
2026-09-29 08:07:52:136 [790e2ec9][Xcode] CpHeader <host-path>/Library/Developer/Xcode/DerivedData/WebDriverAgent-gvnbbobaqwdgeeepwfrffrnyucio/Build/Products/Debug-iphonesimulator/WebDriverAgentLib.framework/Headers/_XCTestObservationPrivate-Protocol.h <host-path>/qualification/compatibility-smoke/harness/node_modules/appium-xcuitest-driver/node_modules/appium-webdriveragent/PrivateHeaders/XCTest/_XCTestObservationPrivate-Protocol.h (in target 'WebDriverAgentLib' from project 'WebDriverAgent')
2026-09-29 08:07:52:136 [790e2ec9][Xcode]     cd <host-path>/qualification/compatibility-smoke/harness/node_modules/appium-xcuitest-driver/node_modules/appium-webdriveragent
2026-09-29 08:07:52:136 [790e2ec9][Xcode]     builtin-copy -exclude .DS_Store -exclude CVS -exclude .svn -exclude .git -exclude .hg -resolve-src-symlinks <host-path>/qualification/compatibility-smoke/harness/node_modules/appium-xcuitest-driver/node_modules/appium-webdriveragent/PrivateHeaders/XCTest/_XCTestObservationPrivate-Protocol.h <host-path>/Library/Developer/Xcode/DerivedData/WebDriverAgent-gvnbbobaqwdgeeepwfrffrnyucio/Build/Products/Debug-iphonesimulator/WebDriverAgentLib.framework/Headers
2026-09-29 08:07:52:136 [790e2ec9][Xcode] 
2026-09-29 08:07:52:136 [790e2ec9][Xcode] CpHeader <host-path>/Library/Developer/Xcode/DerivedData/WebDriverAgent-gvnbbobaqwdgeeepwfrffrnyucio/Build/Products/Debug-iphonesimulator/WebDriverAgentLib.framework/Headers/_XCTestObservationInternal-Protocol.h <host-path>/qualification/compatibility-smoke/harness/node_modules/appium-xcuitest-driver/node_modules/appium-webdriveragent/PrivateHeaders/XCTest/_XCTestObservationInternal-Protocol.h (in target 'WebDriverAgentLib' from project 'WebDriverAgent')
2026-09-29 08:07:52:137 [790e2ec9][Xcode]     cd <host-path>/qualification/compatibility-smoke/harness/node_modules/appium-xcuitest-driver/node_modules/appium-webdriveragent
2026-09-29 08:07:52:137 [790e2ec9][Xcode]     builtin-copy -exclude .DS_Store -exclude CVS -exclude .svn -exclude .git -exclude .hg -resolve-src-symlinks <host-path>/qualification/compatibility-smoke/harness/node_modules/appium-xcuitest-driver/node_modules/appium-webdriveragent/PrivateHeaders/XCTest/_XCTestObservationInternal-Protocol.h <host-path>/Library/Developer/Xcode/DerivedData/WebDriverAgent-gvnbbobaqwdgeeepwfrffrnyucio/Build/Products/Debug-iphonesimulator/WebDriverAgentLib.framework/Headers
2026-09-29 08:07:52:137 [790e2ec9][Xcode] 
2026-09-29 08:07:52:137 [790e2ec9][Xcode] CpHeader <host-path>/Library/Developer/Xcode/DerivedData/WebDriverAgent-gvnbbobaqwdgeeepwfrffrnyucio/Build/Products/Debug-iphonesimulator/WebDriverAgentLib.framework/Headers/_XCTMessaging_VoidProtocol-Protocol.h <host-path>/qualification/compatibility-smoke/harness/node_modules/appium-xcuitest-driver/node_modules/appium-webdriveragent/PrivateHeaders/XCTest/_XCTMessaging_VoidProtocol-Protocol.h (in target 'WebDriverAgentLib' from project 'WebDriverAgent')
2026-09-29 08:07:52:137 [790e2ec9][Xcode]     cd <host-path>/qualification/compatibility-smoke/harness/node_modules/appium-xcuitest-driver/node_modules/appium-webdriveragent
2026-09-29 08:07:52:137 [790e2ec9][Xcode]     builtin-copy -exclude .DS_Store -exclude CVS -exclude .svn -exclude .git -exclude .hg -resolve-src-symlinks <host-path>/qualification/compatibility-smoke/harness/node_modules/appium-xcuitest-driver/node_modules/appium-webdriveragent/PrivateHeaders/XCTest/_XCTMessaging_VoidProtocol-Protocol.h <host-path>/Library/Developer/Xcode/DerivedData/WebDriverAgent-gvnbbobaqwdgeeepwfrffrnyucio/Build/Products/Debug-iphonesimulator/WebDriverAgentLib.framework/Headers
2026-09-29 08:07:52:138 [790e2ec9][Xcode] 
2026-09-29 08:07:52:139 [790e2ec9][Xcode] CpHeader <host-path>/Library/Developer/Xcode/DerivedData/WebDriverAgent-gvnbbobaqwdgeeepwfrffrnyucio/Build/Products/Debug-iphonesimulator/WebDriverAgentLib.framework/Headers/_TtC10XCTestCore19XCTReportingContext.h <host-path>/qualification/compatibility-smoke/harness/node_modules/appium-xcuitest-driver/node_modules/appium-webdriveragent/PrivateHeaders/XCTest/_TtC10XCTestCore19XCTReportingContext.h (in target 'WebDriverAgentLib' from project 'WebDriverAgent')
2026-09-29 08:07:52:139 [790e2ec9][Xcode]     cd <host-path>/qualification/compatibility-smoke/harness/node_modules/appium-xcuitest-driver/node_modules/appium-webdriveragent
2026-09-29 08:07:52:139 [790e2ec9][Xcode]     builtin-copy -exclude .DS_Store -exclude CVS -exclude .svn -exclude .git -exclude .hg -resolve-src-symlinks <host-path>/qualification/compatibility-smoke/harness/node_modules/appium-xcuitest-driver/node_modules/appium-webdriveragent/PrivateHeaders/XCTest/_TtC10XCTestCore19XCTReportingContext.h <host-path>/Library/Developer/Xcode/DerivedData/WebDriverAgent-gvnbbobaqwdgeeepwfrffrnyucio/Build/Products/Debug-iphonesimulator/WebDriverAgentLib.framework/Headers
2026-09-29 08:07:52:139 [790e2ec9][Xcode] 
2026-09-29 08:07:52:139 [790e2ec9][Xcode] CpHeader <host-path>/Library/Developer/Xcode/DerivedData/WebDriverAgent-gvnbbobaqwdgeeepwfrffrnyucio/Build/Products/Debug-iphonesimulator/WebDriverAgentLib.framework/Headers/XCUIXcodeApplicationManaging-Protocol.h <host-path>/qualification/compatibility-smoke/harness/node_modules/appium-xcuitest-driver/node_modules/appium-webdriveragent/PrivateHeaders/XCTest/XCUIXcodeApplicationManaging-Protocol.h (in target 'WebDriverAgentLib' from project 'WebDriverAgent')
2026-09-29 08:07:52:139 [790e2ec9][Xcode]     cd <host-path>/qualification/compatibility-smoke/harness/node_modules/appium-xcuitest-driver/node_modules/appium-webdriveragent
2026-09-29 08:07:52:140 [790e2ec9][Xcode]     builtin-copy -exclude .DS_Store -exclude CVS -exclude .svn -exclude .git -exclude .hg -resolve-src-symlinks <host-path>/qualification/compatibility-smoke/harness/node_modules/appium-xcuitest-driver/node_modules/appium-webdriveragent/PrivateHeaders/XCTest/XCUIXcodeApplicationManaging-Protocol.h <host-path>/Library/Developer/Xcode/DerivedData/WebDriverAgent-gvnbbobaqwdgeeepwfrffrnyucio/Build/Products/Debug-iphonesimulator/WebDriverAgentLib.framework/Headers
2026-09-29 08:07:52:140 [790e2ec9][Xcode] 
2026-09-29 08:07:52:140 [790e2ec9][Xcode] CpHeader <host-path>/Library/Developer/Xcode/DerivedData/WebDriverAgent-gvnbbobaqwdgeeepwfrffrnyucio/Build/Products/Debug-iphonesimulator/WebDriverAgentLib.framework/Headers/XCUISystem.h <host-path>/qualification/compatibility-smoke/harness/node_modules/appium-xcuitest-driver/node_modules/appium-webdriveragent/PrivateHeaders/XCTest/XCUISystem.h (in target 'WebDriverAgentLib' from project 'WebDriverAgent')
2026-09-29 08:07:52:140 [790e2ec9][Xcode]     cd <host-path>/qualification/compatibility-smoke/harness/node_modules/appium-xcuitest-driver/node_modules/appium-webdriveragent
2026-09-29 08:07:52:140 [790e2ec9][Xcode]     builtin-copy -exclude .DS_Store -exclude CVS -exclude .svn -exclude .git -exclude .hg -resolve-src-symlinks <host-path>/qualification/compatibility-smoke/harness/node_modules/appium-xcuitest-driver/node_modules/appium-webdriveragent/PrivateHeaders/XCTest/XCUISystem.h <host-path>/Library/Developer/Xcode/DerivedData/WebDriverAgent-gvnbbobaqwdgeeepwfrffrnyucio/Build/Products/Debug-iphonesimulator/WebDriverAgentLib.framework/Headers
2026-09-29 08:07:52:140 [790e2ec9][Xcode] 
2026-09-29 08:07:52:140 [790e2ec9][Xcode] CpHeader <host-path>/Library/Developer/Xcode/DerivedData/WebDriverAgent-gvnbbobaqwdgeeepwfrffrnyucio/Build/Products/Debug-iphonesimulator/WebDriverAgentLib.framework/Headers/XCUISiriService.h <host-path>/qualification/compatibility-smoke/harness/node_modules/appium-xcuitest-driver/node_modules/appium-webdriveragent/PrivateHeaders/XCTest/XCUISiriService.h (in target 'WebDriverAgentLib' from project 'WebDriverAgent')
2026-09-29 08:07:52:140 [790e2ec9][Xcode]     cd <host-path>/qualification/compatibility-smoke/harness/node_modules/appium-xcuitest-driver/node_modules/appium-webdriveragent
2026-09-29 08:07:52:140 [790e2ec9][Xcode]     builtin-copy -exclude .DS_Store -exclude CVS -exclude .svn -exclude .git -exclude .hg -resolve-src-symlinks <host-path>/qualification/compatibility-smoke/harness/node_modules/appium-xcuitest-driver/node_modules/appium-webdriveragent/PrivateHeaders/XCTest/XCUISiriService.h <host-path>/Library/Developer/Xcode/DerivedData/WebDriverAgent-gvnbbobaqwdgeeepwfrffrnyucio/Build/Products/Debug-iphonesimulator/WebDriverAgentLib.framework/Headers
2026-09-29 08:07:52:140 [790e2ec9][Xcode] 
2026-09-29 08:07:52:140 [790e2ec9][Xcode] CpHeader <host-path>/Library/Developer/Xcode/DerivedData/WebDriverAgent-gvnbbobaqwdgeeepwfrffrnyucio/Build/Products/Debug-iphonesimulator/WebDriverAgentLib.framework/Headers/XCUIScreen.h <host-path>/qualification/compatibility-smoke/harness/node_modules/appium-xcuitest-driver/node_modules/appium-webdriveragent/PrivateHeaders/XCTest/XCUIScreen.h (in target 'WebDriverAgentLib' from project 'WebDriverAgent')
2026-09-29 08:07:52:140 [790e2ec9][Xcode]     cd <host-path>/qualification/compatibility-smoke/harness/node_modules/appium-xcuitest-driver/node_modules/appium-webdriveragent
2026-09-29 08:07:52:140 [790e2ec9][Xcode]     builtin-copy -exclude .DS_Store -exclude CVS -exclude .svn -exclude .git -exclude .hg -resolve-src-symlinks <host-path>/qualification/compatibility-smoke/harness/node_modules/appium-xcuitest-driver/node_modules/appium-webdriveragent/PrivateHeaders/XCTest/XCUIScreen.h <host-path>/Library/Developer/Xcode/DerivedData/WebDriverAgent-gvnbbobaqwdgeeepwfrffrnyucio/Build/Products/Debug-iphonesimulator/WebDriverAgentLib.framework/Headers
2026-09-29 08:07:52:140 [790e2ec9][Xcode] 
2026-09-29 08:07:52:140 [790e2ec9][Xcode] CpHeader <host-path>/Library/Developer/Xcode/DerivedData/WebDriverAgent-gvnbbobaqwdgeeepwfrffrnyucio/Build/Products/Debug-iphonesimulator/WebDriverAgentLib.framework/Headers/XCUIResetAuthorizationStatusOfProtectedResourcesInterface-Protocol.h <host-path>/qualification/compatibility-smoke/harness/node_modules/appium-xcuitest-driver/node_modules/appium-webdriveragent/PrivateHeaders/XCTest/XCUIResetAuthorizationStatusOfProtectedResourcesInterface-Protocol.h (in target 'WebDriverAgentLib' from project 'WebDriverAgent')
2026-09-29 08:07:52:140 [790e2ec9][Xcode]     cd <host-path>/qualification/compatibility-smoke/harness/node_modules/appium-xcuitest-driver/node_modules/appium-webdriveragent
2026-09-29 08:07:52:140 [790e2ec9][Xcode]     builtin-copy -exclude .DS_Store -exclude CVS -exclude .svn -exclude .git -exclude .hg -resolve-src-symlinks <host-path>/qualification/compatibility-smoke/harness/node_modules/appium-xcuitest-driver/node_modules/appium-webdriveragent/PrivateHeaders/XCTest/XCUIResetAuthorizationStatusOfProtectedResourcesInterface-Protocol.h <host-path>/Library/Developer/Xcode/DerivedData/WebDriverAgent-gvnbbobaqwdgeeepwfrffrnyucio/Build/Products/Debug-iphonesimulator/WebDriverAgentLib.framework/Headers
2026-09-29 08:07:52:140 [790e2ec9][Xcode] 
2026-09-29 08:07:52:140 [790e2ec9][Xcode] CpHeader <host-path>/Library/Developer/Xcode/DerivedData/WebDriverAgent-gvnbbobaqwdgeeepwfrffrnyucio/Build/Products/Debug-iphonesimulator/WebDriverAgentLib.framework/Headers/XCUIRemoteSiriInterface-Protocol.h <host-path>/qualification/compatibility-smoke/harness/node_modules/appium-xcuitest-driver/node_modules/appium-webdriveragent/PrivateHeaders/XCTest/XCUIRemoteSiriInterface-Protocol.h (in target 'WebDriverAgentLib' from project 'WebDriverAgent')
2026-09-29 08:07:52:140 [790e2ec9][Xcode]     cd <host-path>/qualification/compatibility-smoke/harness/node_modules/appium-xcuitest-driver/node_modules/appium-webdriveragent
2026-09-29 08:07:52:141 [790e2ec9][Xcode]     builtin-copy -exclude .DS_Store -exclude CVS -exclude .svn -exclude .git -exclude .hg -resolve-src-symlinks <host-path>/qualification/compatibility-smoke/harness/node_modules/appium-xcuitest-driver/node_modules/appium-webdriveragent/PrivateHeaders/XCTest/XCUIRemoteSiriInterface-Protocol.h <host-path>/Library/Developer/Xcode/DerivedData/WebDriverAgent-gvnbbobaqwdgeeepwfrffrnyucio/Build/Products/Debug-iphonesimulator/WebDriverAgentLib.framework/Headers
2026-09-29 08:07:52:141 [790e2ec9][Xcode] 
2026-09-29 08:07:52:141 [790e2ec9][Xcode] CpHeader <host-path>/Library/Developer/Xcode/DerivedData/WebDriverAgent-gvnbbobaqwdgeeepwfrffrnyucio/Build/Products/Debug-iphonesimulator/WebDriverAgentLib.framework/Headers/XCUIRemoteDeviceRunner-Protocol.h <host-path>/qualification/compatibility-smoke/harness/node_modules/appium-xcuitest-driver/node_modules/appium-webdriveragent/PrivateHeaders/XCTest/XCUIRemoteDeviceRunner-Protocol.h (in target 'WebDriverAgentLib' from project 'WebDriverAgent')
2026-09-29 08:07:52:141 [790e2ec9][Xcode]     cd <host-path>/qualification/compatibility-smoke/harness/node_modules/appium-xcuitest-driver/node_modules/appium-webdriveragent
2026-09-29 08:07:52:141 [790e2ec9][Xcode]     builtin-copy -exclude .DS_Store -exclude CVS -exclude .svn -exclude .git -exclude .hg -resolve-src-symlinks <host-path>/qualification/compatibility-smoke/harness/node_modules/appium-xcuitest-driver/node_modules/appium-webdriveragent/PrivateHeaders/XCTest/XCUIRemoteDeviceRunner-Protocol.h <host-path>/Library/Developer/Xcode/DerivedData/WebDriverAgent-gvnbbobaqwdgeeepwfrffrnyucio/Build/Products/Debug-iphonesimulator/WebDriverAgentLib.framework/Headers
2026-09-29 08:07:52:141 [790e2ec9][Xcode] 
2026-09-29 08:07:52:142 [790e2ec9][Xcode] CpHeader <host-path>/Library/Developer/Xcode/DerivedData/WebDriverAgent-gvnbbobaqwdgeeepwfrffrnyucio/Build/Products/Debug-iphonesimulator/WebDriverAgentLib.framework/Headers/XCUIRemoteAccessibilityInterface-Protocol.h <host-path>/qualification/compatibility-smoke/harness/node_modules/appium-xcuitest-driver/node_modules/appium-webdriveragent/PrivateHeaders/XCTest/XCUIRemoteAccessibilityInterface-Protocol.h (in target 'WebDriverAgentLib' from project 'WebDriverAgent')
2026-09-29 08:07:52:142 [790e2ec9][Xcode]     cd <host-path>/qualification/compatibility-smoke/harness/node_modules/appium-xcuitest-driver/node_modules/appium-webdriveragent
2026-09-29 08:07:52:142 [790e2ec9][Xcode]     builtin-copy -exclude .DS_Store -exclude CVS -exclude .svn -exclude .git -exclude .hg -resolve-src-symlinks <host-path>/qualification/compatibility-smoke/harness/node_modules/appium-xcuitest-driver/node_modules/appium-webdriveragent/PrivateHeaders/XCTest/XCUIRemoteAccessibilityInterface-Protocol.h <host-path>/Library/Developer/Xcode/DerivedData/WebDriverAgent-gvnbbobaqwdgeeepwfrffrnyucio/Build/Products/Debug-iphonesimulator/WebDriverAgentLib.framework/Headers
2026-09-29 08:07:52:142 [790e2ec9][Xcode] 
2026-09-29 08:07:52:142 [790e2ec9][Xcode] CpHeader <host-path>/Library/Developer/Xcode/DerivedData/WebDriverAgent-gvnbbobaqwdgeeepwfrffrnyucio/Build/Products/Debug-iphonesimulator/WebDriverAgentLib.framework/Headers/XCUIPlatformApplicationServicesProviding-Protocol.h <host-path>/qualification/compatibility-smoke/harness/node_modules/appium-xcuitest-driver/node_modules/appium-webdriveragent/PrivateHeaders/XCTest/XCUIPlatformApplicationServicesProviding-Protocol.h (in target 'WebDriverAgentLib' from project 'WebDriverAgent')
2026-09-29 08:07:52:142 [790e2ec9][Xcode]     cd <host-path>/qualification/compatibility-smoke/harness/node_modules/appium-xcuitest-driver/node_modules/appium-webdriveragent
2026-09-29 08:07:52:142 [790e2ec9][Xcode]     builtin-copy -exclude .DS_Store -exclude CVS -exclude .svn -exclude .git -exclude .hg -resolve-src-symlinks <host-path>/qualification/compatibility-smoke/harness/node_modules/appium-xcuitest-driver/node_modules/appium-webdriveragent/PrivateHeaders/XCTest/XCUIPlatformApplicationServicesProviding-Protocol.h <host-path>/Library/Developer/Xcode/DerivedData/WebDriverAgent-gvnbbobaqwdgeeepwfrffrnyucio/Build/Products/Debug-iphonesimulator/WebDriverAgentLib.framework/Headers
2026-09-29 08:07:52:142 [790e2ec9][Xcode] 
2026-09-29 08:07:52:142 [790e2ec9][Xcode] CpHeader <host-path>/Library/Developer/Xcode/DerivedData/WebDriverAgent-gvnbbobaqwdgeeepwfrffrnyucio/Build/Products/Debug-iphonesimulator/WebDriverAgentLib.framework/Headers/XCUILocation.h <host-path>/qualification/compatibility-smoke/harness/node_modules/appium-xcuitest-driver/node_modules/appium-webdriveragent/PrivateHeaders/XCTest/XCUILocation.h (in target 'WebDriverAgentLib' from project 'WebDriverAgent')
2026-09-29 08:07:52:142 [790e2ec9][Xcode]     cd <host-path>/qualification/compatibility-smoke/harness/node_modules/appium-xcuitest-driver/node_modules/appium-webdriveragent
2026-09-29 08:07:52:142 [790e2ec9][Xcode]     builtin-copy -exclude .DS_Store -exclude CVS -exclude .svn -exclude .git -exclude .hg -resolve-src-symlinks <host-path>/qualification/compatibility-smoke/harness/node_modules/appium-xcuitest-driver/node_modules/appium-webdriveragent/PrivateHeaders/XCTest/XCUILocation.h <host-path>/Library/Developer/Xcode/DerivedData/WebDriverAgent-gvnbbobaqwdgeeepwfrffrnyucio/Build/Products/Debug-iphonesimulator/WebDriverAgentLib.framework/Headers
2026-09-29 08:07:52:142 [790e2ec9][Xcode] 
2026-09-29 08:07:52:143 [790e2ec9][Xcode] CpHeader <host-path>/Library/Developer/Xcode/DerivedData/WebDriverAgent-gvnbbobaqwdgeeepwfrffrnyucio/Build/Products/Debug-iphonesimulator/WebDriverAgentLib.framework/Headers/XCUIKnobControl.h <host-path>/qualification/compatibility-smoke/harness/node_modules/appium-xcuitest-driver/node_modules/appium-webdriveragent/PrivateHeaders/XCTest/XCUIKnobControl.h (in target 'WebDriverAgentLib' from project 'WebDriverAgent')
2026-09-29 08:07:52:143 [790e2ec9][Xcode]     cd <host-path>/qualification/compatibility-smoke/harness/node_modules/appium-xcuitest-driver/node_modules/appium-webdriveragent
2026-09-29 08:07:52:143 [790e2ec9][Xcode]     builtin-copy -exclude .DS_Store -exclude CVS -exclude .svn -exclude .git -exclude .hg -resolve-src-symlinks <host-path>/qualification/compatibility-smoke/harness/node_modules/appium-xcuitest-driver/node_modules/appium-webdriveragent/PrivateHeaders/XCTest/XCUIKnobControl.h <host-path>/Library/Developer/Xcode/DerivedData/WebDriverAgent-gvnbbobaqwdgeeepwfrffrnyucio/Build/Products/Debug-iphonesimulator/WebDriverAgentLib.framework/Headers
2026-09-29 08:07:52:143 [790e2ec9][Xcode] 
2026-09-29 08:07:52:143 [790e2ec9][Xcode] CpHeader <host-path>/Library/Developer/Xcode/DerivedData/WebDriverAgent-gvnbbobaqwdgeeepwfrffrnyucio/Build/Products/Debug-iphonesimulator/WebDriverAgentLib.framework/Headers/XCUIIssueDiagnosticsProviding-Protocol.h <host-path>/qualification/compatibility-smoke/harness/node_modules/appium-xcuitest-driver/node_modules/appium-webdriveragent/PrivateHeaders/XCTest/XCUIIssueDiagnosticsProviding-Protocol.h (in target 'WebDriverAgentLib' from project 'WebDriverAgent')
2026-09-29 08:07:52:143 [790e2ec9][Xcode]     cd <host-path>/qualification/compatibility-smoke/harness/node_modules/appium-xcuitest-driver/node_modules/appium-webdriveragent
2026-09-29 08:07:52:143 [790e2ec9][Xcode]     builtin-copy -exclude .DS_Store -exclude CVS -exclude .svn -exclude .git -exclude .hg -resolve-src-symlinks <host-path>/qualification/compatibility-smoke/harness/node_modules/appium-xcuitest-driver/node_modules/appium-webdriveragent/PrivateHeaders/XCTest/XCUIIssueDiagnosticsProviding-Protocol.h <host-path>/Library/Developer/Xcode/DerivedData/WebDriverAgent-gvnbbobaqwdgeeepwfrffrnyucio/Build/Products/Debug-iphonesimulator/WebDriverAgentLib.framework/Headers
2026-09-29 08:07:52:143 [790e2ec9][Xcode] 
2026-09-29 08:07:52:143 [790e2ec9][Xcode] CpHeader <host-path>/Library/Developer/Xcode/DerivedData/WebDriverAgent-gvnbbobaqwdgeeepwfrffrnyucio/Build/Products/Debug-iphonesimulator/WebDriverAgentLib.framework/Headers/XCUIInterruptionMonitoring-Protocol.h <host-path>/qualification/compatibility-smoke/harness/node_modules/appium-xcuitest-driver/node_modules/appium-webdriveragent/PrivateHeaders/XCTest/XCUIInterruptionMonitoring-Protocol.h (in target 'WebDriverAgentLib' from project 'WebDriverAgent')
2026-09-29 08:07:52:143 [790e2ec9][Xcode]     cd <host-path>/qualification/compatibility-smoke/harness/node_modules/appium-xcuitest-driver/node_modules/appium-webdriveragent
2026-09-29 08:07:52:143 [790e2ec9][Xcode]     builtin-copy -exclude .DS_Store -exclude CVS -exclude .svn -exclude .git -exclude .hg -resolve-src-symlinks <host-path>/qualification/compatibility-smoke/harness/node_modules/appium-xcuitest-driver/node_modules/appium-webdriveragent/PrivateHeaders/XCTest/XCUIInterruptionMonitoring-Protocol.h <host-path>/Library/Developer/Xcode/DerivedData/WebDriverAgent-gvnbbobaqwdgeeepwfrffrnyucio/Build/Products/Debug-iphonesimulator/WebDriverAgentLib.framework/Headers
2026-09-29 08:07:52:143 [790e2ec9][Xcode] 
2026-09-29 08:07:52:144 [790e2ec9][Xcode] CpHeader <host-path>/Library/Developer/Xcode/DerivedData/WebDriverAgent-gvnbbobaqwdgeeepwfrffrnyucio/Build/Products/Debug-iphonesimulator/WebDriverAgentLib.framework/Headers/XCUIEventRecording-Protocol.h <host-path>/qualification/compatibility-smoke/harness/node_modules/appium-xcuitest-driver/node_modules/appium-webdriveragent/PrivateHeaders/XCTest/XCUIEventRecording-Protocol.h (in target 'WebDriverAgentLib' from project 'WebDriverAgent')
2026-09-29 08:07:52:144 [790e2ec9][Xcode]     cd <host-path>/qualification/compatibility-smoke/harness/node_modules/appium-xcuitest-driver/node_modules/appium-webdriveragent
2026-09-29 08:07:52:144 [790e2ec9][Xcode]     builtin-copy -exclude .DS_Store -exclude CVS -exclude .svn -exclude .git -exclude .hg -resolve-src-symlinks <host-path>/qualification/compatibility-smoke/harness/node_modules/appium-xcuitest-driver/node_modules/appium-webdriveragent/PrivateHeaders/XCTest/XCUIEventRecording-Protocol.h <host-path>/Library/Developer/Xcode/DerivedData/WebDriverAgent-gvnbbobaqwdgeeepwfrffrnyucio/Build/Products/Debug-iphonesimulator/WebDriverAgentLib.framework/Headers
2026-09-29 08:07:52:144 [790e2ec9][Xcode] 
2026-09-29 08:07:52:144 [790e2ec9][Xcode] CpHeader <host-path>/Library/Developer/Xcode/DerivedData/WebDriverAgent-gvnbbobaqwdgeeepwfrffrnyucio/Build/Products/Debug-iphonesimulator/WebDriverAgentLib.framework/Headers/XCUIElementTypeQueryProvider_Private-Protocol.h <host-path>/qualification/compatibility-smoke/harness/node_modules/appium-xcuitest-driver/node_modules/appium-webdriveragent/PrivateHeaders/XCTest/XCUIElementTypeQueryProvider_Private-Protocol.h (in target 'WebDriverAgentLib' from project 'WebDriverAgent')
2026-09-29 08:07:52:144 [790e2ec9][Xcode]     cd <host-path>/qualification/compatibility-smoke/harness/node_modules/appium-xcuitest-driver/node_modules/appium-webdriveragent
2026-09-29 08:07:52:144 [790e2ec9][Xcode]     builtin-copy -exclude .DS_Store -exclude CVS -exclude .svn -exclude .git -exclude .hg -resolve-src-symlinks <host-path>/qualification/compatibility-smoke/harness/node_modules/appium-xcuitest-driver/node_modules/appium-webdriveragent/PrivateHeaders/XCTest/XCUIElementTypeQueryProvider_Private-Protocol.h <host-path>/Library/Developer/Xcode/DerivedData/WebDriverAgent-gvnbbobaqwdgeeepwfrffrnyucio/Build/Products/Debug-iphonesimulator/WebDriverAgentLib.framework/Headers
2026-09-29 08:07:52:144 [790e2ec9][Xcode] 
2026-09-29 08:07:52:144 [790e2ec9][Xcode] CpHeader <host-path>/Library/Developer/Xcode/DerivedData/WebDriverAgent-gvnbbobaqwdgeeepwfrffrnyucio/Build/Products/Debug-iphonesimulator/WebDriverAgentLib.framework/Headers/XCUIElementQuery.h <host-path>/qualification/compatibility-smoke/harness/node_modules/appium-xcuitest-driver/node_modules/appium-webdriveragent/PrivateHeaders/XCTest/XCUIElementQuery.h (in target 'WebDriverAgentLib' from project 'WebDriverAgent')
2026-09-29 08:07:52:144 [790e2ec9][Xcode]     cd <host-path>/qualification/compatibility-smoke/harness/node_modules/appium-xcuitest-driver/node_modules/appium-webdriveragent
2026-09-29 08:07:52:144 [790e2ec9][Xcode]     builtin-copy -exclude .DS_Store -exclude CVS -exclude .svn -exclude .git -exclude .hg -resolve-src-symlinks <host-path>/qualification/compatibility-smoke/harness/node_modules/appium-xcuitest-driver/node_modules/appium-webdriveragent/PrivateHeaders/XCTest/XCUIElementQuery.h <host-path>/Library/Developer/Xcode/DerivedData/WebDriverAgent-gvnbbobaqwdgeeepwfrffrnyucio/Build/Products/Debug-iphonesimulator/WebDriverAgentLib.framework/Headers
2026-09-29 08:07:52:144 [790e2ec9][Xcode] 
2026-09-29 08:07:52:144 [790e2ec9][Xcode] CpHeader <host-path>/Library/Developer/Xcode/DerivedData/WebDriverAgent-gvnbbobaqwdgeeepwfrffrnyucio/Build/Products/Debug-iphonesimulator/WebDriverAgentLib.framework/Headers/XCUIElementEventTarget-Protocol.h <host-path>/qualification/compatibility-smoke/harness/node_modules/appium-xcuitest-driver/node_modules/appium-webdriveragent/PrivateHeaders/XCTest/XCUIElementEventTarget-Protocol.h (in target 'WebDriverAgentLib' from project 'WebDriverAgent')
2026-09-29 08:07:52:144 [790e2ec9][Xcode]     cd <host-path>/qualification/compatibility-smoke/harness/node_modules/appium-xcuitest-driver/node_modules/appium-webdriveragent
2026-09-29 08:07:52:144 [790e2ec9][Xcode]     builtin-copy -exclude .DS_Store -exclude CVS -exclude .svn -exclude .git -exclude .hg -resolve-src-symlinks <host-path>/qualification/compatibility-smoke/harness/node_modules/appium-xcuitest-driver/node_modules/appium-webdriveragent/PrivateHeaders/XCTest/XCUIElementEventTarget-Protocol.h <host-path>/Library/Developer/Xcode/DerivedData/WebDriverAgent-gvnbbobaqwdgeeepwfrffrnyucio/Build/Products/Debug-iphonesimulator/WebDriverAgentLib.framework/Headers
2026-09-29 08:07:52:144 [790e2ec9][Xcode] 
2026-09-29 08:07:52:144 [790e2ec9][Xcode] CpHeader <host-path>/Library/Developer/Xcode/DerivedData/WebDriverAgent-gvnbbobaqwdgeeepwfrffrnyucio/Build/Products/Debug-iphonesimulator/WebDriverAgentLib.framework/Headers/XCUIElementAttributesPrivate-Protocol.h <host-path>/qualification/compatibility-smoke/harness/node_modules/appium-xcuitest-driver/node_modules/appium-webdriveragent/PrivateHeaders/XCTest/XCUIElementAttributesPrivate-Protocol.h (in target 'WebDriverAgentLib' from project 'WebDriverAgent')
2026-09-29 08:07:52:144 [790e2ec9][Xcode]     cd <host-path>/qualification/compatibility-smoke/harness/node_modules/appium-xcuitest-driver/node_modules/appium-webdriveragent
2026-09-29 08:07:52:144 [790e2ec9][Xcode]     builtin-copy -exclude .DS_Store -exclude CVS -exclude .svn -exclude .git -exclude .hg -resolve-src-symlinks <host-path>/qualification/compatibility-smoke/harness/node_modules/appium-xcuitest-driver/node_modules/appium-webdriveragent/PrivateHeaders/XCTest/XCUIElementAttributesPrivate-Protocol.h <host-path>/Library/Developer/Xcode/DerivedData/WebDriverAgent-gvnbbobaqwdgeeepwfrffrnyucio/Build/Products/Debug-iphonesimulator/WebDriverAgentLib.framework/Headers
2026-09-29 08:07:52:144 [790e2ec9][Xcode] 
2026-09-29 08:07:52:144 [790e2ec9][Xcode] CpHeader <host-path>/Library/Developer/Xcode/DerivedData/WebDriverAgent-gvnbbobaqwdgeeepwfrffrnyucio/Build/Products/Debug-iphonesimulator/WebDriverAgentLib.framework/Headers/XCUIElement.h <host-path>/qualification/compatibility-smoke/harness/node_modules/appium-xcuitest-driver/node_modules/appium-webdriveragent/PrivateHeaders/XCTest/XCUIElement.h (in target 'WebDriverAgentLib' from project 'WebDriverAgent')
2026-09-29 08:07:52:144 [790e2ec9][Xcode]     cd <host-path>/qualification/compatibility-smoke/harness/node_modules/appium-xcuitest-driver/node_modules/appium-webdriveragent
2026-09-29 08:07:52:145 [790e2ec9][Xcode]     builtin-copy -exclude .DS_Store -exclude CVS -exclude .svn -exclude .git -exclude .hg -resolve-src-symlinks <host-path>/qualification/compatibility-smoke/harness/node_modules/appium-xcuitest-driver/node_modules/appium-webdriveragent/PrivateHeaders/XCTest/XCUIElement.h <host-path>/Library/Developer/Xcode/DerivedData/WebDriverAgent-gvnbbobaqwdgeeepwfrffrnyucio/Build/Products/Debug-iphonesimulator/WebDriverAgentLib.framework/Headers
2026-09-29 08:07:52:151 [790e2ec9][Xcode] 
2026-09-29 08:07:52:155 [790e2ec9][Xcode] CpHeader <host-path>/Library/Developer/Xcode/DerivedData/WebDriverAgent-gvnbbobaqwdgeeepwfrffrnyucio/Build/Products/Debug-iphonesimulator/WebDriverAgentLib.framework/Headers/XCUIElement+FBWebDriverAttributes.h <host-path>/qualification/compatibility-smoke/harness/node_modules/appium-xcuitest-driver/node_modules/appium-webdriveragent/WebDriverAgentLib/Categories/XCUIElement+FBWebDriverAttributes.h (in target 'WebDriverAgentLib' from project 'WebDriverAgent')
2026-09-29 08:07:52:156 [790e2ec9][Xcode]     cd <host-path>/qualification/compatibility-smoke/harness/node_modules/appium-xcuitest-driver/node_modules/appium-webdriveragent
2026-09-29 08:07:52:157 [790e2ec9][Xcode]     builtin-copy -exclude .DS_Store -exclude CVS -exclude .svn -exclude .git -exclude .hg -resolve-src-symlinks <host-path>/qualification/compatibility-smoke/harness/node_modules/appium-xcuitest-driver/node_modules/appium-webdriveragent/WebDriverAgentLib/Categories/XCUIElement+FBWebDriverAttributes.h <host-path>/Library/Developer/Xcode/DerivedData/WebDriverAgent-gvnbbobaqwdgeeepwfrffrnyucio/Build/Products/Debug-iphonesimulator/WebDriverAgentLib.framework/Headers
2026-09-29 08:07:52:159 [790e2ec9][Xcode] 
2026-09-29 08:07:52:159 [790e2ec9][Xcode] CpHeader <host-path>/Library/Developer/Xcode/DerivedData/WebDriverAgent-gvnbbobaqwdgeeepwfrffrnyucio/Build/Products/Debug-iphonesimulator/WebDriverAgentLib.framework/Headers/XCUIElement+FBUtilities.h <host-path>/qualification/compatibility-smoke/harness/node_modules/appium-xcuitest-driver/node_modules/appium-webdriveragent/WebDriverAgentLib/Categories/XCUIElement+FBUtilities.h (in target 'WebDriverAgentLib' from project 'WebDriverAgent')
2026-09-29 08:07:52:160 [790e2ec9][Xcode]     cd <host-path>/qualification/compatibility-smoke/harness/node_modules/appium-xcuitest-driver/node_modules/appium-webdriveragent
2026-09-29 08:07:52:161 [790e2ec9][Xcode]     builtin-copy -exclude .DS_Store -exclude CVS -exclude .svn -exclude .git -exclude .hg -resolve-src-symlinks <host-path>/qualification/compatibility-smoke/harness/node_modules/appium-xcuitest-driver/node_modules/appium-webdriveragent/WebDriverAgentLib/Categories/XCUIElement+FBUtilities.h <host-path>/Library/Developer/Xcode/DerivedData/WebDriverAgent-gvnbbobaqwdgeeepwfrffrnyucio/Build/Products/Debug-iphonesimulator/WebDriverAgentLib.framework/Headers
2026-09-29 08:07:52:162 [790e2ec9][Xcode] 
2026-09-29 08:07:52:162 [790e2ec9][Xcode] CpHeader <host-path>/Library/Developer/Xcode/DerivedData/WebDriverAgent-gvnbbobaqwdgeeepwfrffrnyucio/Build/Products/Debug-iphonesimulator/WebDriverAgentLib.framework/Headers/XCUIElement+FBTyping.h <host-path>/qualification/compatibility-smoke/harness/node_modules/appium-xcuitest-driver/node_modules/appium-webdriveragent/WebDriverAgentLib/Categories/XCUIElement+FBTyping.h (in target 'WebDriverAgentLib' from project 'WebDriverAgent')
2026-09-29 08:07:52:162 [790e2ec9][Xcode]     cd <host-path>/qualification/compatibility-smoke/harness/node_modules/appium-xcuitest-driver/node_modules/appium-webdriveragent
2026-09-29 08:07:52:163 [790e2ec9][Xcode]     builtin-copy -exclude .DS_Store -exclude CVS -exclude .svn -exclude .git -exclude .hg -resolve-src-symlinks <host-path>/qualification/compatibility-smoke/harness/node_modules/appium-xcuitest-driver/node_modules/appium-webdriveragent/WebDriverAgentLib/Categories/XCUIElement+FBTyping.h <host-path>/Library/Developer/Xcode/DerivedData/WebDriverAgent-gvnbbobaqwdgeeepwfrffrnyucio/Build/Products/Debug-iphonesimulator/WebDriverAgentLib.framework/Headers
2026-09-29 08:07:52:163 [790e2ec9][Xcode] 
2026-09-29 08:07:52:163 [790e2ec9][Xcode] CpHeader <host-path>/Library/Developer/Xcode/DerivedData/WebDriverAgent-gvnbbobaqwdgeeepwfrffrnyucio/Build/Products/Debug-iphonesimulator/WebDriverAgentLib.framework/Headers/XCUIElement+FBScrolling.h <host-path>/qualification/compatibility-smoke/harness/node_modules/appium-xcuitest-driver/node_modules/appium-webdriveragent/WebDriverAgentLib/Categories/XCUIElement+FBScrolling.h (in target 'WebDriverAgentLib' from project 'WebDriverAgent')
2026-09-29 08:07:52:163 [790e2ec9][Xcode]     cd <host-path>/qualification/compatibility-smoke/harness/node_modules/appium-xcuitest-driver/node_modules/appium-webdriveragent
2026-09-29 08:07:52:163 [790e2ec9][Xcode]     builtin-copy -exclude .DS_Store -exclude CVS -exclude .svn -exclude .git -exclude .hg -resolve-src-symlinks <host-path>/qualification/compatibility-smoke/harness/node_modules/appium-xcuitest-driver/node_modules/appium-webdriveragent/WebDriverAgentLib/Categories/XCUIElement+FBScrolling.h <host-path>/Library/Developer/Xcode/DerivedData/WebDriverAgent-gvnbbobaqwdgeeepwfrffrnyucio/Build/Products/Debug-iphonesimulator/WebDriverAgentLib.framework/Headers
2026-09-29 08:07:52:163 [790e2ec9][Xcode] 
2026-09-29 08:07:52:164 [790e2ec9][Xcode] CpHeader <host-path>/Library/Developer/Xcode/DerivedData/WebDriverAgent-gvnbbobaqwdgeeepwfrffrnyucio/Build/Products/Debug-iphonesimulator/WebDriverAgentLib.framework/Headers/XCUIElement+FBIsVisible.h <host-path>/qualification/compatibility-smoke/harness/node_modules/appium-xcuitest-driver/node_modules/appium-webdriveragent/WebDriverAgentLib/Categories/XCUIElement+FBIsVisible.h (in target 'WebDriverAgentLib' from project 'WebDriverAgent')
2026-09-29 08:07:52:164 [790e2ec9][Xcode]     cd <host-path>/qualification/compatibility-smoke/harness/node_modules/appium-xcuitest-driver/node_modules/appium-webdriveragent
2026-09-29 08:07:52:164 [790e2ec9][Xcode]     builtin-copy -exclude .DS_Store -exclude CVS -exclude .svn -exclude .git -exclude .hg -resolve-src-symlinks <host-path>/qualification/compatibility-smoke/harness/node_modules/appium-xcuitest-driver/node_modules/appium-webdriveragent/WebDriverAgentLib/Categories/XCUIElement+FBIsVisible.h <host-path>/Library/Developer/Xcode/DerivedData/WebDriverAgent-gvnbbobaqwdgeeepwfrffrnyucio/Build/Products/Debug-iphonesimulator/WebDriverAgentLib.framework/Headers
2026-09-29 08:07:52:164 [790e2ec9][Xcode] 
2026-09-29 08:07:52:164 [790e2ec9][Xcode] CpHeader <host-path>/Library/Developer/Xcode/DerivedData/WebDriverAgent-gvnbbobaqwdgeeepwfrffrnyucio/Build/Products/Debug-iphonesimulator/WebDriverAgentLib.framework/Headers/XCUIElement+FBForceTouch.h <host-path>/qualification/compatibility-smoke/harness/node_modules/appium-xcuitest-driver/node_modules/appium-webdriveragent/WebDriverAgentLib/Categories/XCUIElement+FBForceTouch.h (in target 'WebDriverAgentLib' from project 'WebDriverAgent')
2026-09-29 08:07:52:164 [790e2ec9][Xcode]     cd <host-path>/qualification/compatibility-smoke/harness/node_modules/appium-xcuitest-driver/node_modules/appium-webdriveragent
2026-09-29 08:07:52:164 [790e2ec9][Xcode]     builtin-copy -exclude .DS_Store -exclude CVS -exclude .svn -exclude .git -exclude .hg -resolve-src-symlinks <host-path>/qualification/compatibility-smoke/harness/node_modules/appium-xcuitest-driver/node_modules/appium-webdriveragent/WebDriverAgentLib/Categories/XCUIElement+FBForceTouch.h <host-path>/Library/Developer/Xcode/DerivedData/WebDriverAgent-gvnbbobaqwdgeeepwfrffrnyucio/Build/Products/Debug-iphonesimulator/WebDriverAgentLib.framework/Headers
2026-09-29 08:07:52:164 [790e2ec9][Xcode] 
2026-09-29 08:07:52:164 [790e2ec9][Xcode] CpHeader <host-path>/Library/Developer/Xcode/DerivedData/WebDriverAgent-gvnbbobaqwdgeeepwfrffrnyucio/Build/Products/Debug-iphonesimulator/WebDriverAgentLib.framework/Headers/XCUIElement+FBFind.h <host-path>/qualification/compatibility-smoke/harness/node_modules/appium-xcuitest-driver/node_modules/appium-webdriveragent/WebDriverAgentLib/Categories/XCUIElement+FBFind.h (in target 'WebDriverAgentLib' from project 'WebDriverAgent')
2026-09-29 08:07:52:164 [790e2ec9][Xcode]     cd <host-path>/qualification/compatibility-smoke/harness/node_modules/appium-xcuitest-driver/node_modules/appium-webdriveragent
2026-09-29 08:07:52:164 [790e2ec9][Xcode]     builtin-copy -exclude .DS_Store -exclude CVS -exclude .svn -exclude .git -exclude .hg -resolve-src-symlinks <host-path>/qualification/compatibility-smoke/harness/node_modules/appium-xcuitest-driver/node_modules/appium-webdriveragent/WebDriverAgentLib/Categories/XCUIElement+FBFind.h <host-path>/Library/Developer/Xcode/DerivedData/WebDriverAgent-gvnbbobaqwdgeeepwfrffrnyucio/Build/Products/Debug-iphonesimulator/WebDriverAgentLib.framework/Headers
2026-09-29 08:07:52:164 [790e2ec9][Xcode] 
2026-09-29 08:07:52:164 [790e2ec9][Xcode] CpHeader <host-path>/Library/Developer/Xcode/DerivedData/WebDriverAgent-gvnbbobaqwdgeeepwfrffrnyucio/Build/Products/Debug-iphonesimulator/WebDriverAgentLib.framework/Headers/XCUIElement+FBCaching.h <host-path>/qualification/compatibility-smoke/harness/node_modules/appium-xcuitest-driver/node_modules/appium-webdriveragent/WebDriverAgentLib/Categories/XCUIElement+FBCaching.h (in target 'WebDriverAgentLib' from project 'WebDriverAgent')
2026-09-29 08:07:52:164 [790e2ec9][Xcode]     cd <host-path>/qualification/compatibility-smoke/harness/node_modules/appium-xcuitest-driver/node_modules/appium-webdriveragent
2026-09-29 08:07:52:164 [790e2ec9][Xcode]     builtin-copy -exclude .DS_Store -exclude CVS -exclude .svn -exclude .git -exclude .hg -resolve-src-symlinks <host-path>/qualification/compatibility-smoke/harness/node_modules/appium-xcuitest-driver/node_modules/appium-webdriveragent/WebDriverAgentLib/Categories/XCUIElement+FBCaching.h <host-path>/Library/Developer/Xcode/DerivedData/WebDriverAgent-gvnbbobaqwdgeeepwfrffrnyucio/Build/Products/Debug-iphonesimulator/WebDriverAgentLib.framework/Headers
2026-09-29 08:07:52:164 [790e2ec9][Xcode] 
2026-09-29 08:07:52:164 [790e2ec9][Xcode] CpHeader <host-path>/Library/Developer/Xcode/DerivedData/WebDriverAgent-gvnbbobaqwdgeeepwfrffrnyucio/Build/Products/Debug-iphonesimulator/WebDriverAgentLib.framework/Headers/XCUIElement+FBAccessibility.h <host-path>/qualification/compatibility-smoke/harness/node_modules/appium-xcuitest-driver/node_modules/appium-webdriveragent/WebDriverAgentLib/Categories/XCUIElement+FBAccessibility.h (in target 'WebDriverAgentLib' from project 'WebDriverAgent')
2026-09-29 08:07:52:164 [790e2ec9][Xcode]     cd <host-path>/qualification/compatibility-smoke/harness/node_modules/appium-xcuitest-driver/node_modules/appium-webdriveragent
2026-09-29 08:07:52:164 [790e2ec9][Xcode]     builtin-copy -exclude .DS_Store -exclude CVS -exclude .svn -exclude .git -exclude .hg -resolve-src-symlinks <host-path>/qualification/compatibility-smoke/harness/node_modules/appium-xcuitest-driver/node_modules/appium-webdriveragent/WebDriverAgentLib/Categories/XCUIElement+FBAccessibility.h <host-path>/Library/Developer/Xcode/DerivedData/WebDriverAgent-gvnbbobaqwdgeeepwfrffrnyucio/Build/Products/Debug-iphonesimulator/WebDriverAgentLib.framework/Headers
2026-09-29 08:07:52:164 [790e2ec9][Xcode] 
2026-09-29 08:07:52:164 [790e2ec9][Xcode] CpHeader <host-path>/Library/Developer/Xcode/DerivedData/WebDriverAgent-gvnbbobaqwdgeeepwfrffrnyucio/Build/Products/Debug-iphonesimulator/WebDriverAgentLib.framework/Headers/XCUIDeviceEventAndStateInterface-Protocol.h <host-path>/qualification/compatibility-smoke/harness/node_modules/appium-xcuitest-driver/node_modules/appium-webdriveragent/PrivateHeaders/XCTest/XCUIDeviceEventAndStateInterface-Protocol.h (in target 'WebDriverAgentLib' from project 'WebDriverAgent')
2026-09-29 08:07:52:164 [790e2ec9][Xcode]     cd <host-path>/qualification/compatibility-smoke/harness/node_modules/appium-xcuitest-driver/node_modules/appium-webdriveragent
2026-09-29 08:07:52:164 [790e2ec9][Xcode]     builtin-copy -exclude .DS_Store -exclude CVS -exclude .svn -exclude .git -exclude .hg -resolve-src-symlinks <host-path>/qualification/compatibility-smoke/harness/node_modules/appium-xcuitest-driver/node_modules/appium-webdriveragent/PrivateHeaders/XCTest/XCUIDeviceEventAndStateInterface-Protocol.h <host-path>/Library/Developer/Xcode/DerivedData/WebDriverAgent-gvnbbobaqwdgeeepwfrffrnyucio/Build/Products/Debug-iphonesimulator/WebDriverAgentLib.framework/Headers
2026-09-29 08:07:52:164 [790e2ec9][Xcode] 
2026-09-29 08:07:52:164 [790e2ec9][Xcode] CpHeader <host-path>/Library/Developer/Xcode/DerivedData/WebDriverAgent-gvnbbobaqwdgeeepwfrffrnyucio/Build/Products/Debug-iphonesimulator/WebDriverAgentLib.framework/Headers/XCUIDeviceDelayedAttachmentTransferSupportInterface-Protocol.h <host-path>/qualification/compatibility-smoke/harness/node_modules/appium-xcuitest-driver/node_modules/appium-webdriveragent/PrivateHeaders/XCTest/XCUIDeviceDelayedAttachmentTransferSupportInterface-Protocol.h (in target 'WebDriverAgentLib' from project 'WebDriverAgent')
2026-09-29 08:07:52:164 [790e2ec9][Xcode]     cd <host-path>/qualification/compatibility-smoke/harness/node_modules/appium-xcuitest-driver/node_modules/appium-webdriveragent
2026-09-29 08:07:52:164 [790e2ec9][Xcode]     builtin-copy -exclude .DS_Store -exclude CVS -exclude .svn -exclude .git -exclude .hg -resolve-src-symlinks <host-path>/qualification/compatibility-smoke/harness/node_modules/appium-xcuitest-driver/node_modules/appium-webdriveragent/PrivateHeaders/XCTest/XCUIDeviceDelayedAttachmentTransferSupportInterface-Protocol.h <host-path>/Library/Developer/Xcode/DerivedData/WebDriverAgent-gvnbbobaqwdgeeepwfrffrnyucio/Build/Products/Debug-iphonesimulator/WebDriverAgentLib.framework/Headers
2026-09-29 08:07:52:184 [790e2ec9][Xcode] 
2026-09-29 08:07:52:184 [790e2ec9][Xcode] CpHeader <host-path>/Library/Developer/Xcode/DerivedData/WebDriverAgent-gvnbbobaqwdgeeepwfrffrnyucio/Build/Products/Debug-iphonesimulator/WebDriverAgentLib.framework/Headers/XCUIDeviceAutomationModeInterface-Protocol.h <host-path>/qualification/compatibility-smoke/harness/node_modules/appium-xcuitest-driver/node_modules/appium-webdriveragent/PrivateHeaders/XCTest/XCUIDeviceAutomationModeInterface-Protocol.h (in target 'WebDriverAgentLib' from project 'WebDriverAgent')
2026-09-29 08:07:52:184 [790e2ec9][Xcode]     cd <host-path>/qualification/compatibility-smoke/harness/node_modules/appium-xcuitest-driver/node_modules/appium-webdriveragent
2026-09-29 08:07:52:184 [790e2ec9][Xcode]     builtin-copy -exclude .DS_Store -exclude CVS -exclude .svn -exclude .git -exclude .hg -resolve-src-symlinks <host-path>/qualification/compatibility-smoke/harness/node_modules/appium-xcuitest-driver/node_modules/appium-webdriveragent/PrivateHeaders/XCTest/XCUIDeviceAutomationModeInterface-Protocol.h <host-path>/Library/Developer/Xcode/DerivedData/WebDriverAgent-gvnbbobaqwdgeeepwfrffrnyucio/Build/Products/Debug-iphonesimulator/WebDriverAgentLib.framework/Headers
2026-09-29 08:07:52:184 [790e2ec9][Xcode] 
2026-09-29 08:07:52:185 [790e2ec9][Xcode] CpHeader <host-path>/Library/Developer/Xcode/DerivedData/WebDriverAgent-gvnbbobaqwdgeeepwfrffrnyucio/Build/Products/Debug-iphonesimulator/WebDriverAgentLib.framework/Headers/XCUIDevice.h <host-path>/qualification/compatibility-smoke/harness/node_modules/appium-xcuitest-driver/node_modules/appium-webdriveragent/PrivateHeaders/XCTest/XCUIDevice.h (in target 'WebDriverAgentLib' from project 'WebDriverAgent')
2026-09-29 08:07:52:185 [790e2ec9][Xcode]     cd <host-path>/qualification/compatibility-smoke/harness/node_modules/appium-xcuitest-driver/node_modules/appium-webdriveragent
2026-09-29 08:07:52:185 [790e2ec9][Xcode]     builtin-copy -exclude .DS_Store -exclude CVS -exclude .svn -exclude .git -exclude .hg -resolve-src-symlinks <host-path>/qualification/compatibility-smoke/harness/node_modules/appium-xcuitest-driver/node_modules/appium-webdriveragent/PrivateHeaders/XCTest/XCUIDevice.h <host-path>/Library/Developer/Xcode/DerivedData/WebDriverAgent-gvnbbobaqwdgeeepwfrffrnyucio/Build/Products/Debug-iphonesimulator/WebDriverAgentLib.framework/Headers
2026-09-29 08:07:52:185 [790e2ec9][Xcode] 
2026-09-29 08:07:52:185 [790e2ec9][Xcode] CpHeader <host-path>/Library/Developer/Xcode/DerivedData/WebDriverAgent-gvnbbobaqwdgeeepwfrffrnyucio/Build/Products/Debug-iphonesimulator/WebDriverAgentLib.framework/Headers/XCUIDevice+FBVoiceOver.h <host-path>/qualification/compatibility-smoke/harness/node_modules/appium-xcuitest-driver/node_modules/appium-webdriveragent/WebDriverAgentLib/Categories/XCUIDevice+FBVoiceOver.h (in target 'WebDriverAgentLib' from project 'WebDriverAgent')
2026-09-29 08:07:52:185 [790e2ec9][Xcode]     cd <host-path>/qualification/compatibility-smoke/harness/node_modules/appium-xcuitest-driver/node_modules/appium-webdriveragent
2026-09-29 08:07:52:185 [790e2ec9][Xcode]     builtin-copy -exclude .DS_Store -exclude CVS -exclude .svn -exclude .git -exclude .hg -resolve-src-symlinks <host-path>/qualification/compatibility-smoke/harness/node_modules/appium-xcuitest-driver/node_modules/appium-webdriveragent/WebDriverAgentLib/Categories/XCUIDevice+FBVoiceOver.h <host-path>/Library/Developer/Xcode/DerivedData/WebDriverAgent-gvnbbobaqwdgeeepwfrffrnyucio/Build/Products/Debug-iphonesimulator/WebDriverAgentLib.framework/Headers
2026-09-29 08:07:52:185 [790e2ec9][Xcode] 
2026-09-29 08:07:52:185 [790e2ec9][Xcode] CpHeader <host-path>/Library/Developer/Xcode/DerivedData/WebDriverAgent-gvnbbobaqwdgeeepwfrffrnyucio/Build/Products/Debug-iphonesimulator/WebDriverAgentLib.framework/Headers/XCUIDevice+FBRotation.h <host-path>/qualification/compatibility-smoke/harness/node_modules/appium-xcuitest-driver/node_modules/appium-webdriveragent/WebDriverAgentLib/Categories/XCUIDevice+FBRotation.h (in target 'WebDriverAgentLib' from project 'WebDriverAgent')
2026-09-29 08:07:52:188 [790e2ec9][Xcode]     cd <host-path>/qualification/compatibility-smoke/harness/node_modules/appium-xcuitest-driver/node_modules/appium-webdriveragent
2026-09-29 08:07:52:189 [790e2ec9][Xcode]     builtin-copy -exclude .DS_Store -exclude CVS -exclude .svn -exclude .git -exclude .hg -resolve-src-symlinks <host-path>/qualification/compatibility-smoke/harness/node_modules/appium-xcuitest-driver/node_modules/appium-webdriveragent/WebDriverAgentLib/Categories/XCUIDevice+FBRotation.h <host-path>/Library/Developer/Xcode/DerivedData/WebDriverAgent-gvnbbobaqwdgeeepwfrffrnyucio/Build/Products/Debug-iphonesimulator/WebDriverAgentLib.framework/Headers
2026-09-29 08:07:52:189 [790e2ec9][Xcode] 
2026-09-29 08:07:52:189 [790e2ec9][Xcode] CpHeader <host-path>/Library/Developer/Xcode/DerivedData/WebDriverAgent-gvnbbobaqwdgeeepwfrffrnyucio/Build/Products/Debug-iphonesimulator/WebDriverAgentLib.framework/Headers/XCUIDevice+FBHelpers.h <host-path>/qualification/compatibility-smoke/harness/node_modules/appium-xcuitest-driver/node_modules/appium-webdriveragent/WebDriverAgentLib/Categories/XCUIDevice+FBHelpers.h (in target 'WebDriverAgentLib' from project 'WebDriverAgent')
2026-09-29 08:07:52:189 [790e2ec9][Xcode]     cd <host-path>/qualification/compatibility-smoke/harness/node_modules/appium-xcuitest-driver/node_modules/appium-webdriveragent
2026-09-29 08:07:52:189 [790e2ec9][Xcode]     builtin-copy -exclude .DS_Store -exclude CVS -exclude .svn -exclude .git -exclude .hg -resolve-src-symlinks <host-path>/qualification/compatibility-smoke/harness/node_modules/appium-xcuitest-driver/node_modules/appium-webdriveragent/WebDriverAgentLib/Categories/XCUIDevice+FBHelpers.h <host-path>/Library/Developer/Xcode/DerivedData/WebDriverAgent-gvnbbobaqwdgeeepwfrffrnyucio/Build/Products/Debug-iphonesimulator/WebDriverAgentLib.framework/Headers
2026-09-29 08:07:52:189 [790e2ec9][Xcode] 
2026-09-29 08:07:52:189 [790e2ec9][Xcode] CpHeader <host-path>/Library/Developer/Xcode/DerivedData/WebDriverAgent-gvnbbobaqwdgeeepwfrffrnyucio/Build/Products/Debug-iphonesimulator/WebDriverAgentLib.framework/Headers/XCUIDevice+FBHealthCheck.h <host-path>/qualification/compatibility-smoke/harness/node_modules/appium-xcuitest-driver/node_modules/appium-webdriveragent/WebDriverAgentLib/Categories/XCUIDevice+FBHealthCheck.h (in target 'WebDriverAgentLib' from project 'WebDriverAgent')
2026-09-29 08:07:52:189 [790e2ec9][Xcode]     cd <host-path>/qualification/compatibility-smoke/harness/node_modules/appium-xcuitest-driver/node_modules/appium-webdriveragent
2026-09-29 08:07:52:189 [790e2ec9][Xcode]     builtin-copy -exclude .DS_Store -exclude CVS -exclude .svn -exclude .git -exclude .hg -resolve-src-symlinks <host-path>/qualification/compatibility-smoke/harness/node_modules/appium-xcuitest-driver/node_modules/appium-webdriveragent/WebDriverAgentLib/Categories/XCUIDevice+FBHealthCheck.h <host-path>/Library/Developer/Xcode/DerivedData/WebDriverAgent-gvnbbobaqwdgeeepwfrffrnyucio/Build/Products/Debug-iphonesimulator/WebDriverAgentLib.framework/Headers
2026-09-29 08:07:52:189 [790e2ec9][Xcode] 
2026-09-29 08:07:52:189 [790e2ec9][Xcode] CpHeader <host-path>/Library/Developer/Xcode/DerivedData/WebDriverAgent-gvnbbobaqwdgeeepwfrffrnyucio/Build/Products/Debug-iphonesimulator/WebDriverAgentLib.framework/Headers/XCUICoordinate.h <host-path>/qualification/compatibility-smoke/harness/node_modules/appium-xcuitest-driver/node_modules/appium-webdriveragent/PrivateHeaders/XCTest/XCUICoordinate.h (in target 'WebDriverAgentLib' from project 'WebDriverAgent')
2026-09-29 08:07:52:190 [790e2ec9][Xcode]     cd <host-path>/qualification/compatibility-smoke/harness/node_modules/appium-xcuitest-driver/node_modules/appium-webdriveragent
2026-09-29 08:07:52:190 [790e2ec9][Xcode]     builtin-copy -exclude .DS_Store -exclude CVS -exclude .svn -exclude .git -exclude .hg -resolve-src-symlinks <host-path>/qualification/compatibility-smoke/harness/node_modules/appium-xcuitest-driver/node_modules/appium-webdriveragent/PrivateHeaders/XCTest/XCUICoordinate.h <host-path>/Library/Developer/Xcode/DerivedData/WebDriverAgent-gvnbbobaqwdgeeepwfrffrnyucio/Build/Products/Debug-iphonesimulator/WebDriverAgentLib.framework/Headers
2026-09-29 08:07:52:190 [790e2ec9][Xcode] 
2026-09-29 08:07:52:190 [790e2ec9][Xcode] CpHeader <host-path>/Library/Developer/Xcode/DerivedData/WebDriverAgent-gvnbbobaqwdgeeepwfrffrnyucio/Build/Products/Debug-iphonesimulator/WebDriverAgentLib.framework/Headers/XCUIButtonConsole.h <host-path>/qualification/compatibility-smoke/harness/node_modules/appium-xcuitest-driver/node_modules/appium-webdriveragent/PrivateHeaders/XCTest/XCUIButtonConsole.h (in target 'WebDriverAgentLib' from project 'WebDriverAgent')
2026-09-29 08:07:52:190 [790e2ec9][Xcode]     cd <host-path>/qualification/compatibility-smoke/harness/node_modules/appium-xcuitest-driver/node_modules/appium-webdriveragent
2026-09-29 08:07:52:190 [790e2ec9][Xcode]     builtin-copy -exclude .DS_Store -exclude CVS -exclude .svn -exclude .git -exclude .hg -resolve-src-symlinks <host-path>/qualification/compatibility-smoke/harness/node_modules/appium-xcuitest-driver/node_modules/appium-webdriveragent/PrivateHeaders/XCTest/XCUIButtonConsole.h <host-path>/Library/Developer/Xcode/DerivedData/WebDriverAgent-gvnbbobaqwdgeeepwfrffrnyucio/Build/Products/Debug-iphonesimulator/WebDriverAgentLib.framework/Headers
2026-09-29 08:07:52:190 [790e2ec9][Xcode] 
2026-09-29 08:07:52:190 [790e2ec9][Xcode] CpHeader <host-path>/Library/Developer/Xcode/DerivedData/WebDriverAgent-gvnbbobaqwdgeeepwfrffrnyucio/Build/Products/Debug-iphonesimulator/WebDriverAgentLib.framework/Headers/XCUIApplicationRegistry.h <host-path>/qualification/compatibility-smoke/harness/node_modules/appium-xcuitest-driver/node_modules/appium-webdriveragent/PrivateHeaders/XCTest/XCUIApplicationRegistry.h (in target 'WebDriverAgentLib' from project 'WebDriverAgent')
2026-09-29 08:07:52:190 [790e2ec9][Xcode]     cd <host-path>/qualification/compatibility-smoke/harness/node_modules/appium-xcuitest-driver/node_modules/appium-webdriveragent
2026-09-29 08:07:52:190 [790e2ec9][Xcode]     builtin-copy -exclude .DS_Store -exclude CVS -exclude .svn -exclude .git -exclude .hg -resolve-src-symlinks <host-path>/qualification/compatibility-smoke/harness/node_modules/appium-xcuitest-driver/node_modules/appium-webdriveragent/PrivateHeaders/XCTest/XCUIApplicationRegistry.h <host-path>/Library/Developer/Xcode/DerivedData/WebDriverAgent-gvnbbobaqwdgeeepwfrffrnyucio/Build/Products/Debug-iphonesimulator/WebDriverAgentLib.framework/Headers
2026-09-29 08:07:52:190 [790e2ec9][Xcode] 
2026-09-29 08:07:52:190 [790e2ec9][Xcode] CpHeader <host-path>/Library/Developer/Xcode/DerivedData/WebDriverAgent-gvnbbobaqwdgeeepwfrffrnyucio/Build/Products/Debug-iphonesimulator/WebDriverAgentLib.framework/Headers/XCUIApplicationProcessTracker-Protocol.h <host-path>/qualification/compatibility-smoke/harness/node_modules/appium-xcuitest-driver/node_modules/appium-webdriveragent/PrivateHeaders/XCTest/XCUIApplicationProcessTracker-Protocol.h (in target 'WebDriverAgentLib' from project 'WebDriverAgent')
2026-09-29 08:07:52:190 [790e2ec9][Xcode]     cd <host-path>/qualification/compatibility-smoke/harness/node_modules/appium-xcuitest-driver/node_modules/appium-webdriveragent
2026-09-29 08:07:52:190 [790e2ec9][Xcode]     builtin-copy -exclude .DS_Store -exclude CVS -exclude .svn -exclude .git -exclude .hg -resolve-src-symlinks <host-path>/qualification/compatibility-smoke/harness/node_modules/appium-xcuitest-driver/node_modules/appium-webdriveragent/PrivateHeaders/XCTest/XCUIApplicationProcessTracker-Protocol.h <host-path>/Library/Developer/Xcode/DerivedData/WebDriverAgent-gvnbbobaqwdgeeepwfrffrnyucio/Build/Products/Debug-iphonesimulator/WebDriverAgentLib.framework/Headers
2026-09-29 08:07:52:190 [790e2ec9][Xcode] 
2026-09-29 08:07:52:190 [790e2ec9][Xcode] CpHeader <host-path>/Library/Developer/Xcode/DerivedData/WebDriverAgent-gvnbbobaqwdgeeepwfrffrnyucio/Build/Products/Debug-iphonesimulator/WebDriverAgentLib.framework/Headers/XCUIApplicationProcessManaging-Protocol.h <host-path>/qualification/compatibility-smoke/harness/node_modules/appium-xcuitest-driver/node_modules/appium-webdriveragent/PrivateHeaders/XCTest/XCUIApplicationProcessManaging-Protocol.h (in target 'WebDriverAgentLib' from project 'WebDriverAgent')
2026-09-29 08:07:52:190 [790e2ec9][Xcode]     cd <host-path>/qualification/compatibility-smoke/harness/node_modules/appium-xcuitest-driver/node_modules/appium-webdriveragent
2026-09-29 08:07:52:232 [790e2ec9][Xcode]     builtin-copy -exclude .DS_Store -exclude CVS -exclude .svn -exclude .git -exclude .hg -resolve-src-symlinks <host-path>/qualification/compatibility-smoke/harness/node_modules/appium-xcuitest-driver/node_modules/appium-webdriveragent/PrivateHeaders/XCTest/XCUIApplicationProcessManaging-Protocol.h <host-path>/Library/Developer/Xcode/DerivedData/WebDriverAgent-gvnbbobaqwdgeeepwfrffrnyucio/Build/Products/Debug-iphonesimulator/WebDriverAgentLib.framework/Headers
2026-09-29 08:07:52:234 [790e2ec9][Xcode] 
2026-09-29 08:07:52:235 [790e2ec9][Xcode] CpHeader <host-path>/Library/Developer/Xcode/DerivedData/WebDriverAgent-gvnbbobaqwdgeeepwfrffrnyucio/Build/Products/Debug-iphonesimulator/WebDriverAgentLib.framework/Headers/XCUIApplicationProcessDelegate-Protocol.h <host-path>/qualification/compatibility-smoke/harness/node_modules/appium-xcuitest-driver/node_modules/appium-webdriveragent/PrivateHeaders/XCTest/XCUIApplicationProcessDelegate-Protocol.h (in target 'WebDriverAgentLib' from project 'WebDriverAgent')
2026-09-29 08:07:52:235 [790e2ec9][Xcode]     cd <host-path>/qualification/compatibility-smoke/harness/node_modules/appium-xcuitest-driver/node_modules/appium-webdriveragent
2026-09-29 08:07:52:243 [790e2ec9][Xcode]     builtin-copy -exclude .DS_Store -exclude CVS -exclude .svn -exclude .git -exclude .hg -resolve-src-symlinks <host-path>/qualification/compatibility-smoke/harness/node_modules/appium-xcuitest-driver/node_modules/appium-webdriveragent/PrivateHeaders/XCTest/XCUIApplicationProcessDelegate-Protocol.h <host-path>/Library/Developer/Xcode/DerivedData/WebDriverAgent-gvnbbobaqwdgeeepwfrffrnyucio/Build/Products/Debug-iphonesimulator/WebDriverAgentLib.framework/Headers
2026-09-29 08:07:52:243 [790e2ec9][Xcode] 
2026-09-29 08:07:52:243 [790e2ec9][Xcode] CpHeader <host-path>/Library/Developer/Xcode/DerivedData/WebDriverAgent-gvnbbobaqwdgeeepwfrffrnyucio/Build/Products/Debug-iphonesimulator/WebDriverAgentLib.framework/Headers/XCUIApplicationProcess.h <host-path>/qualification/compatibility-smoke/harness/node_modules/appium-xcuitest-driver/node_modules/appium-webdriveragent/PrivateHeaders/XCTest/XCUIApplicationProcess.h (in target 'WebDriverAgentLib' from project 'WebDriverAgent')
2026-09-29 08:07:52:243 [790e2ec9][Xcode]     cd <host-path>/qualification/compatibility-smoke/harness/node_modules/appium-xcuitest-driver/node_modules/appium-webdriveragent
2026-09-29 08:07:52:243 [790e2ec9][Xcode]     builtin-copy -exclude .DS_Store -exclude CVS -exclude .svn -exclude .git -exclude .hg -resolve-src-symlinks <host-path>/qualification/compatibility-smoke/harness/node_modules/appium-xcuitest-driver/node_modules/appium-webdriveragent/PrivateHeaders/XCTest/XCUIApplicationProcess.h <host-path>/Library/Developer/Xcode/DerivedData/WebDriverAgent-gvnbbobaqwdgeeepwfrffrnyucio/Build/Products/Debug-iphonesimulator/WebDriverAgentLib.framework/Headers
2026-09-29 08:07:52:243 [790e2ec9][Xcode] 
2026-09-29 08:07:52:243 [790e2ec9][Xcode] CpHeader <host-path>/Library/Developer/Xcode/DerivedData/WebDriverAgent-gvnbbobaqwdgeeepwfrffrnyucio/Build/Products/Debug-iphonesimulator/WebDriverAgentLib.framework/Headers/XCUIApplicationPlatformServicesProviderDelegate-Protocol.h <host-path>/qualification/compatibility-smoke/harness/node_modules/appium-xcuitest-driver/node_modules/appium-webdriveragent/PrivateHeaders/XCTest/XCUIApplicationPlatformServicesProviderDelegate-Protocol.h (in target 'WebDriverAgentLib' from project 'WebDriverAgent')
2026-09-29 08:07:52:243 [790e2ec9][Xcode]     cd <host-path>/qualification/compatibility-smoke/harness/node_modules/appium-xcuitest-driver/node_modules/appium-webdriveragent
2026-09-29 08:07:52:243 [790e2ec9][Xcode]     builtin-copy -exclude .DS_Store -exclude CVS -exclude .svn -exclude .git -exclude .hg -resolve-src-symlinks <host-path>/qualification/compatibility-smoke/harness/node_modules/appium-xcuitest-driver/node_modules/appium-webdriveragent/PrivateHeaders/XCTest/XCUIApplicationPlatformServicesProviderDelegate-Protocol.h <host-path>/Library/Developer/Xcode/DerivedData/WebDriverAgent-gvnbbobaqwdgeeepwfrffrnyucio/Build/Products/Debug-iphonesimulator/WebDriverAgentLib.framework/Headers
2026-09-29 08:07:52:243 [790e2ec9][Xcode] 
2026-09-29 08:07:52:243 [790e2ec9][Xcode] CpHeader <host-path>/Library/Developer/Xcode/DerivedData/WebDriverAgent-gvnbbobaqwdgeeepwfrffrnyucio/Build/Products/Debug-iphonesimulator/WebDriverAgentLib.framework/Headers/XCUIApplicationOpenRequest.h <host-path>/qualification/compatibility-smoke/harness/node_modules/appium-xcuitest-driver/node_modules/appium-webdriveragent/PrivateHeaders/XCTest/XCUIApplicationOpenRequest.h (in target 'WebDriverAgentLib' from project 'WebDriverAgent')
2026-09-29 08:07:52:243 [790e2ec9][Xcode]     cd <host-path>/qualification/compatibility-smoke/harness/node_modules/appium-xcuitest-driver/node_modules/appium-webdriveragent
2026-09-29 08:07:52:243 [790e2ec9][Xcode]     builtin-copy -exclude .DS_Store -exclude CVS -exclude .svn -exclude .git -exclude .hg -resolve-src-symlinks <host-path>/qualification/compatibility-smoke/harness/node_modules/appium-xcuitest-driver/node_modules/appium-webdriveragent/PrivateHeaders/XCTest/XCUIApplicationOpenRequest.h <host-path>/Library/Developer/Xcode/DerivedData/WebDriverAgent-gvnbbobaqwdgeeepwfrffrnyucio/Build/Products/Debug-iphonesimulator/WebDriverAgentLib.framework/Headers
2026-09-29 08:07:52:243 [790e2ec9][Xcode] 
2026-09-29 08:07:52:243 [790e2ec9][Xcode] CpHeader <host-path>/Library/Developer/Xcode/DerivedData/WebDriverAgent-gvnbbobaqwdgeeepwfrffrnyucio/Build/Products/Debug-iphonesimulator/WebDriverAgentLib.framework/Headers/XCUIApplicationMonitor-Protocol.h <host-path>/qualification/compatibility-smoke/harness/node_modules/appium-xcuitest-driver/node_modules/appium-webdriveragent/PrivateHeaders/XCTest/XCUIApplicationMonitor-Protocol.h (in target 'WebDriverAgentLib' from project 'WebDriverAgent')
2026-09-29 08:07:52:243 [790e2ec9][Xcode]     cd <host-path>/qualification/compatibility-smoke/harness/node_modules/appium-xcuitest-driver/node_modules/appium-webdriveragent
2026-09-29 08:07:52:243 [790e2ec9][Xcode]     builtin-copy -exclude .DS_Store -exclude CVS -exclude .svn -exclude .git -exclude .hg -resolve-src-symlinks <host-path>/qualification/compatibility-smoke/harness/node_modules/appium-xcuitest-driver/node_modules/appium-webdriveragent/PrivateHeaders/XCTest/XCUIApplicationMonitor-Protocol.h <host-path>/Library/Developer/Xcode/DerivedData/WebDriverAgent-gvnbbobaqwdgeeepwfrffrnyucio/Build/Products/Debug-iphonesimulator/WebDriverAgentLib.framework/Headers
2026-09-29 08:07:52:243 [790e2ec9][Xcode] 
2026-09-29 08:07:52:244 [790e2ec9][Xcode] CpHeader <host-path>/Library/Developer/Xcode/DerivedData/WebDriverAgent-gvnbbobaqwdgeeepwfrffrnyucio/Build/Products/Debug-iphonesimulator/WebDriverAgentLib.framework/Headers/XCUIApplicationManaging-Protocol.h <host-path>/qualification/compatibility-smoke/harness/node_modules/appium-xcuitest-driver/node_modules/appium-webdriveragent/PrivateHeaders/XCTest/XCUIApplicationManaging-Protocol.h (in target 'WebDriverAgentLib' from project 'WebDriverAgent')
2026-09-29 08:07:52:244 [790e2ec9][Xcode]     cd <host-path>/qualification/compatibility-smoke/harness/node_modules/appium-xcuitest-driver/node_modules/appium-webdriveragent
2026-09-29 08:07:52:244 [790e2ec9][Xcode]     builtin-copy -exclude .DS_Store -exclude CVS -exclude .svn -exclude .git -exclude .hg -resolve-src-symlinks <host-path>/qualification/compatibility-smoke/harness/node_modules/appium-xcuitest-driver/node_modules/appium-webdriveragent/PrivateHeaders/XCTest/XCUIApplicationManaging-Protocol.h <host-path>/Library/Developer/Xcode/DerivedData/WebDriverAgent-gvnbbobaqwdgeeepwfrffrnyucio/Build/Products/Debug-iphonesimulator/WebDriverAgentLib.framework/Headers
2026-09-29 08:07:52:245 [790e2ec9][Xcode] 
2026-09-29 08:07:52:246 [790e2ec9][Xcode] CpHeader <host-path>/Library/Developer/Xcode/DerivedData/WebDriverAgent-gvnbbobaqwdgeeepwfrffrnyucio/Build/Products/Debug-iphonesimulator/WebDriverAgentLib.framework/Headers/XCUIApplicationImplReporter-Protocol.h <host-path>/qualification/compatibility-smoke/harness/node_modules/appium-xcuitest-driver/node_modules/appium-webdriveragent/PrivateHeaders/XCTest/XCUIApplicationImplReporter-Protocol.h (in target 'WebDriverAgentLib' from project 'WebDriverAgent')
2026-09-29 08:07:52:246 [790e2ec9][Xcode]     cd <host-path>/qualification/compatibility-smoke/harness/node_modules/appium-xcuitest-driver/node_modules/appium-webdriveragent
2026-09-29 08:07:52:247 [790e2ec9][Xcode]     builtin-copy -exclude .DS_Store -exclude CVS -exclude .svn -exclude .git -exclude .hg -resolve-src-symlinks <host-path>/qualification/compatibility-smoke/harness/node_modules/appium-xcuitest-driver/node_modules/appium-webdriveragent/PrivateHeaders/XCTest/XCUIApplicationImplReporter-Protocol.h <host-path>/Library/Developer/Xcode/DerivedData/WebDriverAgent-gvnbbobaqwdgeeepwfrffrnyucio/Build/Products/Debug-iphonesimulator/WebDriverAgentLib.framework/Headers
2026-09-29 08:07:52:247 [790e2ec9][Xcode] 
2026-09-29 08:07:52:247 [790e2ec9][Xcode] CpHeader <host-path>/Library/Developer/Xcode/DerivedData/WebDriverAgent-gvnbbobaqwdgeeepwfrffrnyucio/Build/Products/Debug-iphonesimulator/WebDriverAgentLib.framework/Headers/XCUIApplicationImpl.h <host-path>/qualification/compatibility-smoke/harness/node_modules/appium-xcuitest-driver/node_modules/appium-webdriveragent/PrivateHeaders/XCTest/XCUIApplicationImpl.h (in target 'WebDriverAgentLib' from project 'WebDriverAgent')
2026-09-29 08:07:52:247 [790e2ec9][Xcode]     cd <host-path>/qualification/compatibility-smoke/harness/node_modules/appium-xcuitest-driver/node_modules/appium-webdriveragent
2026-09-29 08:07:52:247 [790e2ec9][Xcode]     builtin-copy -exclude .DS_Store -exclude CVS -exclude .svn -exclude .git -exclude .hg -resolve-src-symlinks <host-path>/qualification/compatibility-smoke/harness/node_modules/appium-xcuitest-driver/node_modules/appium-webdriveragent/PrivateHeaders/XCTest/XCUIApplicationImpl.h <host-path>/Library/Developer/Xcode/DerivedData/WebDriverAgent-gvnbbobaqwdgeeepwfrffrnyucio/Build/Products/Debug-iphonesimulator/WebDriverAgentLib.framework/Headers
2026-09-29 08:07:52:247 [790e2ec9][Xcode] 
2026-09-29 08:07:52:248 [790e2ec9][Xcode] CpHeader <host-path>/Library/Developer/Xcode/DerivedData/WebDriverAgent-gvnbbobaqwdgeeepwfrffrnyucio/Build/Products/Debug-iphonesimulator/WebDriverAgentLib.framework/Headers/XCUIApplicationAutomationSessionProviding-Protocol.h <host-path>/qualification/compatibility-smoke/harness/node_modules/appium-xcuitest-driver/node_modules/appium-webdriveragent/PrivateHeaders/XCTest/XCUIApplicationAutomationSessionProviding-Protocol.h (in target 'WebDriverAgentLib' from project 'WebDriverAgent')
2026-09-29 08:07:52:248 [790e2ec9][Xcode]     cd <host-path>/qualification/compatibility-smoke/harness/node_modules/appium-xcuitest-driver/node_modules/appium-webdriveragent
2026-09-29 08:07:52:248 [790e2ec9][Xcode]     builtin-copy -exclude .DS_Store -exclude CVS -exclude .svn -exclude .git -exclude .hg -resolve-src-symlinks <host-path>/qualification/compatibility-smoke/harness/node_modules/appium-xcuitest-driver/node_modules/appium-webdriveragent/PrivateHeaders/XCTest/XCUIApplicationAutomationSessionProviding-Protocol.h <host-path>/Library/Developer/Xcode/DerivedData/WebDriverAgent-gvnbbobaqwdgeeepwfrffrnyucio/Build/Products/Debug-iphonesimulator/WebDriverAgentLib.framework/Headers
2026-09-29 08:07:52:248 [790e2ec9][Xcode] 
2026-09-29 08:07:52:248 [790e2ec9][Xcode] CpHeader <host-path>/Library/Developer/Xcode/DerivedData/WebDriverAgent-gvnbbobaqwdgeeepwfrffrnyucio/Build/Products/Debug-iphonesimulator/WebDriverAgentLib.framework/Headers/XCUIApplication.h <host-path>/qualification/compatibility-smoke/harness/node_modules/appium-xcuitest-driver/node_modules/appium-webdriveragent/PrivateHeaders/XCTest/XCUIApplication.h (in target 'WebDriverAgentLib' from project 'WebDriverAgent')
2026-09-29 08:07:52:248 [790e2ec9][Xcode]     cd <host-path>/qualification/compatibility-smoke/harness/node_modules/appium-xcuitest-driver/node_modules/appium-webdriveragent
2026-09-29 08:07:52:248 [790e2ec9][Xcode]     builtin-copy -exclude .DS_Store -exclude CVS -exclude .svn -exclude .git -exclude .hg -resolve-src-symlinks <host-path>/qualification/compatibility-smoke/harness/node_modules/appium-xcuitest-driver/node_modules/appium-webdriveragent/PrivateHeaders/XCTest/XCUIApplication.h <host-path>/Library/Developer/Xcode/DerivedData/WebDriverAgent-gvnbbobaqwdgeeepwfrffrnyucio/Build/Products/Debug-iphonesimulator/WebDriverAgentLib.framework/Headers
2026-09-29 08:07:52:248 [790e2ec9][Xcode] 
2026-09-29 08:07:52:249 [790e2ec9][Xcode] CpHeader <host-path>/Library/Developer/Xcode/DerivedData/WebDriverAgent-gvnbbobaqwdgeeepwfrffrnyucio/Build/Products/Debug-iphonesimulator/WebDriverAgentLib.framework/Headers/XCUIApplication+FBHelpers.h <host-path>/qualification/compatibility-smoke/harness/node_modules/appium-xcuitest-driver/node_modules/appium-webdriveragent/WebDriverAgentLib/Categories/XCUIApplication+FBHelpers.h (in target 'WebDriverAgentLib' from project 'WebDriverAgent')
2026-09-29 08:07:52:251 [790e2ec9][Xcode]     cd <host-path>/qualification/compatibility-smoke/harness/node_modules/appium-xcuitest-driver/node_modules/appium-webdriveragent
2026-09-29 08:07:52:251 [790e2ec9][Xcode]     builtin-copy -exclude .DS_Store -exclude CVS -exclude .svn -exclude .git -exclude .hg -resolve-src-symlinks <host-path>/qualification/compatibility-smoke/harness/node_modules/appium-xcuitest-driver/node_modules/appium-webdriveragent/WebDriverAgentLib/Categories/XCUIApplication+FBHelpers.h <host-path>/Library/Developer/Xcode/DerivedData/WebDriverAgent-gvnbbobaqwdgeeepwfrffrnyucio/Build/Products/Debug-iphonesimulator/WebDriverAgentLib.framework/Headers
2026-09-29 08:07:52:251 [790e2ec9][Xcode] 
2026-09-29 08:07:52:252 [790e2ec9][Xcode] CpHeader <host-path>/Library/Developer/Xcode/DerivedData/WebDriverAgent-gvnbbobaqwdgeeepwfrffrnyucio/Build/Products/Debug-iphonesimulator/WebDriverAgentLib.framework/Headers/XCUIAlertMonitoring-Protocol.h <host-path>/qualification/compatibility-smoke/harness/node_modules/appium-xcuitest-driver/node_modules/appium-webdriveragent/PrivateHeaders/XCTest/XCUIAlertMonitoring-Protocol.h (in target 'WebDriverAgentLib' from project 'WebDriverAgent')
2026-09-29 08:07:52:252 [790e2ec9][Xcode]     cd <host-path>/qualification/compatibility-smoke/harness/node_modules/appium-xcuitest-driver/node_modules/appium-webdriveragent
2026-09-29 08:07:52:252 [790e2ec9][Xcode]     builtin-copy -exclude .DS_Store -exclude CVS -exclude .svn -exclude .git -exclude .hg -resolve-src-symlinks <host-path>/qualification/compatibility-smoke/harness/node_modules/appium-xcuitest-driver/node_modules/appium-webdriveragent/PrivateHeaders/XCTest/XCUIAlertMonitoring-Protocol.h <host-path>/Library/Developer/Xcode/DerivedData/WebDriverAgent-gvnbbobaqwdgeeepwfrffrnyucio/Build/Products/Debug-iphonesimulator/WebDriverAgentLib.framework/Headers
2026-09-29 08:07:52:254 [790e2ec9][Xcode] 
2026-09-29 08:07:52:254 [790e2ec9][Xcode] CpHeader <host-path>/Library/Developer/Xcode/DerivedData/WebDriverAgent-gvnbbobaqwdgeeepwfrffrnyucio/Build/Products/Debug-iphonesimulator/WebDriverAgentLib.framework/Headers/XCUIAccessibilityInterface-Protocol.h <host-path>/qualification/compatibility-smoke/harness/node_modules/appium-xcuitest-driver/node_modules/appium-webdriveragent/PrivateHeaders/XCTest/XCUIAccessibilityInterface-Protocol.h (in target 'WebDriverAgentLib' from project 'WebDriverAgent')
2026-09-29 08:07:52:254 [790e2ec9][Xcode]     cd <host-path>/qualification/compatibility-smoke/harness/node_modules/appium-xcuitest-driver/node_modules/appium-webdriveragent
2026-09-29 08:07:52:255 [790e2ec9][Xcode]     builtin-copy -exclude .DS_Store -exclude CVS -exclude .svn -exclude .git -exclude .hg -resolve-src-symlinks <host-path>/qualification/compatibility-smoke/harness/node_modules/appium-xcuitest-driver/node_modules/appium-webdriveragent/PrivateHeaders/XCTest/XCUIAccessibilityInterface-Protocol.h <host-path>/Library/Developer/Xcode/DerivedData/WebDriverAgent-gvnbbobaqwdgeeepwfrffrnyucio/Build/Products/Debug-iphonesimulator/WebDriverAgentLib.framework/Headers
2026-09-29 08:07:52:255 [790e2ec9][Xcode] 
2026-09-29 08:07:52:255 [790e2ec9][Xcode] CpHeader <host-path>/Library/Developer/Xcode/DerivedData/WebDriverAgent-gvnbbobaqwdgeeepwfrffrnyucio/Build/Products/Debug-iphonesimulator/WebDriverAgentLib.framework/Headers/XCUIAXNotificationHandling-Protocol.h <host-path>/qualification/compatibility-smoke/harness/node_modules/appium-xcuitest-driver/node_modules/appium-webdriveragent/PrivateHeaders/XCTest/XCUIAXNotificationHandling-Protocol.h (in target 'WebDriverAgentLib' from project 'WebDriverAgent')
2026-09-29 08:07:52:255 [790e2ec9][Xcode]     cd <host-path>/qualification/compatibility-smoke/harness/node_modules/appium-xcuitest-driver/node_modules/appium-webdriveragent
2026-09-29 08:07:52:255 [790e2ec9][Xcode]     builtin-copy -exclude .DS_Store -exclude CVS -exclude .svn -exclude .git -exclude .hg -resolve-src-symlinks <host-path>/qualification/compatibility-smoke/harness/node_modules/appium-xcuitest-driver/node_modules/appium-webdriveragent/PrivateHeaders/XCTest/XCUIAXNotificationHandling-Protocol.h <host-path>/Library/Developer/Xcode/DerivedData/WebDriverAgent-gvnbbobaqwdgeeepwfrffrnyucio/Build/Products/Debug-iphonesimulator/WebDriverAgentLib.framework/Headers
2026-09-29 08:07:52:255 [790e2ec9][Xcode] 
2026-09-29 08:07:52:255 [790e2ec9][Xcode] CpHeader <host-path>/Library/Developer/Xcode/DerivedData/WebDriverAgent-gvnbbobaqwdgeeepwfrffrnyucio/Build/Products/Debug-iphonesimulator/WebDriverAgentLib.framework/Headers/XCTestRun.h <host-path>/qualification/compatibility-smoke/harness/node_modules/appium-xcuitest-driver/node_modules/appium-webdriveragent/PrivateHeaders/XCTest/XCTestRun.h (in target 'WebDriverAgentLib' from project 'WebDriverAgent')
2026-09-29 08:07:52:255 [790e2ec9][Xcode]     cd <host-path>/qualification/compatibility-smoke/harness/node_modules/appium-xcuitest-driver/node_modules/appium-webdriveragent
2026-09-29 08:07:52:255 [790e2ec9][Xcode]     builtin-copy -exclude .DS_Store -exclude CVS -exclude .svn -exclude .git -exclude .hg -resolve-src-symlinks <host-path>/qualification/compatibility-smoke/harness/node_modules/appium-xcuitest-driver/node_modules/appium-webdriveragent/PrivateHeaders/XCTest/XCTestRun.h <host-path>/Library/Developer/Xcode/DerivedData/WebDriverAgent-gvnbbobaqwdgeeepwfrffrnyucio/Build/Products/Debug-iphonesimulator/WebDriverAgentLib.framework/Headers
2026-09-29 08:07:52:255 [790e2ec9][Xcode] 
2026-09-29 08:07:52:255 [790e2ec9][Xcode] CpHeader <host-path>/Library/Developer/Xcode/DerivedData/WebDriverAgent-gvnbbobaqwdgeeepwfrffrnyucio/Build/Products/Debug-iphonesimulator/WebDriverAgentLib.framework/Headers/XCTestObservationCenter.h <host-path>/qualification/compatibility-smoke/harness/node_modules/appium-xcuitest-driver/node_modules/appium-webdriveragent/PrivateHeaders/XCTest/XCTestObservationCenter.h (in target 'WebDriverAgentLib' from project 'WebDriverAgent')
2026-09-29 08:07:52:255 [790e2ec9][Xcode]     cd <host-path>/qualification/compatibility-smoke/harness/node_modules/appium-xcuitest-driver/node_modules/appium-webdriveragent
2026-09-29 08:07:52:255 [790e2ec9][Xcode]     builtin-copy -exclude .DS_Store -exclude CVS -exclude .svn -exclude .git -exclude .hg -resolve-src-symlinks <host-path>/qualification/compatibility-smoke/harness/node_modules/appium-xcuitest-driver/node_modules/appium-webdriveragent/PrivateHeaders/XCTest/XCTestObservationCenter.h <host-path>/Library/Developer/Xcode/DerivedData/WebDriverAgent-gvnbbobaqwdgeeepwfrffrnyucio/Build/Products/Debug-iphonesimulator/WebDriverAgentLib.framework/Headers
2026-09-29 08:07:52:255 [790e2ec9][Xcode] 
2026-09-29 08:07:52:255 [790e2ec9][Xcode] CpHeader <host-path>/Library/Developer/Xcode/DerivedData/WebDriverAgent-gvnbbobaqwdgeeepwfrffrnyucio/Build/Products/Debug-iphonesimulator/WebDriverAgentLib.framework/Headers/XCTestExpectationDelegate-Protocol.h <host-path>/qualification/compatibility-smoke/harness/node_modules/appium-xcuitest-driver/node_modules/appium-webdriveragent/PrivateHeaders/XCTest/XCTestExpectationDelegate-Protocol.h (in target 'WebDriverAgentLib' from project 'WebDriverAgent')
2026-09-29 08:07:52:256 [790e2ec9][Xcode]     cd <host-path>/qualification/compatibility-smoke/harness/node_modules/appium-xcuitest-driver/node_modules/appium-webdriveragent
2026-09-29 08:07:52:256 [790e2ec9][Xcode]     builtin-copy -exclude .DS_Store -exclude CVS -exclude .svn -exclude .git -exclude .hg -resolve-src-symlinks <host-path>/qualification/compatibility-smoke/harness/node_modules/appium-xcuitest-driver/node_modules/appium-webdriveragent/PrivateHeaders/XCTest/XCTestExpectationDelegate-Protocol.h <host-path>/Library/Developer/Xcode/DerivedData/WebDriverAgent-gvnbbobaqwdgeeepwfrffrnyucio/Build/Products/Debug-iphonesimulator/WebDriverAgentLib.framework/Headers
2026-09-29 08:07:52:256 [790e2ec9][Xcode] 
2026-09-29 08:07:52:256 [790e2ec9][Xcode] CpHeader <host-path>/Library/Developer/Xcode/DerivedData/WebDriverAgent-gvnbbobaqwdgeeepwfrffrnyucio/Build/Products/Debug-iphonesimulator/WebDriverAgentLib.framework/Headers/XCTestExpectation.h <host-path>/qualification/compatibility-smoke/harness/node_modules/appium-xcuitest-driver/node_modules/appium-webdriveragent/PrivateHeaders/XCTest/XCTestExpectation.h (in target 'WebDriverAgentLib' from project 'WebDriverAgent')
2026-09-29 08:07:52:256 [790e2ec9][Xcode]     cd <host-path>/qualification/compatibility-smoke/harness/node_modules/appium-xcuitest-driver/node_modules/appium-webdriveragent
2026-09-29 08:07:52:257 [790e2ec9][Xcode]     builtin-copy -exclude .DS_Store -exclude CVS -exclude .svn -exclude .git -exclude .hg -resolve-src-symlinks <host-path>/qualification/compatibility-smoke/harness/node_modules/appium-xcuitest-driver/node_modules/appium-webdriveragent/PrivateHeaders/XCTest/XCTestExpectation.h <host-path>/Library/Developer/Xcode/DerivedData/WebDriverAgent-gvnbbobaqwdgeeepwfrffrnyucio/Build/Products/Debug-iphonesimulator/WebDriverAgentLib.framework/Headers
2026-09-29 08:07:52:257 [790e2ec9][Xcode] 
2026-09-29 08:07:52:257 [790e2ec9][Xcode] CpHeader <host-path>/Library/Developer/Xcode/DerivedData/WebDriverAgent-gvnbbobaqwdgeeepwfrffrnyucio/Build/Products/Debug-iphonesimulator/WebDriverAgentLib.framework/Headers/XCTestDriver.h <host-path>/qualification/compatibility-smoke/harness/node_modules/appium-xcuitest-driver/node_modules/appium-webdriveragent/PrivateHeaders/XCTest/XCTestDriver.h (in target 'WebDriverAgentLib' from project 'WebDriverAgent')
2026-09-29 08:07:52:257 [790e2ec9][Xcode]     cd <host-path>/qualification/compatibility-smoke/harness/node_modules/appium-xcuitest-driver/node_modules/appium-webdriveragent
2026-09-29 08:07:52:257 [790e2ec9][Xcode]     builtin-copy -exclude .DS_Store -exclude CVS -exclude .svn -exclude .git -exclude .hg -resolve-src-symlinks <host-path>/qualification/compatibility-smoke/harness/node_modules/appium-xcuitest-driver/node_modules/appium-webdriveragent/PrivateHeaders/XCTest/XCTestDriver.h <host-path>/Library/Developer/Xcode/DerivedData/WebDriverAgent-gvnbbobaqwdgeeepwfrffrnyucio/Build/Products/Debug-iphonesimulator/WebDriverAgentLib.framework/Headers
2026-09-29 08:07:52:257 [790e2ec9][Xcode] 
2026-09-29 08:07:52:258 [790e2ec9][Xcode] CpHeader <host-path>/Library/Developer/Xcode/DerivedData/WebDriverAgent-gvnbbobaqwdgeeepwfrffrnyucio/Build/Products/Debug-iphonesimulator/WebDriverAgentLib.framework/Headers/XCTestConfiguration.h <host-path>/qualification/compatibility-smoke/harness/node_modules/appium-xcuitest-driver/node_modules/appium-webdriveragent/PrivateHeaders/XCTest/XCTestConfiguration.h (in target 'WebDriverAgentLib' from project 'WebDriverAgent')
2026-09-29 08:07:52:259 [790e2ec9][Xcode]     cd <host-path>/qualification/compatibility-smoke/harness/node_modules/appium-xcuitest-driver/node_modules/appium-webdriveragent
2026-09-29 08:07:52:259 [790e2ec9][Xcode]     builtin-copy -exclude .DS_Store -exclude CVS -exclude .svn -exclude .git -exclude .hg -resolve-src-symlinks <host-path>/qualification/compatibility-smoke/harness/node_modules/appium-xcuitest-driver/node_modules/appium-webdriveragent/PrivateHeaders/XCTest/XCTestConfiguration.h <host-path>/Library/Developer/Xcode/DerivedData/WebDriverAgent-gvnbbobaqwdgeeepwfrffrnyucio/Build/Products/Debug-iphonesimulator/WebDriverAgentLib.framework/Headers
2026-09-29 08:07:52:259 [790e2ec9][Xcode] 
2026-09-29 08:07:52:260 [790e2ec9][Xcode] CpHeader <host-path>/Library/Developer/Xcode/DerivedData/WebDriverAgent-gvnbbobaqwdgeeepwfrffrnyucio/Build/Products/Debug-iphonesimulator/WebDriverAgentLib.framework/Headers/XCTestCastMethodNamesUIAutomationDelegate-Protocol.h <host-path>/qualification/compatibility-smoke/harness/node_modules/appium-xcuitest-driver/node_modules/appium-webdriveragent/PrivateHeaders/XCTest/XCTestCastMethodNamesUIAutomationDelegate-Protocol.h (in target 'WebDriverAgentLib' from project 'WebDriverAgent')
2026-09-29 08:07:52:260 [790e2ec9][Xcode]     cd <host-path>/qualification/compatibility-smoke/harness/node_modules/appium-xcuitest-driver/node_modules/appium-webdriveragent
2026-09-29 08:07:52:261 [790e2ec9][Xcode]     builtin-copy -exclude .DS_Store -exclude CVS -exclude .svn -exclude .git -exclude .hg -resolve-src-symlinks <host-path>/qualification/compatibility-smoke/harness/node_modules/appium-xcuitest-driver/node_modules/appium-webdriveragent/PrivateHeaders/XCTest/XCTestCastMethodNamesUIAutomationDelegate-Protocol.h <host-path>/Library/Developer/Xcode/DerivedData/WebDriverAgent-gvnbbobaqwdgeeepwfrffrnyucio/Build/Products/Debug-iphonesimulator/WebDriverAgentLib.framework/Headers
2026-09-29 08:07:52:261 [790e2ec9][Xcode] 
2026-09-29 08:07:52:261 [790e2ec9][Xcode] CpHeader <host-path>/Library/Developer/Xcode/DerivedData/WebDriverAgent-gvnbbobaqwdgeeepwfrffrnyucio/Build/Products/Debug-iphonesimulator/WebDriverAgentLib.framework/Headers/XCTestCaseUIAutomationDelegate-Protocol.h <host-path>/qualification/compatibility-smoke/harness/node_modules/appium-xcuitest-driver/node_modules/appium-webdriveragent/PrivateHeaders/XCTest/XCTestCaseUIAutomationDelegate-Protocol.h (in target 'WebDriverAgentLib' from project 'WebDriverAgent')
2026-09-29 08:07:52:261 [790e2ec9][Xcode]     cd <host-path>/qualification/compatibility-smoke/harness/node_modules/appium-xcuitest-driver/node_modules/appium-webdriveragent
2026-09-29 08:07:52:262 [790e2ec9][Xcode]     builtin-copy -exclude .DS_Store -exclude CVS -exclude .svn -exclude .git -exclude .hg -resolve-src-symlinks <host-path>/qualification/compatibility-smoke/harness/node_modules/appium-xcuitest-driver/node_modules/appium-webdriveragent/PrivateHeaders/XCTest/XCTestCaseUIAutomationDelegate-Protocol.h <host-path>/Library/Developer/Xcode/DerivedData/WebDriverAgent-gvnbbobaqwdgeeepwfrffrnyucio/Build/Products/Debug-iphonesimulator/WebDriverAgentLib.framework/Headers
2026-09-29 08:07:52:262 [790e2ec9][Xcode] 
2026-09-29 08:07:52:262 [790e2ec9][Xcode] CpHeader <host-path>/Library/Developer/Xcode/DerivedData/WebDriverAgent-gvnbbobaqwdgeeepwfrffrnyucio/Build/Products/Debug-iphonesimulator/WebDriverAgentLib.framework/Headers/XCTestCaseRun.h <host-path>/qualification/compatibility-smoke/harness/node_modules/appium-xcuitest-driver/node_modules/appium-webdriveragent/PrivateHeaders/XCTest/XCTestCaseRun.h (in target 'WebDriverAgentLib' from project 'WebDriverAgent')
2026-09-29 08:07:52:262 [790e2ec9][Xcode]     cd <host-path>/qualification/compatibility-smoke/harness/node_modules/appium-xcuitest-driver/node_modules/appium-webdriveragent
2026-09-29 08:07:52:262 [790e2ec9][Xcode]     builtin-copy -exclude .DS_Store -exclude CVS -exclude .svn -exclude .git -exclude .hg -resolve-src-symlinks <host-path>/qualification/compatibility-smoke/harness/node_modules/appium-xcuitest-driver/node_modules/appium-webdriveragent/PrivateHeaders/XCTest/XCTestCaseRun.h <host-path>/Library/Developer/Xcode/DerivedData/WebDriverAgent-gvnbbobaqwdgeeepwfrffrnyucio/Build/Products/Debug-iphonesimulator/WebDriverAgentLib.framework/Headers
2026-09-29 08:07:52:262 [790e2ec9][Xcode] 
2026-09-29 08:07:52:263 [790e2ec9][Xcode] CpHeader <host-path>/Library/Developer/Xcode/DerivedData/WebDriverAgent-gvnbbobaqwdgeeepwfrffrnyucio/Build/Products/Debug-iphonesimulator/WebDriverAgentLib.framework/Headers/XCTestCaseDiscoveryUIAutomationDelegate-Protocol.h <host-path>/qualification/compatibility-smoke/harness/node_modules/appium-xcuitest-driver/node_modules/appium-webdriveragent/PrivateHeaders/XCTest/XCTestCaseDiscoveryUIAutomationDelegate-Protocol.h (in target 'WebDriverAgentLib' from project 'WebDriverAgent')
2026-09-29 08:07:52:263 [790e2ec9][Xcode]     cd <host-path>/qualification/compatibility-smoke/harness/node_modules/appium-xcuitest-driver/node_modules/appium-webdriveragent
2026-09-29 08:07:52:265 [790e2ec9][Xcode]     builtin-copy -exclude .DS_Store -exclude CVS -exclude .svn -exclude .git -exclude .hg -resolve-src-symlinks <host-path>/qualification/compatibility-smoke/harness/node_modules/appium-xcuitest-driver/node_modules/appium-webdriveragent/PrivateHeaders/XCTest/XCTestCaseDiscoveryUIAutomationDelegate-Protocol.h <host-path>/Library/Developer/Xcode/DerivedData/WebDriverAgent-gvnbbobaqwdgeeepwfrffrnyucio/Build/Products/Debug-iphonesimulator/WebDriverAgentLib.framework/Headers
2026-09-29 08:07:52:265 [790e2ec9][Xcode] 
2026-09-29 08:07:52:265 [790e2ec9][Xcode] CpHeader <host-path>/Library/Developer/Xcode/DerivedData/WebDriverAgent-gvnbbobaqwdgeeepwfrffrnyucio/Build/Products/Debug-iphonesimulator/WebDriverAgentLib.framework/Headers/XCTestCase.h <host-path>/qualification/compatibility-smoke/harness/node_modules/appium-xcuitest-driver/node_modules/appium-webdriveragent/PrivateHeaders/XCTest/XCTestCase.h (in target 'WebDriverAgentLib' from project 'WebDriverAgent')
2026-09-29 08:07:52:265 [790e2ec9][Xcode]     cd <host-path>/qualification/compatibility-smoke/harness/node_modules/appium-xcuitest-driver/node_modules/appium-webdriveragent
2026-09-29 08:07:52:265 [790e2ec9][Xcode]     builtin-copy -exclude .DS_Store -exclude CVS -exclude .svn -exclude .git -exclude .hg -resolve-src-symlinks <host-path>/qualification/compatibility-smoke/harness/node_modules/appium-xcuitest-driver/node_modules/appium-webdriveragent/PrivateHeaders/XCTest/XCTestCase.h <host-path>/Library/Developer/Xcode/DerivedData/WebDriverAgent-gvnbbobaqwdgeeepwfrffrnyucio/Build/Products/Debug-iphonesimulator/WebDriverAgentLib.framework/Headers
2026-09-29 08:07:52:265 [790e2ec9][Xcode] 
2026-09-29 08:07:52:265 [790e2ec9][Xcode] CpHeader <host-path>/Library/Developer/Xcode/DerivedData/WebDriverAgent-gvnbbobaqwdgeeepwfrffrnyucio/Build/Products/Debug-iphonesimulator/WebDriverAgentLib.framework/Headers/XCTest.h <host-path>/qualification/compatibility-smoke/harness/node_modules/appium-xcuitest-driver/node_modules/appium-webdriveragent/PrivateHeaders/XCTest/XCTest.h (in target 'WebDriverAgentLib' from project 'WebDriverAgent')
2026-09-29 08:07:52:265 [790e2ec9][Xcode]     cd <host-path>/qualification/compatibility-smoke/harness/node_modules/appium-xcuitest-driver/node_modules/appium-webdriveragent
2026-09-29 08:07:52:265 [790e2ec9][Xcode]     builtin-copy -exclude .DS_Store -exclude CVS -exclude .svn -exclude .git -exclude .hg -resolve-src-symlinks <host-path>/qualification/compatibility-smoke/harness/node_modules/appium-xcuitest-driver/node_modules/appium-webdriveragent/PrivateHeaders/XCTest/XCTest.h <host-path>/Library/Developer/Xcode/DerivedData/WebDriverAgent-gvnbbobaqwdgeeepwfrffrnyucio/Build/Products/Debug-iphonesimulator/WebDriverAgentLib.framework/Headers
2026-09-29 08:07:52:265 [790e2ec9][Xcode] 
2026-09-29 08:07:52:265 [790e2ec9][Xcode] CpHeader <host-path>/Library/Developer/Xcode/DerivedData/WebDriverAgent-gvnbbobaqwdgeeepwfrffrnyucio/Build/Products/Debug-iphonesimulator/WebDriverAgentLib.framework/Headers/XCTWaiterWait.h <host-path>/qualification/compatibility-smoke/harness/node_modules/appium-xcuitest-driver/node_modules/appium-webdriveragent/PrivateHeaders/XCTest/XCTWaiterWait.h (in target 'WebDriverAgentLib' from project 'WebDriverAgent')
2026-09-29 08:07:52:265 [790e2ec9][Xcode]     cd <host-path>/qualification/compatibility-smoke/harness/node_modules/appium-xcuitest-driver/node_modules/appium-webdriveragent
2026-09-29 08:07:52:265 [790e2ec9][Xcode]     builtin-copy -exclude .DS_Store -exclude CVS -exclude .svn -exclude .git -exclude .hg -resolve-src-symlinks <host-path>/qualification/compatibility-smoke/harness/node_modules/appium-xcuitest-driver/node_modules/appium-webdriveragent/PrivateHeaders/XCTest/XCTWaiterWait.h <host-path>/Library/Developer/Xcode/DerivedData/WebDriverAgent-gvnbbobaqwdgeeepwfrffrnyucio/Build/Products/Debug-iphonesimulator/WebDriverAgentLib.framework/Headers
2026-09-29 08:07:52:265 [790e2ec9][Xcode] 
2026-09-29 08:07:52:265 [790e2ec9][Xcode] CpHeader <host-path>/Library/Developer/Xcode/DerivedData/WebDriverAgent-gvnbbobaqwdgeeepwfrffrnyucio/Build/Products/Debug-iphonesimulator/WebDriverAgentLib.framework/Headers/XCTWaiterManager-Protocol.h <host-path>/qualification/compatibility-smoke/harness/node_modules/appium-xcuitest-driver/node_modules/appium-webdriveragent/PrivateHeaders/XCTest/XCTWaiterManager-Protocol.h (in target 'WebDriverAgentLib' from project 'WebDriverAgent')
2026-09-29 08:07:52:265 [790e2ec9][Xcode]     cd <host-path>/qualification/compatibility-smoke/harness/node_modules/appium-xcuitest-driver/node_modules/appium-webdriveragent
2026-09-29 08:07:52:265 [790e2ec9][Xcode]     builtin-copy -exclude .DS_Store -exclude CVS -exclude .svn -exclude .git -exclude .hg -resolve-src-symlinks <host-path>/qualification/compatibility-smoke/harness/node_modules/appium-xcuitest-driver/node_modules/appium-webdriveragent/PrivateHeaders/XCTest/XCTWaiterManager-Protocol.h <host-path>/Library/Developer/Xcode/DerivedData/WebDriverAgent-gvnbbobaqwdgeeepwfrffrnyucio/Build/Products/Debug-iphonesimulator/WebDriverAgentLib.framework/Headers
2026-09-29 08:07:52:265 [790e2ec9][Xcode] 
2026-09-29 08:07:52:265 [790e2ec9][Xcode] CpHeader <host-path>/Library/Developer/Xcode/DerivedData/WebDriverAgent-gvnbbobaqwdgeeepwfrffrnyucio/Build/Products/Debug-iphonesimulator/WebDriverAgentLib.framework/Headers/XCTWaiterManagement-Protocol.h <host-path>/qualification/compatibility-smoke/harness/node_modules/appium-xcuitest-driver/node_modules/appium-webdriveragent/PrivateHeaders/XCTest/XCTWaiterManagement-Protocol.h (in target 'WebDriverAgentLib' from project 'WebDriverAgent')
2026-09-29 08:07:52:265 [790e2ec9][Xcode]     cd <host-path>/qualification/compatibility-smoke/harness/node_modules/appium-xcuitest-driver/node_modules/appium-webdriveragent
2026-09-29 08:07:52:265 [790e2ec9][Xcode]     builtin-copy -exclude .DS_Store -exclude CVS -exclude .svn -exclude .git -exclude .hg -resolve-src-symlinks <host-path>/qualification/compatibility-smoke/harness/node_modules/appium-xcuitest-driver/node_modules/appium-webdriveragent/PrivateHeaders/XCTest/XCTWaiterManagement-Protocol.h <host-path>/Library/Developer/Xcode/DerivedData/WebDriverAgent-gvnbbobaqwdgeeepwfrffrnyucio/Build/Products/Debug-iphonesimulator/WebDriverAgentLib.framework/Headers
2026-09-29 08:07:52:265 [790e2ec9][Xcode] 
2026-09-29 08:07:52:265 [790e2ec9][Xcode] CpHeader <host-path>/Library/Developer/Xcode/DerivedData/WebDriverAgent-gvnbbobaqwdgeeepwfrffrnyucio/Build/Products/Debug-iphonesimulator/WebDriverAgentLib.framework/Headers/XCTWaiter.h <host-path>/qualification/compatibility-smoke/harness/node_modules/appium-xcuitest-driver/node_modules/appium-webdriveragent/PrivateHeaders/XCTest/XCTWaiter.h (in target 'WebDriverAgentLib' from project 'WebDriverAgent')
2026-09-29 08:07:52:265 [790e2ec9][Xcode]     cd <host-path>/qualification/compatibility-smoke/harness/node_modules/appium-xcuitest-driver/node_modules/appium-webdriveragent
2026-09-29 08:07:52:265 [790e2ec9][Xcode]     builtin-copy -exclude .DS_Store -exclude CVS -exclude .svn -exclude .git -exclude .hg -resolve-src-symlinks <host-path>/qualification/compatibility-smoke/harness/node_modules/appium-xcuitest-driver/node_modules/appium-webdriveragent/PrivateHeaders/XCTest/XCTWaiter.h <host-path>/Library/Developer/Xcode/DerivedData/WebDriverAgent-gvnbbobaqwdgeeepwfrffrnyucio/Build/Products/Debug-iphonesimulator/WebDriverAgentLib.framework/Headers
2026-09-29 08:07:52:265 [790e2ec9][Xcode] 
2026-09-29 08:07:52:265 [790e2ec9][Xcode] CpHeader <host-path>/Library/Developer/Xcode/DerivedData/WebDriverAgent-gvnbbobaqwdgeeepwfrffrnyucio/Build/Products/Debug-iphonesimulator/WebDriverAgentLib.framework/Headers/XCTTestSelection.h <host-path>/qualification/compatibility-smoke/harness/node_modules/appium-xcuitest-driver/node_modules/appium-webdriveragent/PrivateHeaders/XCTest/XCTTestSelection.h (in target 'WebDriverAgentLib' from project 'WebDriverAgent')
2026-09-29 08:07:52:265 [790e2ec9][Xcode]     cd <host-path>/qualification/compatibility-smoke/harness/node_modules/appium-xcuitest-driver/node_modules/appium-webdriveragent
2026-09-29 08:07:52:265 [790e2ec9][Xcode]     builtin-copy -exclude .DS_Store -exclude CVS -exclude .svn -exclude .git -exclude .hg -resolve-src-symlinks <host-path>/qualification/compatibility-smoke/harness/node_modules/appium-xcuitest-driver/node_modules/appium-webdriveragent/PrivateHeaders/XCTest/XCTTestSelection.h <host-path>/Library/Developer/Xcode/DerivedData/WebDriverAgent-gvnbbobaqwdgeeepwfrffrnyucio/Build/Products/Debug-iphonesimulator/WebDriverAgentLib.framework/Headers
2026-09-29 08:07:52:265 [790e2ec9][Xcode] 
2026-09-29 08:07:52:265 [790e2ec9][Xcode] CpHeader <host-path>/Library/Developer/Xcode/DerivedData/WebDriverAgent-gvnbbobaqwdgeeepwfrffrnyucio/Build/Products/Debug-iphonesimulator/WebDriverAgentLib.framework/Headers/XCTTestIdentifierSet.h <host-path>/qualification/compatibility-smoke/harness/node_modules/appium-xcuitest-driver/node_modules/appium-webdriveragent/PrivateHeaders/XCTest/XCTTestIdentifierSet.h (in target 'WebDriverAgentLib' from project 'WebDriverAgent')
2026-09-29 08:07:52:265 [790e2ec9][Xcode]     cd <host-path>/qualification/compatibility-smoke/harness/node_modules/appium-xcuitest-driver/node_modules/appium-webdriveragent
2026-09-29 08:07:52:265 [790e2ec9][Xcode]     builtin-copy -exclude .DS_Store -exclude CVS -exclude .svn -exclude .git -exclude .hg -resolve-src-symlinks <host-path>/qualification/compatibility-smoke/harness/node_modules/appium-xcuitest-driver/node_modules/appium-webdriveragent/PrivateHeaders/XCTest/XCTTestIdentifierSet.h <host-path>/Library/Developer/Xcode/DerivedData/WebDriverAgent-gvnbbobaqwdgeeepwfrffrnyucio/Build/Products/Debug-iphonesimulator/WebDriverAgentLib.framework/Headers
2026-09-29 08:07:52:265 [790e2ec9][Xcode] 
2026-09-29 08:07:52:265 [790e2ec9][Xcode] CpHeader <host-path>/Library/Developer/Xcode/DerivedData/WebDriverAgent-gvnbbobaqwdgeeepwfrffrnyucio/Build/Products/Debug-iphonesimulator/WebDriverAgentLib.framework/Headers/XCTTestIdentifier.h <host-path>/qualification/compatibility-smoke/harness/node_modules/appium-xcuitest-driver/node_modules/appium-webdriveragent/PrivateHeaders/XCTest/XCTTestIdentifier.h (in target 'WebDriverAgentLib' from project 'WebDriverAgent')
2026-09-29 08:07:52:265 [790e2ec9][Xcode]     cd <host-path>/qualification/compatibility-smoke/harness/node_modules/appium-xcuitest-driver/node_modules/appium-webdriveragent
2026-09-29 08:07:52:266 [790e2ec9][Xcode]     builtin-copy -exclude .DS_Store -exclude CVS -exclude .svn -exclude .git -exclude .hg -resolve-src-symlinks <host-path>/qualification/compatibility-smoke/harness/node_modules/appium-xcuitest-driver/node_modules/appium-webdriveragent/PrivateHeaders/XCTest/XCTTestIdentifier.h <host-path>/Library/Developer/Xcode/DerivedData/WebDriverAgent-gvnbbobaqwdgeeepwfrffrnyucio/Build/Products/Debug-iphonesimulator/WebDriverAgentLib.framework/Headers
2026-09-29 08:07:52:266 [790e2ec9][Xcode] 
2026-09-29 08:07:52:266 [790e2ec9][Xcode] CpHeader <host-path>/Library/Developer/Xcode/DerivedData/WebDriverAgent-gvnbbobaqwdgeeepwfrffrnyucio/Build/Products/Debug-iphonesimulator/WebDriverAgentLib.framework/Headers/XCTTagSelection.h <host-path>/qualification/compatibility-smoke/harness/node_modules/appium-xcuitest-driver/node_modules/appium-webdriveragent/PrivateHeaders/XCTest/XCTTagSelection.h (in target 'WebDriverAgentLib' from project 'WebDriverAgent')
2026-09-29 08:07:52:266 [790e2ec9][Xcode]     cd <host-path>/qualification/compatibility-smoke/harness/node_modules/appium-xcuitest-driver/node_modules/appium-webdriveragent
2026-09-29 08:07:52:266 [790e2ec9][Xcode]     builtin-copy -exclude .DS_Store -exclude CVS -exclude .svn -exclude .git -exclude .hg -resolve-src-symlinks <host-path>/qualification/compatibility-smoke/harness/node_modules/appium-xcuitest-driver/node_modules/appium-webdriveragent/PrivateHeaders/XCTest/XCTTagSelection.h <host-path>/Library/Developer/Xcode/DerivedData/WebDriverAgent-gvnbbobaqwdgeeepwfrffrnyucio/Build/Products/Debug-iphonesimulator/WebDriverAgentLib.framework/Headers
2026-09-29 08:07:52:266 [790e2ec9][Xcode] 
2026-09-29 08:07:52:266 [790e2ec9][Xcode] CpHeader <host-path>/Library/Developer/Xcode/DerivedData/WebDriverAgent-gvnbbobaqwdgeeepwfrffrnyucio/Build/Products/Debug-iphonesimulator/WebDriverAgentLib.framework/Headers/XCTSourceCodeLocation.h <host-path>/qualification/compatibility-smoke/harness/node_modules/appium-xcuitest-driver/node_modules/appium-webdriveragent/PrivateHeaders/XCTest/XCTSourceCodeLocation.h (in target 'WebDriverAgentLib' from project 'WebDriverAgent')
2026-09-29 08:07:52:266 [790e2ec9][Xcode]     cd <host-path>/qualification/compatibility-smoke/harness/node_modules/appium-xcuitest-driver/node_modules/appium-webdriveragent
2026-09-29 08:07:52:266 [790e2ec9][Xcode]     builtin-copy -exclude .DS_Store -exclude CVS -exclude .svn -exclude .git -exclude .hg -resolve-src-symlinks <host-path>/qualification/compatibility-smoke/harness/node_modules/appium-xcuitest-driver/node_modules/appium-webdriveragent/PrivateHeaders/XCTest/XCTSourceCodeLocation.h <host-path>/Library/Developer/Xcode/DerivedData/WebDriverAgent-gvnbbobaqwdgeeepwfrffrnyucio/Build/Products/Debug-iphonesimulator/WebDriverAgentLib.framework/Headers
2026-09-29 08:07:52:266 [790e2ec9][Xcode] 
2026-09-29 08:07:52:266 [790e2ec9][Xcode] CpHeader <host-path>/Library/Developer/Xcode/DerivedData/WebDriverAgent-gvnbbobaqwdgeeepwfrffrnyucio/Build/Products/Debug-iphonesimulator/WebDriverAgentLib.framework/Headers/XCTSourceCodeContext.h <host-path>/qualification/compatibility-smoke/harness/node_modules/appium-xcuitest-driver/node_modules/appium-webdriveragent/PrivateHeaders/XCTest/XCTSourceCodeContext.h (in target 'WebDriverAgentLib' from project 'WebDriverAgent')
2026-09-29 08:07:52:283 [790e2ec9][Xcode]     cd <host-path>/qualification/compatibility-smoke/harness/node_modules/appium-xcuitest-driver/node_modules/appium-webdriveragent
2026-09-29 08:07:52:283 [790e2ec9][Xcode]     builtin-copy -exclude .DS_Store -exclude CVS -exclude .svn -exclude .git -exclude .hg -resolve-src-symlinks <host-path>/qualification/compatibility-smoke/harness/node_modules/appium-xcuitest-driver/node_modules/appium-webdriveragent/PrivateHeaders/XCTest/XCTSourceCodeContext.h <host-path>/Library/Developer/Xcode/DerivedData/WebDriverAgent-gvnbbobaqwdgeeepwfrffrnyucio/Build/Products/Debug-iphonesimulator/WebDriverAgentLib.framework/Headers
2026-09-29 08:07:52:283 [790e2ec9][Xcode] 
2026-09-29 08:07:52:283 [790e2ec9][Xcode] CpHeader <host-path>/Library/Developer/Xcode/DerivedData/WebDriverAgent-gvnbbobaqwdgeeepwfrffrnyucio/Build/Products/Debug-iphonesimulator/WebDriverAgentLib.framework/Headers/XCTSkippedTestContext.h <host-path>/qualification/compatibility-smoke/harness/node_modules/appium-xcuitest-driver/node_modules/appium-webdriveragent/PrivateHeaders/XCTest/XCTSkippedTestContext.h (in target 'WebDriverAgentLib' from project 'WebDriverAgent')
2026-09-29 08:07:52:283 [790e2ec9][Xcode]     cd <host-path>/qualification/compatibility-smoke/harness/node_modules/appium-xcuitest-driver/node_modules/appium-webdriveragent
2026-09-29 08:07:52:283 [790e2ec9][Xcode]     builtin-copy -exclude .DS_Store -exclude CVS -exclude .svn -exclude .git -exclude .hg -resolve-src-symlinks <host-path>/qualification/compatibility-smoke/harness/node_modules/appium-xcuitest-driver/node_modules/appium-webdriveragent/PrivateHeaders/XCTest/XCTSkippedTestContext.h <host-path>/Library/Developer/Xcode/DerivedData/WebDriverAgent-gvnbbobaqwdgeeepwfrffrnyucio/Build/Products/Debug-iphonesimulator/WebDriverAgentLib.framework/Headers
2026-09-29 08:07:52:283 [790e2ec9][Xcode] 
2026-09-29 08:07:52:283 [790e2ec9][Xcode] CpHeader <host-path>/Library/Developer/Xcode/DerivedData/WebDriverAgent-gvnbbobaqwdgeeepwfrffrnyucio/Build/Products/Debug-iphonesimulator/WebDriverAgentLib.framework/Headers/XCTSignpostListener-Protocol.h <host-path>/qualification/compatibility-smoke/harness/node_modules/appium-xcuitest-driver/node_modules/appium-webdriveragent/PrivateHeaders/XCTest/XCTSignpostListener-Protocol.h (in target 'WebDriverAgentLib' from project 'WebDriverAgent')
2026-09-29 08:07:52:283 [790e2ec9][Xcode]     cd <host-path>/qualification/compatibility-smoke/harness/node_modules/appium-xcuitest-driver/node_modules/appium-webdriveragent
2026-09-29 08:07:52:283 [790e2ec9][Xcode]     builtin-copy -exclude .DS_Store -exclude CVS -exclude .svn -exclude .git -exclude .hg -resolve-src-symlinks <host-path>/qualification/compatibility-smoke/harness/node_modules/appium-xcuitest-driver/node_modules/appium-webdriveragent/PrivateHeaders/XCTest/XCTSignpostListener-Protocol.h <host-path>/Library/Developer/Xcode/DerivedData/WebDriverAgent-gvnbbobaqwdgeeepwfrffrnyucio/Build/Products/Debug-iphonesimulator/WebDriverAgentLib.framework/Headers
2026-09-29 08:07:52:283 [790e2ec9][Xcode] 
2026-09-29 08:07:52:283 [790e2ec9][Xcode] CpHeader <host-path>/Library/Developer/Xcode/DerivedData/WebDriverAgent-gvnbbobaqwdgeeepwfrffrnyucio/Build/Products/Debug-iphonesimulator/WebDriverAgentLib.framework/Headers/XCTScreenCapturePolicy.h <host-path>/qualification/compatibility-smoke/harness/node_modules/appium-xcuitest-driver/node_modules/appium-webdriveragent/PrivateHeaders/XCTest/XCTScreenCapturePolicy.h (in target 'WebDriverAgentLib' from project 'WebDriverAgent')
2026-09-29 08:07:52:283 [790e2ec9][Xcode]     cd <host-path>/qualification/compatibility-smoke/harness/node_modules/appium-xcuitest-driver/node_modules/appium-webdriveragent
2026-09-29 08:07:52:283 [790e2ec9][Xcode]     builtin-copy -exclude .DS_Store -exclude CVS -exclude .svn -exclude .git -exclude .hg -resolve-src-symlinks <host-path>/qualification/compatibility-smoke/harness/node_modules/appium-xcuitest-driver/node_modules/appium-webdriveragent/PrivateHeaders/XCTest/XCTScreenCapturePolicy.h <host-path>/Library/Developer/Xcode/DerivedData/WebDriverAgent-gvnbbobaqwdgeeepwfrffrnyucio/Build/Products/Debug-iphonesimulator/WebDriverAgentLib.framework/Headers
2026-09-29 08:07:52:283 [790e2ec9][Xcode] 
2026-09-29 08:07:52:283 [790e2ec9][Xcode] CpHeader <host-path>/Library/Developer/Xcode/DerivedData/WebDriverAgent-gvnbbobaqwdgeeepwfrffrnyucio/Build/Products/Debug-iphonesimulator/WebDriverAgentLib.framework/Headers/XCTRuntimeIssueDetectionPolicy.h <host-path>/qualification/compatibility-smoke/harness/node_modules/appium-xcuitest-driver/node_modules/appium-webdriveragent/PrivateHeaders/XCTest/XCTRuntimeIssueDetectionPolicy.h (in target 'WebDriverAgentLib' from project 'WebDriverAgent')
2026-09-29 08:07:52:283 [790e2ec9][Xcode]     cd <host-path>/qualification/compatibility-smoke/harness/node_modules/appium-xcuitest-driver/node_modules/appium-webdriveragent
2026-09-29 08:07:52:283 [790e2ec9][Xcode]     builtin-copy -exclude .DS_Store -exclude CVS -exclude .svn -exclude .git -exclude .hg -resolve-src-symlinks <host-path>/qualification/compatibility-smoke/harness/node_modules/appium-xcuitest-driver/node_modules/appium-webdriveragent/PrivateHeaders/XCTest/XCTRuntimeIssueDetectionPolicy.h <host-path>/Library/Developer/Xcode/DerivedData/WebDriverAgent-gvnbbobaqwdgeeepwfrffrnyucio/Build/Products/Debug-iphonesimulator/WebDriverAgentLib.framework/Headers
2026-09-29 08:07:52:283 [790e2ec9][Xcode] 
2026-09-29 08:07:52:283 [790e2ec9][Xcode] CpHeader <host-path>/Library/Developer/Xcode/DerivedData/WebDriverAgent-gvnbbobaqwdgeeepwfrffrnyucio/Build/Products/Debug-iphonesimulator/WebDriverAgentLib.framework/Headers/XCTRuntimeDiagnosticsPolicy.h <host-path>/qualification/compatibility-smoke/harness/node_modules/appium-xcuitest-driver/node_modules/appium-webdriveragent/PrivateHeaders/XCTest/XCTRuntimeDiagnosticsPolicy.h (in target 'WebDriverAgentLib' from project 'WebDriverAgent')
2026-09-29 08:07:52:283 [790e2ec9][Xcode]     cd <host-path>/qualification/compatibility-smoke/harness/node_modules/appium-xcuitest-driver/node_modules/appium-webdriveragent
2026-09-29 08:07:52:283 [790e2ec9][Xcode]     builtin-copy -exclude .DS_Store -exclude CVS -exclude .svn -exclude .git -exclude .hg -resolve-src-symlinks <host-path>/qualification/compatibility-smoke/harness/node_modules/appium-xcuitest-driver/node_modules/appium-webdriveragent/PrivateHeaders/XCTest/XCTRuntimeDiagnosticsPolicy.h <host-path>/Library/Developer/Xcode/DerivedData/WebDriverAgent-gvnbbobaqwdgeeepwfrffrnyucio/Build/Products/Debug-iphonesimulator/WebDriverAgentLib.framework/Headers
2026-09-29 08:07:52:283 [790e2ec9][Xcode] 
2026-09-29 08:07:52:283 [790e2ec9][Xcode] CpHeader <host-path>/Library/Developer/Xcode/DerivedData/WebDriverAgent-gvnbbobaqwdgeeepwfrffrnyucio/Build/Products/Debug-iphonesimulator/WebDriverAgentLib.framework/Headers/XCTRunnerIDESessionDelegate-Protocol.h <host-path>/qualification/compatibility-smoke/harness/node_modules/appium-xcuitest-driver/node_modules/appium-webdriveragent/PrivateHeaders/XCTest/XCTRunnerIDESessionDelegate-Protocol.h (in target 'WebDriverAgentLib' from project 'WebDriverAgent')
2026-09-29 08:07:52:283 [790e2ec9][Xcode]     cd <host-path>/qualification/compatibility-smoke/harness/node_modules/appium-xcuitest-driver/node_modules/appium-webdriveragent
2026-09-29 08:07:52:283 [790e2ec9][Xcode]     builtin-copy -exclude .DS_Store -exclude CVS -exclude .svn -exclude .git -exclude .hg -resolve-src-symlinks <host-path>/qualification/compatibility-smoke/harness/node_modules/appium-xcuitest-driver/node_modules/appium-webdriveragent/PrivateHeaders/XCTest/XCTRunnerIDESessionDelegate-Protocol.h <host-path>/Library/Developer/Xcode/DerivedData/WebDriverAgent-gvnbbobaqwdgeeepwfrffrnyucio/Build/Products/Debug-iphonesimulator/WebDriverAgentLib.framework/Headers
2026-09-29 08:07:52:284 [790e2ec9][Xcode] 
2026-09-29 08:07:52:284 [790e2ec9][Xcode] CpHeader <host-path>/Library/Developer/Xcode/DerivedData/WebDriverAgent-gvnbbobaqwdgeeepwfrffrnyucio/Build/Products/Debug-iphonesimulator/WebDriverAgentLib.framework/Headers/XCTRunnerIDESession.h <host-path>/qualification/compatibility-smoke/harness/node_modules/appium-xcuitest-driver/node_modules/appium-webdriveragent/PrivateHeaders/XCTest/XCTRunnerIDESession.h (in target 'WebDriverAgentLib' from project 'WebDriverAgent')
2026-09-29 08:07:52:284 [790e2ec9][Xcode]     cd <host-path>/qualification/compatibility-smoke/harness/node_modules/appium-xcuitest-driver/node_modules/appium-webdriveragent
2026-09-29 08:07:52:284 [790e2ec9][Xcode]     builtin-copy -exclude .DS_Store -exclude CVS -exclude .svn -exclude .git -exclude .hg -resolve-src-symlinks <host-path>/qualification/compatibility-smoke/harness/node_modules/appium-xcuitest-driver/node_modules/appium-webdriveragent/PrivateHeaders/XCTest/XCTRunnerIDESession.h <host-path>/Library/Developer/Xcode/DerivedData/WebDriverAgent-gvnbbobaqwdgeeepwfrffrnyucio/Build/Products/Debug-iphonesimulator/WebDriverAgentLib.framework/Headers
2026-09-29 08:07:52:284 [790e2ec9][Xcode] 
2026-09-29 08:07:52:284 [790e2ec9][Xcode] CpHeader <host-path>/Library/Developer/Xcode/DerivedData/WebDriverAgent-gvnbbobaqwdgeeepwfrffrnyucio/Build/Products/Debug-iphonesimulator/WebDriverAgentLib.framework/Headers/XCTRunnerDaemonSessionUIAutomationDelegate-Protocol.h <host-path>/qualification/compatibility-smoke/harness/node_modules/appium-xcuitest-driver/node_modules/appium-webdriveragent/PrivateHeaders/XCTest/XCTRunnerDaemonSessionUIAutomationDelegate-Protocol.h (in target 'WebDriverAgentLib' from project 'WebDriverAgent')
2026-09-29 08:07:52:284 [790e2ec9][Xcode]     cd <host-path>/qualification/compatibility-smoke/harness/node_modules/appium-xcuitest-driver/node_modules/appium-webdriveragent
2026-09-29 08:07:52:284 [790e2ec9][Xcode]     builtin-copy -exclude .DS_Store -exclude CVS -exclude .svn -exclude .git -exclude .hg -resolve-src-symlinks <host-path>/qualification/compatibility-smoke/harness/node_modules/appium-xcuitest-driver/node_modules/appium-webdriveragent/PrivateHeaders/XCTest/XCTRunnerDaemonSessionUIAutomationDelegate-Protocol.h <host-path>/Library/Developer/Xcode/DerivedData/WebDriverAgent-gvnbbobaqwdgeeepwfrffrnyucio/Build/Products/Debug-iphonesimulator/WebDriverAgentLib.framework/Headers
2026-09-29 08:07:52:284 [790e2ec9][Xcode] 
2026-09-29 08:07:52:285 [790e2ec9][Xcode] CpHeader <host-path>/Library/Developer/Xcode/DerivedData/WebDriverAgent-gvnbbobaqwdgeeepwfrffrnyucio/Build/Products/Debug-iphonesimulator/WebDriverAgentLib.framework/Headers/XCTRunnerDaemonSession.h <host-path>/qualification/compatibility-smoke/harness/node_modules/appium-xcuitest-driver/node_modules/appium-webdriveragent/PrivateHeaders/XCTest/XCTRunnerDaemonSession.h (in target 'WebDriverAgentLib' from project 'WebDriverAgent')
2026-09-29 08:07:52:285 [790e2ec9][Xcode]     cd <host-path>/qualification/compatibility-smoke/harness/node_modules/appium-xcuitest-driver/node_modules/appium-webdriveragent
2026-09-29 08:07:52:285 [790e2ec9][Xcode]     builtin-copy -exclude .DS_Store -exclude CVS -exclude .svn -exclude .git -exclude .hg -resolve-src-symlinks <host-path>/qualification/compatibility-smoke/harness/node_modules/appium-xcuitest-driver/node_modules/appium-webdriveragent/PrivateHeaders/XCTest/XCTRunnerDaemonSession.h <host-path>/Library/Developer/Xcode/DerivedData/WebDriverAgent-gvnbbobaqwdgeeepwfrffrnyucio/Build/Products/Debug-iphonesimulator/WebDriverAgentLib.framework/Headers
2026-09-29 08:07:52:288 [790e2ec9][Xcode] 
2026-09-29 08:07:52:288 [790e2ec9][Xcode] CpHeader <host-path>/Library/Developer/Xcode/DerivedData/WebDriverAgent-gvnbbobaqwdgeeepwfrffrnyucio/Build/Products/Debug-iphonesimulator/WebDriverAgentLib.framework/Headers/XCTRunnerAutomationSession-Protocol.h <host-path>/qualification/compatibility-smoke/harness/node_modules/appium-xcuitest-driver/node_modules/appium-webdriveragent/PrivateHeaders/XCTest/XCTRunnerAutomationSession-Protocol.h (in target 'WebDriverAgentLib' from project 'WebDriverAgent')
2026-09-29 08:07:52:288 [790e2ec9][Xcode]     cd <host-path>/qualification/compatibility-smoke/harness/node_modules/appium-xcuitest-driver/node_modules/appium-webdriveragent
2026-09-29 08:07:52:288 [790e2ec9][Xcode]     builtin-copy -exclude .DS_Store -exclude CVS -exclude .svn -exclude .git -exclude .hg -resolve-src-symlinks <host-path>/qualification/compatibility-smoke/harness/node_modules/appium-xcuitest-driver/node_modules/appium-webdriveragent/PrivateHeaders/XCTest/XCTRunnerAutomationSession-Protocol.h <host-path>/Library/Developer/Xcode/DerivedData/WebDriverAgent-gvnbbobaqwdgeeepwfrffrnyucio/Build/Products/Debug-iphonesimulator/WebDriverAgentLib.framework/Headers
2026-09-29 08:07:52:288 [790e2ec9][Xcode] 
2026-09-29 08:07:52:288 [790e2ec9][Xcode] CpHeader <host-path>/Library/Developer/Xcode/DerivedData/WebDriverAgent-gvnbbobaqwdgeeepwfrffrnyucio/Build/Products/Debug-iphonesimulator/WebDriverAgentLib.framework/Headers/XCTReportingSessionTestReporter.h <host-path>/qualification/compatibility-smoke/harness/node_modules/appium-xcuitest-driver/node_modules/appium-webdriveragent/PrivateHeaders/XCTest/XCTReportingSessionTestReporter.h (in target 'WebDriverAgentLib' from project 'WebDriverAgent')
2026-09-29 08:07:52:288 [790e2ec9][Xcode]     cd <host-path>/qualification/compatibility-smoke/harness/node_modules/appium-xcuitest-driver/node_modules/appium-webdriveragent
2026-09-29 08:07:52:289 [790e2ec9][Xcode]     builtin-copy -exclude .DS_Store -exclude CVS -exclude .svn -exclude .git -exclude .hg -resolve-src-symlinks <host-path>/qualification/compatibility-smoke/harness/node_modules/appium-xcuitest-driver/node_modules/appium-webdriveragent/PrivateHeaders/XCTest/XCTReportingSessionTestReporter.h <host-path>/Library/Developer/Xcode/DerivedData/WebDriverAgent-gvnbbobaqwdgeeepwfrffrnyucio/Build/Products/Debug-iphonesimulator/WebDriverAgentLib.framework/Headers
2026-09-29 08:07:52:291 [790e2ec9][Xcode] 
2026-09-29 08:07:52:291 [790e2ec9][Xcode] CpHeader <host-path>/Library/Developer/Xcode/DerivedData/WebDriverAgent-gvnbbobaqwdgeeepwfrffrnyucio/Build/Products/Debug-iphonesimulator/WebDriverAgentLib.framework/Headers/XCTReportingSessionTestContainer-Protocol.h <host-path>/qualification/compatibility-smoke/harness/node_modules/appium-xcuitest-driver/node_modules/appium-webdriveragent/PrivateHeaders/XCTest/XCTReportingSessionTestContainer-Protocol.h (in target 'WebDriverAgentLib' from project 'WebDriverAgent')
2026-09-29 08:07:52:291 [790e2ec9][Xcode]     cd <host-path>/qualification/compatibility-smoke/harness/node_modules/appium-xcuitest-driver/node_modules/appium-webdriveragent
2026-09-29 08:07:52:291 [790e2ec9][Xcode]     builtin-copy -exclude .DS_Store -exclude CVS -exclude .svn -exclude .git -exclude .hg -resolve-src-symlinks <host-path>/qualification/compatibility-smoke/harness/node_modules/appium-xcuitest-driver/node_modules/appium-webdriveragent/PrivateHeaders/XCTest/XCTReportingSessionTestContainer-Protocol.h <host-path>/Library/Developer/Xcode/DerivedData/WebDriverAgent-gvnbbobaqwdgeeepwfrffrnyucio/Build/Products/Debug-iphonesimulator/WebDriverAgentLib.framework/Headers
2026-09-29 08:07:52:291 [790e2ec9][Xcode] 
2026-09-29 08:07:52:291 [790e2ec9][Xcode] CpHeader <host-path>/Library/Developer/Xcode/DerivedData/WebDriverAgent-gvnbbobaqwdgeeepwfrffrnyucio/Build/Products/Debug-iphonesimulator/WebDriverAgentLib.framework/Headers/XCTReportingSessionIssueReporter-Protocol.h <host-path>/qualification/compatibility-smoke/harness/node_modules/appium-xcuitest-driver/node_modules/appium-webdriveragent/PrivateHeaders/XCTest/XCTReportingSessionIssueReporter-Protocol.h (in target 'WebDriverAgentLib' from project 'WebDriverAgent')
2026-09-29 08:07:52:291 [790e2ec9][Xcode]     cd <host-path>/qualification/compatibility-smoke/harness/node_modules/appium-xcuitest-driver/node_modules/appium-webdriveragent
2026-09-29 08:07:52:291 [790e2ec9][Xcode]     builtin-copy -exclude .DS_Store -exclude CVS -exclude .svn -exclude .git -exclude .hg -resolve-src-symlinks <host-path>/qualification/compatibility-smoke/harness/node_modules/appium-xcuitest-driver/node_modules/appium-webdriveragent/PrivateHeaders/XCTest/XCTReportingSessionIssueReporter-Protocol.h <host-path>/Library/Developer/Xcode/DerivedData/WebDriverAgent-gvnbbobaqwdgeeepwfrffrnyucio/Build/Products/Debug-iphonesimulator/WebDriverAgentLib.framework/Headers
2026-09-29 08:07:52:291 [790e2ec9][Xcode] 
2026-09-29 08:07:52:291 [790e2ec9][Xcode] CpHeader <host-path>/Library/Developer/Xcode/DerivedData/WebDriverAgent-gvnbbobaqwdgeeepwfrffrnyucio/Build/Products/Debug-iphonesimulator/WebDriverAgentLib.framework/Headers/XCTReportingSessionConfiguration-Protocol.h <host-path>/qualification/compatibility-smoke/harness/node_modules/appium-xcuitest-driver/node_modules/appium-webdriveragent/PrivateHeaders/XCTest/XCTReportingSessionConfiguration-Protocol.h (in target 'WebDriverAgentLib' from project 'WebDriverAgent')
2026-09-29 08:07:52:291 [790e2ec9][Xcode]     cd <host-path>/qualification/compatibility-smoke/harness/node_modules/appium-xcuitest-driver/node_modules/appium-webdriveragent
2026-09-29 08:07:52:291 [790e2ec9][Xcode]     builtin-copy -exclude .DS_Store -exclude CVS -exclude .svn -exclude .git -exclude .hg -resolve-src-symlinks <host-path>/qualification/compatibility-smoke/harness/node_modules/appium-xcuitest-driver/node_modules/appium-webdriveragent/PrivateHeaders/XCTest/XCTReportingSessionConfiguration-Protocol.h <host-path>/Library/Developer/Xcode/DerivedData/WebDriverAgent-gvnbbobaqwdgeeepwfrffrnyucio/Build/Products/Debug-iphonesimulator/WebDriverAgentLib.framework/Headers
2026-09-29 08:07:52:291 [790e2ec9][Xcode] 
2026-09-29 08:07:52:291 [790e2ec9][Xcode] CpHeader <host-path>/Library/Developer/Xcode/DerivedData/WebDriverAgent-gvnbbobaqwdgeeepwfrffrnyucio/Build/Products/Debug-iphonesimulator/WebDriverAgentLib.framework/Headers/XCTReportingSession.h <host-path>/qualification/compatibility-smoke/harness/node_modules/appium-xcuitest-driver/node_modules/appium-webdriveragent/PrivateHeaders/XCTest/XCTReportingSession.h (in target 'WebDriverAgentLib' from project 'WebDriverAgent')
2026-09-29 08:07:52:291 [790e2ec9][Xcode]     cd <host-path>/qualification/compatibility-smoke/harness/node_modules/appium-xcuitest-driver/node_modules/appium-webdriveragent
2026-09-29 08:07:52:291 [790e2ec9][Xcode]     builtin-copy -exclude .DS_Store -exclude CVS -exclude .svn -exclude .git -exclude .hg -resolve-src-symlinks <host-path>/qualification/compatibility-smoke/harness/node_modules/appium-xcuitest-driver/node_modules/appium-webdriveragent/PrivateHeaders/XCTest/XCTReportingSession.h <host-path>/Library/Developer/Xcode/DerivedData/WebDriverAgent-gvnbbobaqwdgeeepwfrffrnyucio/Build/Products/Debug-iphonesimulator/WebDriverAgentLib.framework/Headers
2026-09-29 08:07:52:292 [790e2ec9][Xcode] 
2026-09-29 08:07:52:292 [790e2ec9][Xcode] CpHeader <host-path>/Library/Developer/Xcode/DerivedData/WebDriverAgent-gvnbbobaqwdgeeepwfrffrnyucio/Build/Products/Debug-iphonesimulator/WebDriverAgentLib.framework/Headers/XCTRepetitionPolicy.h <host-path>/qualification/compatibility-smoke/harness/node_modules/appium-xcuitest-driver/node_modules/appium-webdriveragent/PrivateHeaders/XCTest/XCTRepetitionPolicy.h (in target 'WebDriverAgentLib' from project 'WebDriverAgent')
2026-09-29 08:07:52:292 [790e2ec9][Xcode]     cd <host-path>/qualification/compatibility-smoke/harness/node_modules/appium-xcuitest-driver/node_modules/appium-webdriveragent
2026-09-29 08:07:52:298 [790e2ec9][Xcode]     builtin-copy -exclude .DS_Store -exclude CVS -exclude .svn -exclude .git -exclude .hg -resolve-src-symlinks <host-path>/qualification/compatibility-smoke/harness/node_modules/appium-xcuitest-driver/node_modules/appium-webdriveragent/PrivateHeaders/XCTest/XCTRepetitionPolicy.h <host-path>/Library/Developer/Xcode/DerivedData/WebDriverAgent-gvnbbobaqwdgeeepwfrffrnyucio/Build/Products/Debug-iphonesimulator/WebDriverAgentLib.framework/Headers
2026-09-29 08:07:52:298 [790e2ec9][Xcode] 
2026-09-29 08:07:52:299 [790e2ec9][Xcode] CpHeader <host-path>/Library/Developer/Xcode/DerivedData/WebDriverAgent-gvnbbobaqwdgeeepwfrffrnyucio/Build/Products/Debug-iphonesimulator/WebDriverAgentLib.framework/Headers/XCTRemoteSignpostListenerProxy-Protocol.h <host-path>/qualification/compatibility-smoke/harness/node_modules/appium-xcuitest-driver/node_modules/appium-webdriveragent/PrivateHeaders/XCTest/XCTRemoteSignpostListenerProxy-Protocol.h (in target 'WebDriverAgentLib' from project 'WebDriverAgent')
2026-09-29 08:07:52:299 [790e2ec9][Xcode]     cd <host-path>/qualification/compatibility-smoke/harness/node_modules/appium-xcuitest-driver/node_modules/appium-webdriveragent
2026-09-29 08:07:52:299 [790e2ec9][Xcode]     builtin-copy -exclude .DS_Store -exclude CVS -exclude .svn -exclude .git -exclude .hg -resolve-src-symlinks <host-path>/qualification/compatibility-smoke/harness/node_modules/appium-xcuitest-driver/node_modules/appium-webdriveragent/PrivateHeaders/XCTest/XCTRemoteSignpostListenerProxy-Protocol.h <host-path>/Library/Developer/Xcode/DerivedData/WebDriverAgent-gvnbbobaqwdgeeepwfrffrnyucio/Build/Products/Debug-iphonesimulator/WebDriverAgentLib.framework/Headers
2026-09-29 08:07:52:299 [790e2ec9][Xcode] 
2026-09-29 08:07:52:300 [790e2ec9][Xcode] CpHeader <host-path>/Library/Developer/Xcode/DerivedData/WebDriverAgent-gvnbbobaqwdgeeepwfrffrnyucio/Build/Products/Debug-iphonesimulator/WebDriverAgentLib.framework/Headers/XCTPromise.h <host-path>/qualification/compatibility-smoke/harness/node_modules/appium-xcuitest-driver/node_modules/appium-webdriveragent/PrivateHeaders/XCTest/XCTPromise.h (in target 'WebDriverAgentLib' from project 'WebDriverAgent')
2026-09-29 08:07:52:300 [790e2ec9][Xcode]     cd <host-path>/qualification/compatibility-smoke/harness/node_modules/appium-xcuitest-driver/node_modules/appium-webdriveragent
2026-09-29 08:07:52:300 [790e2ec9][Xcode]     builtin-copy -exclude .DS_Store -exclude CVS -exclude .svn -exclude .git -exclude .hg -resolve-src-symlinks <host-path>/qualification/compatibility-smoke/harness/node_modules/appium-xcuitest-driver/node_modules/appium-webdriveragent/PrivateHeaders/XCTest/XCTPromise.h <host-path>/Library/Developer/Xcode/DerivedData/WebDriverAgent-gvnbbobaqwdgeeepwfrffrnyucio/Build/Products/Debug-iphonesimulator/WebDriverAgentLib.framework/Headers
2026-09-29 08:07:52:300 [790e2ec9][Xcode] 
2026-09-29 08:07:52:300 [790e2ec9][Xcode] CpHeader <host-path>/Library/Developer/Xcode/DerivedData/WebDriverAgent-gvnbbobaqwdgeeepwfrffrnyucio/Build/Products/Debug-iphonesimulator/WebDriverAgentLib.framework/Headers/XCTNSPredicateExpectationObject-Protocol.h <host-path>/qualification/compatibility-smoke/harness/node_modules/appium-xcuitest-driver/node_modules/appium-webdriveragent/PrivateHeaders/XCTest/XCTNSPredicateExpectationObject-Protocol.h (in target 'WebDriverAgentLib' from project 'WebDriverAgent')
2026-09-29 08:07:52:300 [790e2ec9][Xcode]     cd <host-path>/qualification/compatibility-smoke/harness/node_modules/appium-xcuitest-driver/node_modules/appium-webdriveragent
2026-09-29 08:07:52:301 [790e2ec9][Xcode]     builtin-copy -exclude .DS_Store -exclude CVS -exclude .svn -exclude .git -exclude .hg -resolve-src-symlinks <host-path>/qualification/compatibility-smoke/harness/node_modules/appium-xcuitest-driver/node_modules/appium-webdriveragent/PrivateHeaders/XCTest/XCTNSPredicateExpectationObject-Protocol.h <host-path>/Library/Developer/Xcode/DerivedData/WebDriverAgent-gvnbbobaqwdgeeepwfrffrnyucio/Build/Products/Debug-iphonesimulator/WebDriverAgentLib.framework/Headers
2026-09-29 08:07:52:301 [790e2ec9][Xcode] 
2026-09-29 08:07:52:301 [790e2ec9][Xcode] CpHeader <host-path>/Library/Developer/Xcode/DerivedData/WebDriverAgent-gvnbbobaqwdgeeepwfrffrnyucio/Build/Products/Debug-iphonesimulator/WebDriverAgentLib.framework/Headers/XCTMetricDiagnosticHelper.h <host-path>/qualification/compatibility-smoke/harness/node_modules/appium-xcuitest-driver/node_modules/appium-webdriveragent/PrivateHeaders/XCTest/XCTMetricDiagnosticHelper.h (in target 'WebDriverAgentLib' from project 'WebDriverAgent')
2026-09-29 08:07:52:301 [790e2ec9][Xcode]     cd <host-path>/qualification/compatibility-smoke/harness/node_modules/appium-xcuitest-driver/node_modules/appium-webdriveragent
2026-09-29 08:07:52:302 [790e2ec9][Xcode]     builtin-copy -exclude .DS_Store -exclude CVS -exclude .svn -exclude .git -exclude .hg -resolve-src-symlinks <host-path>/qualification/compatibility-smoke/harness/node_modules/appium-xcuitest-driver/node_modules/appium-webdriveragent/PrivateHeaders/XCTest/XCTMetricDiagnosticHelper.h <host-path>/Library/Developer/Xcode/DerivedData/WebDriverAgent-gvnbbobaqwdgeeepwfrffrnyucio/Build/Products/Debug-iphonesimulator/WebDriverAgentLib.framework/Headers
2026-09-29 08:07:52:302 [790e2ec9][Xcode] 
2026-09-29 08:07:52:303 [790e2ec9][Xcode] CpHeader <host-path>/Library/Developer/Xcode/DerivedData/WebDriverAgent-gvnbbobaqwdgeeepwfrffrnyucio/Build/Products/Debug-iphonesimulator/WebDriverAgentLib.framework/Headers/XCTMessagingRole_UserPresence-Protocol.h <host-path>/qualification/compatibility-smoke/harness/node_modules/appium-xcuitest-driver/node_modules/appium-webdriveragent/PrivateHeaders/XCTest/XCTMessagingRole_UserPresence-Protocol.h (in target 'WebDriverAgentLib' from project 'WebDriverAgent')
2026-09-29 08:07:52:304 [790e2ec9][Xcode]     cd <host-path>/qualification/compatibility-smoke/harness/node_modules/appium-xcuitest-driver/node_modules/appium-webdriveragent
2026-09-29 08:07:52:304 [790e2ec9][Xcode]     builtin-copy -exclude .DS_Store -exclude CVS -exclude .svn -exclude .git -exclude .hg -resolve-src-symlinks <host-path>/qualification/compatibility-smoke/harness/node_modules/appium-xcuitest-driver/node_modules/appium-webdriveragent/PrivateHeaders/XCTest/XCTMessagingRole_UserPresence-Protocol.h <host-path>/Library/Developer/Xcode/DerivedData/WebDriverAgent-gvnbbobaqwdgeeepwfrffrnyucio/Build/Products/Debug-iphonesimulator/WebDriverAgentLib.framework/Headers
2026-09-29 08:07:52:304 [790e2ec9][Xcode] 
2026-09-29 08:07:52:304 [790e2ec9][Xcode] CpHeader <host-path>/Library/Developer/Xcode/DerivedData/WebDriverAgent-gvnbbobaqwdgeeepwfrffrnyucio/Build/Products/Debug-iphonesimulator/WebDriverAgentLib.framework/Headers/XCTMessagingRole_UIAutomationRunnerEventReporting-Protocol.h <host-path>/qualification/compatibility-smoke/harness/node_modules/appium-xcuitest-driver/node_modules/appium-webdriveragent/PrivateHeaders/XCTest/XCTMessagingRole_UIAutomationRunnerEventReporting-Protocol.h (in target 'WebDriverAgentLib' from project 'WebDriverAgent')
2026-09-29 08:07:52:304 [790e2ec9][Xcode]     cd <host-path>/qualification/compatibility-smoke/harness/node_modules/appium-xcuitest-driver/node_modules/appium-webdriveragent
2026-09-29 08:07:52:304 [790e2ec9][Xcode]     builtin-copy -exclude .DS_Store -exclude CVS -exclude .svn -exclude .git -exclude .hg -resolve-src-symlinks <host-path>/qualification/compatibility-smoke/harness/node_modules/appium-xcuitest-driver/node_modules/appium-webdriveragent/PrivateHeaders/XCTest/XCTMessagingRole_UIAutomationRunnerEventReporting-Protocol.h <host-path>/Library/Developer/Xcode/DerivedData/WebDriverAgent-gvnbbobaqwdgeeepwfrffrnyucio/Build/Products/Debug-iphonesimulator/WebDriverAgentLib.framework/Headers
2026-09-29 08:07:52:304 [790e2ec9][Xcode] 
2026-09-29 08:07:52:304 [790e2ec9][Xcode] CpHeader <host-path>/Library/Developer/Xcode/DerivedData/WebDriverAgent-gvnbbobaqwdgeeepwfrffrnyucio/Build/Products/Debug-iphonesimulator/WebDriverAgentLib.framework/Headers/XCTMessagingRole_UIAutomation-Protocol.h <host-path>/qualification/compatibility-smoke/harness/node_modules/appium-xcuitest-driver/node_modules/appium-webdriveragent/PrivateHeaders/XCTest/XCTMessagingRole_UIAutomation-Protocol.h (in target 'WebDriverAgentLib' from project 'WebDriverAgent')
2026-09-29 08:07:52:305 [790e2ec9][Xcode]     cd <host-path>/qualification/compatibility-smoke/harness/node_modules/appium-xcuitest-driver/node_modules/appium-webdriveragent
2026-09-29 08:07:52:305 [790e2ec9][Xcode]     builtin-copy -exclude .DS_Store -exclude CVS -exclude .svn -exclude .git -exclude .hg -resolve-src-symlinks <host-path>/qualification/compatibility-smoke/harness/node_modules/appium-xcuitest-driver/node_modules/appium-webdriveragent/PrivateHeaders/XCTest/XCTMessagingRole_UIAutomation-Protocol.h <host-path>/Library/Developer/Xcode/DerivedData/WebDriverAgent-gvnbbobaqwdgeeepwfrffrnyucio/Build/Products/Debug-iphonesimulator/WebDriverAgentLib.framework/Headers
2026-09-29 08:07:52:305 [790e2ec9][Xcode] 
2026-09-29 08:07:52:305 [790e2ec9][Xcode] CpHeader <host-path>/Library/Developer/Xcode/DerivedData/WebDriverAgent-gvnbbobaqwdgeeepwfrffrnyucio/Build/Products/Debug-iphonesimulator/WebDriverAgentLib.framework/Headers/XCTMessagingRole_TestReporting-Protocol.h <host-path>/qualification/compatibility-smoke/harness/node_modules/appium-xcuitest-driver/node_modules/appium-webdriveragent/PrivateHeaders/XCTest/XCTMessagingRole_TestReporting-Protocol.h (in target 'WebDriverAgentLib' from project 'WebDriverAgent')
2026-09-29 08:07:52:305 [790e2ec9][Xcode]     cd <host-path>/qualification/compatibility-smoke/harness/node_modules/appium-xcuitest-driver/node_modules/appium-webdriveragent
2026-09-29 08:07:52:305 [790e2ec9][Xcode]     builtin-copy -exclude .DS_Store -exclude CVS -exclude .svn -exclude .git -exclude .hg -resolve-src-symlinks <host-path>/qualification/compatibility-smoke/harness/node_modules/appium-xcuitest-driver/node_modules/appium-webdriveragent/PrivateHeaders/XCTest/XCTMessagingRole_TestReporting-Protocol.h <host-path>/Library/Developer/Xcode/DerivedData/WebDriverAgent-gvnbbobaqwdgeeepwfrffrnyucio/Build/Products/Debug-iphonesimulator/WebDriverAgentLib.framework/Headers
2026-09-29 08:07:52:305 [790e2ec9][Xcode] 
2026-09-29 08:07:52:305 [790e2ec9][Xcode] CpHeader <host-path>/Library/Developer/Xcode/DerivedData/WebDriverAgent-gvnbbobaqwdgeeepwfrffrnyucio/Build/Products/Debug-iphonesimulator/WebDriverAgentLib.framework/Headers/XCTMessagingRole_TestExecution-Protocol.h <host-path>/qualification/compatibility-smoke/harness/node_modules/appium-xcuitest-driver/node_modules/appium-webdriveragent/PrivateHeaders/XCTest/XCTMessagingRole_TestExecution-Protocol.h (in target 'WebDriverAgentLib' from project 'WebDriverAgent')
2026-09-29 08:07:52:305 [790e2ec9][Xcode]     cd <host-path>/qualification/compatibility-smoke/harness/node_modules/appium-xcuitest-driver/node_modules/appium-webdriveragent
2026-09-29 08:07:52:305 [790e2ec9][Xcode]     builtin-copy -exclude .DS_Store -exclude CVS -exclude .svn -exclude .git -exclude .hg -resolve-src-symlinks <host-path>/qualification/compatibility-smoke/harness/node_modules/appium-xcuitest-driver/node_modules/appium-webdriveragent/PrivateHeaders/XCTest/XCTMessagingRole_TestExecution-Protocol.h <host-path>/Library/Developer/Xcode/DerivedData/WebDriverAgent-gvnbbobaqwdgeeepwfrffrnyucio/Build/Products/Debug-iphonesimulator/WebDriverAgentLib.framework/Headers
2026-09-29 08:07:52:305 [790e2ec9][Xcode] 
2026-09-29 08:07:52:305 [790e2ec9][Xcode] CpHeader <host-path>/Library/Developer/Xcode/DerivedData/WebDriverAgent-gvnbbobaqwdgeeepwfrffrnyucio/Build/Products/Debug-iphonesimulator/WebDriverAgentLib.framework/Headers/XCTMessagingRole_TelemetrySending-Protocol.h <host-path>/qualification/compatibility-smoke/harness/node_modules/appium-xcuitest-driver/node_modules/appium-webdriveragent/PrivateHeaders/XCTest/XCTMessagingRole_TelemetrySending-Protocol.h (in target 'WebDriverAgentLib' from project 'WebDriverAgent')
2026-09-29 08:07:52:305 [790e2ec9][Xcode]     cd <host-path>/qualification/compatibility-smoke/harness/node_modules/appium-xcuitest-driver/node_modules/appium-webdriveragent
2026-09-29 08:07:52:305 [790e2ec9][Xcode]     builtin-copy -exclude .DS_Store -exclude CVS -exclude .svn -exclude .git -exclude .hg -resolve-src-symlinks <host-path>/qualification/compatibility-smoke/harness/node_modules/appium-xcuitest-driver/node_modules/appium-webdriveragent/PrivateHeaders/XCTest/XCTMessagingRole_TelemetrySending-Protocol.h <host-path>/Library/Developer/Xcode/DerivedData/WebDriverAgent-gvnbbobaqwdgeeepwfrffrnyucio/Build/Products/Debug-iphonesimulator/WebDriverAgentLib.framework/Headers
2026-09-29 08:07:52:305 [790e2ec9][Xcode] 
2026-09-29 08:07:52:305 [790e2ec9][Xcode] CpHeader <host-path>/Library/Developer/Xcode/DerivedData/WebDriverAgent-gvnbbobaqwdgeeepwfrffrnyucio/Build/Products/Debug-iphonesimulator/WebDriverAgentLib.framework/Headers/XCTMessagingRole_SystemConfiguration-Protocol.h <host-path>/qualification/compatibility-smoke/harness/node_modules/appium-xcuitest-driver/node_modules/appium-webdriveragent/PrivateHeaders/XCTest/XCTMessagingRole_SystemConfiguration-Protocol.h (in target 'WebDriverAgentLib' from project 'WebDriverAgent')
2026-09-29 08:07:52:305 [790e2ec9][Xcode]     cd <host-path>/qualification/compatibility-smoke/harness/node_modules/appium-xcuitest-driver/node_modules/appium-webdriveragent
2026-09-29 08:07:52:305 [790e2ec9][Xcode]     builtin-copy -exclude .DS_Store -exclude CVS -exclude .svn -exclude .git -exclude .hg -resolve-src-symlinks <host-path>/qualification/compatibility-smoke/harness/node_modules/appium-xcuitest-driver/node_modules/appium-webdriveragent/PrivateHeaders/XCTest/XCTMessagingRole_SystemConfiguration-Protocol.h <host-path>/Library/Developer/Xcode/DerivedData/WebDriverAgent-gvnbbobaqwdgeeepwfrffrnyucio/Build/Products/Debug-iphonesimulator/WebDriverAgentLib.framework/Headers
2026-09-29 08:07:52:305 [790e2ec9][Xcode] 
2026-09-29 08:07:52:305 [790e2ec9][Xcode] CpHeader <host-path>/Library/Developer/Xcode/DerivedData/WebDriverAgent-gvnbbobaqwdgeeepwfrffrnyucio/Build/Products/Debug-iphonesimulator/WebDriverAgentLib.framework/Headers/XCTMessagingRole_SiriAutomation-Protocol.h <host-path>/qualification/compatibility-smoke/harness/node_modules/appium-xcuitest-driver/node_modules/appium-webdriveragent/PrivateHeaders/XCTest/XCTMessagingRole_SiriAutomation-Protocol.h (in target 'WebDriverAgentLib' from project 'WebDriverAgent')
2026-09-29 08:07:52:305 [790e2ec9][Xcode]     cd <host-path>/qualification/compatibility-smoke/harness/node_modules/appium-xcuitest-driver/node_modules/appium-webdriveragent
2026-09-29 08:07:52:305 [790e2ec9][Xcode]     builtin-copy -exclude .DS_Store -exclude CVS -exclude .svn -exclude .git -exclude .hg -resolve-src-symlinks <host-path>/qualification/compatibility-smoke/harness/node_modules/appium-xcuitest-driver/node_modules/appium-webdriveragent/PrivateHeaders/XCTest/XCTMessagingRole_SiriAutomation-Protocol.h <host-path>/Library/Developer/Xcode/DerivedData/WebDriverAgent-gvnbbobaqwdgeeepwfrffrnyucio/Build/Products/Debug-iphonesimulator/WebDriverAgentLib.framework/Headers
2026-09-29 08:07:52:306 [790e2ec9][Xcode] 
2026-09-29 08:07:52:306 [790e2ec9][Xcode] CpHeader <host-path>/Library/Developer/Xcode/DerivedData/WebDriverAgent-gvnbbobaqwdgeeepwfrffrnyucio/Build/Products/Debug-iphonesimulator/WebDriverAgentLib.framework/Headers/XCTMessagingRole_SignpostRequesting-Protocol.h <host-path>/qualification/compatibility-smoke/harness/node_modules/appium-xcuitest-driver/node_modules/appium-webdriveragent/PrivateHeaders/XCTest/XCTMessagingRole_SignpostRequesting-Protocol.h (in target 'WebDriverAgentLib' from project 'WebDriverAgent')
2026-09-29 08:07:52:306 [790e2ec9][Xcode]     cd <host-path>/qualification/compatibility-smoke/harness/node_modules/appium-xcuitest-driver/node_modules/appium-webdriveragent
2026-09-29 08:07:52:306 [790e2ec9][Xcode]     builtin-copy -exclude .DS_Store -exclude CVS -exclude .svn -exclude .git -exclude .hg -resolve-src-symlinks <host-path>/qualification/compatibility-smoke/harness/node_modules/appium-xcuitest-driver/node_modules/appium-webdriveragent/PrivateHeaders/XCTest/XCTMessagingRole_SignpostRequesting-Protocol.h <host-path>/Library/Developer/Xcode/DerivedData/WebDriverAgent-gvnbbobaqwdgeeepwfrffrnyucio/Build/Products/Debug-iphonesimulator/WebDriverAgentLib.framework/Headers
2026-09-29 08:07:52:306 [790e2ec9][Xcode] 
2026-09-29 08:07:52:306 [790e2ec9][Xcode] CpHeader <host-path>/Library/Developer/Xcode/DerivedData/WebDriverAgent-gvnbbobaqwdgeeepwfrffrnyucio/Build/Products/Debug-iphonesimulator/WebDriverAgentLib.framework/Headers/XCTMessagingRole_SelfDiagnosisIssueReporting-Protocol.h <host-path>/qualification/compatibility-smoke/harness/node_modules/appium-xcuitest-driver/node_modules/appium-webdriveragent/PrivateHeaders/XCTest/XCTMessagingRole_SelfDiagnosisIssueReporting-Protocol.h (in target 'WebDriverAgentLib' from project 'WebDriverAgent')
2026-09-29 08:07:52:306 [790e2ec9][Xcode]     cd <host-path>/qualification/compatibility-smoke/harness/node_modules/appium-xcuitest-driver/node_modules/appium-webdriveragent
2026-09-29 08:07:52:308 [790e2ec9][Xcode]     builtin-copy -exclude .DS_Store -exclude CVS -exclude .svn -exclude .git -exclude .hg -resolve-src-symlinks <host-path>/qualification/compatibility-smoke/harness/node_modules/appium-xcuitest-driver/node_modules/appium-webdriveragent/PrivateHeaders/XCTest/XCTMessagingRole_SelfDiagnosisIssueReporting-Protocol.h <host-path>/Library/Developer/Xcode/DerivedData/WebDriverAgent-gvnbbobaqwdgeeepwfrffrnyucio/Build/Products/Debug-iphonesimulator/WebDriverAgentLib.framework/Headers
2026-09-29 08:07:52:308 [790e2ec9][Xcode] 
2026-09-29 08:07:52:308 [790e2ec9][Xcode] CpHeader <host-path>/Library/Developer/Xcode/DerivedData/WebDriverAgent-gvnbbobaqwdgeeepwfrffrnyucio/Build/Products/Debug-iphonesimulator/WebDriverAgentLib.framework/Headers/XCTMessagingRole_ScreenRecording-Protocol.h <host-path>/qualification/compatibility-smoke/harness/node_modules/appium-xcuitest-driver/node_modules/appium-webdriveragent/PrivateHeaders/XCTest/XCTMessagingRole_ScreenRecording-Protocol.h (in target 'WebDriverAgentLib' from project 'WebDriverAgent')
2026-09-29 08:07:52:308 [790e2ec9][Xcode]     cd <host-path>/qualification/compatibility-smoke/harness/node_modules/appium-xcuitest-driver/node_modules/appium-webdriveragent
2026-09-29 08:07:52:308 [790e2ec9][Xcode]     builtin-copy -exclude .DS_Store -exclude CVS -exclude .svn -exclude .git -exclude .hg -resolve-src-symlinks <host-path>/qualification/compatibility-smoke/harness/node_modules/appium-xcuitest-driver/node_modules/appium-webdriveragent/PrivateHeaders/XCTest/XCTMessagingRole_ScreenRecording-Protocol.h <host-path>/Library/Developer/Xcode/DerivedData/WebDriverAgent-gvnbbobaqwdgeeepwfrffrnyucio/Build/Products/Debug-iphonesimulator/WebDriverAgentLib.framework/Headers
2026-09-29 08:07:52:308 [790e2ec9][Xcode] 
2026-09-29 08:07:52:308 [790e2ec9][Xcode] CpHeader <host-path>/Library/Developer/Xcode/DerivedData/WebDriverAgent-gvnbbobaqwdgeeepwfrffrnyucio/Build/Products/Debug-iphonesimulator/WebDriverAgentLib.framework/Headers/XCTMessagingRole_ProtectedResourceAuthorization-Protocol.h <host-path>/qualification/compatibility-smoke/harness/node_modules/appium-xcuitest-driver/node_modules/appium-webdriveragent/PrivateHeaders/XCTest/XCTMessagingRole_ProtectedResourceAuthorization-Protocol.h (in target 'WebDriverAgentLib' from project 'WebDriverAgent')
2026-09-29 08:07:52:308 [790e2ec9][Xcode]     cd <host-path>/qualification/compatibility-smoke/harness/node_modules/appium-xcuitest-driver/node_modules/appium-webdriveragent
2026-09-29 08:07:52:308 [790e2ec9][Xcode]     builtin-copy -exclude .DS_Store -exclude CVS -exclude .svn -exclude .git -exclude .hg -resolve-src-symlinks <host-path>/qualification/compatibility-smoke/harness/node_modules/appium-xcuitest-driver/node_modules/appium-webdriveragent/PrivateHeaders/XCTest/XCTMessagingRole_ProtectedResourceAuthorization-Protocol.h <host-path>/Library/Developer/Xcode/DerivedData/WebDriverAgent-gvnbbobaqwdgeeepwfrffrnyucio/Build/Products/Debug-iphonesimulator/WebDriverAgentLib.framework/Headers
2026-09-29 08:07:52:308 [790e2ec9][Xcode] 
2026-09-29 08:07:52:308 [790e2ec9][Xcode] CpHeader <host-path>/Library/Developer/Xcode/DerivedData/WebDriverAgent-gvnbbobaqwdgeeepwfrffrnyucio/Build/Products/Debug-iphonesimulator/WebDriverAgentLib.framework/Headers/XCTMessagingRole_ProcessMonitoring-Protocol.h <host-path>/qualification/compatibility-smoke/harness/node_modules/appium-xcuitest-driver/node_modules/appium-webdriveragent/PrivateHeaders/XCTest/XCTMessagingRole_ProcessMonitoring-Protocol.h (in target 'WebDriverAgentLib' from project 'WebDriverAgent')
2026-09-29 08:07:52:308 [790e2ec9][Xcode]     cd <host-path>/qualification/compatibility-smoke/harness/node_modules/appium-xcuitest-driver/node_modules/appium-webdriveragent
2026-09-29 08:07:52:308 [790e2ec9][Xcode]     builtin-copy -exclude .DS_Store -exclude CVS -exclude .svn -exclude .git -exclude .hg -resolve-src-symlinks <host-path>/qualification/compatibility-smoke/harness/node_modules/appium-xcuitest-driver/node_modules/appium-webdriveragent/PrivateHeaders/XCTest/XCTMessagingRole_ProcessMonitoring-Protocol.h <host-path>/Library/Developer/Xcode/DerivedData/WebDriverAgent-gvnbbobaqwdgeeepwfrffrnyucio/Build/Products/Debug-iphonesimulator/WebDriverAgentLib.framework/Headers
2026-09-29 08:07:52:308 [790e2ec9][Xcode] 
2026-09-29 08:07:52:308 [790e2ec9][Xcode] CpHeader <host-path>/Library/Developer/Xcode/DerivedData/WebDriverAgent-gvnbbobaqwdgeeepwfrffrnyucio/Build/Products/Debug-iphonesimulator/WebDriverAgentLib.framework/Headers/XCTMessagingRole_PerformanceMeasurementReporting-Protocol.h <host-path>/qualification/compatibility-smoke/harness/node_modules/appium-xcuitest-driver/node_modules/appium-webdriveragent/PrivateHeaders/XCTest/XCTMessagingRole_PerformanceMeasurementReporting-Protocol.h (in target 'WebDriverAgentLib' from project 'WebDriverAgent')
2026-09-29 08:07:52:308 [790e2ec9][Xcode]     cd <host-path>/qualification/compatibility-smoke/harness/node_modules/appium-xcuitest-driver/node_modules/appium-webdriveragent
2026-09-29 08:07:52:334 [790e2ec9][Xcode]     builtin-copy -exclude .DS_Store -exclude CVS -exclude .svn -exclude .git -exclude .hg -resolve-src-symlinks <host-path>/qualification/compatibility-smoke/harness/node_modules/appium-xcuitest-driver/node_modules/appium-webdriveragent/PrivateHeaders/XCTest/XCTMessagingRole_PerformanceMeasurementReporting-Protocol.h <host-path>/Library/Developer/Xcode/DerivedData/WebDriverAgent-gvnbbobaqwdgeeepwfrffrnyucio/Build/Products/Debug-iphonesimulator/WebDriverAgentLib.framework/Headers
2026-09-29 08:07:52:334 [790e2ec9][Xcode] 
2026-09-29 08:07:52:334 [790e2ec9][Xcode] CpHeader <host-path>/Library/Developer/Xcode/DerivedData/WebDriverAgent-gvnbbobaqwdgeeepwfrffrnyucio/Build/Products/Debug-iphonesimulator/WebDriverAgentLib.framework/Headers/XCTMessagingRole_MemoryTesting-Protocol.h <host-path>/qualification/compatibility-smoke/harness/node_modules/appium-xcuitest-driver/node_modules/appium-webdriveragent/PrivateHeaders/XCTest/XCTMessagingRole_MemoryTesting-Protocol.h (in target 'WebDriverAgentLib' from project 'WebDriverAgent')
2026-09-29 08:07:52:334 [790e2ec9][Xcode]     cd <host-path>/qualification/compatibility-smoke/harness/node_modules/appium-xcuitest-driver/node_modules/appium-webdriveragent
2026-09-29 08:07:52:334 [790e2ec9][Xcode]     builtin-copy -exclude .DS_Store -exclude CVS -exclude .svn -exclude .git -exclude .hg -resolve-src-symlinks <host-path>/qualification/compatibility-smoke/harness/node_modules/appium-xcuitest-driver/node_modules/appium-webdriveragent/PrivateHeaders/XCTest/XCTMessagingRole_MemoryTesting-Protocol.h <host-path>/Library/Developer/Xcode/DerivedData/WebDriverAgent-gvnbbobaqwdgeeepwfrffrnyucio/Build/Products/Debug-iphonesimulator/WebDriverAgentLib.framework/Headers
2026-09-29 08:07:52:334 [790e2ec9][Xcode] 
2026-09-29 08:07:52:334 [790e2ec9][Xcode] CpHeader <host-path>/Library/Developer/Xcode/DerivedData/WebDriverAgent-gvnbbobaqwdgeeepwfrffrnyucio/Build/Products/Debug-iphonesimulator/WebDriverAgentLib.framework/Headers/XCTMessagingRole_HIDEventRecording-Protocol.h <host-path>/qualification/compatibility-smoke/harness/node_modules/appium-xcuitest-driver/node_modules/appium-webdriveragent/PrivateHeaders/XCTest/XCTMessagingRole_HIDEventRecording-Protocol.h (in target 'WebDriverAgentLib' from project 'WebDriverAgent')
2026-09-29 08:07:52:334 [790e2ec9][Xcode]     cd <host-path>/qualification/compatibility-smoke/harness/node_modules/appium-xcuitest-driver/node_modules/appium-webdriveragent
2026-09-29 08:07:52:334 [790e2ec9][Xcode]     builtin-copy -exclude .DS_Store -exclude CVS -exclude .svn -exclude .git -exclude .hg -resolve-src-symlinks <host-path>/qualification/compatibility-smoke/harness/node_modules/appium-xcuitest-driver/node_modules/appium-webdriveragent/PrivateHeaders/XCTest/XCTMessagingRole_HIDEventRecording-Protocol.h <host-path>/Library/Developer/Xcode/DerivedData/WebDriverAgent-gvnbbobaqwdgeeepwfrffrnyucio/Build/Products/Debug-iphonesimulator/WebDriverAgentLib.framework/Headers
2026-09-29 08:07:52:334 [790e2ec9][Xcode] 
2026-09-29 08:07:52:334 [790e2ec9][Xcode] CpHeader <host-path>/Library/Developer/Xcode/DerivedData/WebDriverAgent-gvnbbobaqwdgeeepwfrffrnyucio/Build/Products/Debug-iphonesimulator/WebDriverAgentLib.framework/Headers/XCTMessagingRole_ForcePressureSupportQuerying-Protocol.h <host-path>/qualification/compatibility-smoke/harness/node_modules/appium-xcuitest-driver/node_modules/appium-webdriveragent/PrivateHeaders/XCTest/XCTMessagingRole_ForcePressureSupportQuerying-Protocol.h (in target 'WebDriverAgentLib' from project 'WebDriverAgent')
2026-09-29 08:07:52:334 [790e2ec9][Xcode]     cd <host-path>/qualification/compatibility-smoke/harness/node_modules/appium-xcuitest-driver/node_modules/appium-webdriveragent
2026-09-29 08:07:52:334 [790e2ec9][Xcode]     builtin-copy -exclude .DS_Store -exclude CVS -exclude .svn -exclude .git -exclude .hg -resolve-src-symlinks <host-path>/qualification/compatibility-smoke/harness/node_modules/appium-xcuitest-driver/node_modules/appium-webdriveragent/PrivateHeaders/XCTest/XCTMessagingRole_ForcePressureSupportQuerying-Protocol.h <host-path>/Library/Developer/Xcode/DerivedData/WebDriverAgent-gvnbbobaqwdgeeepwfrffrnyucio/Build/Products/Debug-iphonesimulator/WebDriverAgentLib.framework/Headers
2026-09-29 08:07:52:334 [790e2ec9][Xcode] 
2026-09-29 08:07:52:334 [790e2ec9][Xcode] CpHeader <host-path>/Library/Developer/Xcode/DerivedData/WebDriverAgent-gvnbbobaqwdgeeepwfrffrnyucio/Build/Products/Debug-iphonesimulator/WebDriverAgentLib.framework/Headers/XCTMessagingRole_EventSynthesis-Protocol.h <host-path>/qualification/compatibility-smoke/harness/node_modules/appium-xcuitest-driver/node_modules/appium-webdriveragent/PrivateHeaders/XCTest/XCTMessagingRole_EventSynthesis-Protocol.h (in target 'WebDriverAgentLib' from project 'WebDriverAgent')
2026-09-29 08:07:52:335 [790e2ec9][Xcode]     cd <host-path>/qualification/compatibility-smoke/harness/node_modules/appium-xcuitest-driver/node_modules/appium-webdriveragent
2026-09-29 08:07:52:335 [790e2ec9][Xcode]     builtin-copy -exclude .DS_Store -exclude CVS -exclude .svn -exclude .git -exclude .hg -resolve-src-symlinks <host-path>/qualification/compatibility-smoke/harness/node_modules/appium-xcuitest-driver/node_modules/appium-webdriveragent/PrivateHeaders/XCTest/XCTMessagingRole_EventSynthesis-Protocol.h <host-path>/Library/Developer/Xcode/DerivedData/WebDriverAgent-gvnbbobaqwdgeeepwfrffrnyucio/Build/Products/Debug-iphonesimulator/WebDriverAgentLib.framework/Headers
2026-09-29 08:07:52:335 [790e2ec9][Xcode] 
2026-09-29 08:07:52:335 [790e2ec9][Xcode] CpHeader <host-path>/Library/Developer/Xcode/DerivedData/WebDriverAgent-gvnbbobaqwdgeeepwfrffrnyucio/Build/Products/Debug-iphonesimulator/WebDriverAgentLib.framework/Headers/XCTMessagingRole_DebugLogging-Protocol.h <host-path>/qualification/compatibility-smoke/harness/node_modules/appium-xcuitest-driver/node_modules/appium-webdriveragent/PrivateHeaders/XCTest/XCTMessagingRole_DebugLogging-Protocol.h (in target 'WebDriverAgentLib' from project 'WebDriverAgent')
2026-09-29 08:07:52:335 [790e2ec9][Xcode]     cd <host-path>/qualification/compatibility-smoke/harness/node_modules/appium-xcuitest-driver/node_modules/appium-webdriveragent
2026-09-29 08:07:52:335 [790e2ec9][Xcode]     builtin-copy -exclude .DS_Store -exclude CVS -exclude .svn -exclude .git -exclude .hg -resolve-src-symlinks <host-path>/qualification/compatibility-smoke/harness/node_modules/appium-xcuitest-driver/node_modules/appium-webdriveragent/PrivateHeaders/XCTest/XCTMessagingRole_DebugLogging-Protocol.h <host-path>/Library/Developer/Xcode/DerivedData/WebDriverAgent-gvnbbobaqwdgeeepwfrffrnyucio/Build/Products/Debug-iphonesimulator/WebDriverAgentLib.framework/Headers
2026-09-29 08:07:52:335 [790e2ec9][Xcode] 
2026-09-29 08:07:52:335 [790e2ec9][Xcode] CpHeader <host-path>/Library/Developer/Xcode/DerivedData/WebDriverAgent-gvnbbobaqwdgeeepwfrffrnyucio/Build/Products/Debug-iphonesimulator/WebDriverAgentLib.framework/Headers/XCTMessagingRole_CapabilityExchange-Protocol.h <host-path>/qualification/compatibility-smoke/harness/node_modules/appium-xcuitest-driver/node_modules/appium-webdriveragent/PrivateHeaders/XCTest/XCTMessagingRole_CapabilityExchange-Protocol.h (in target 'WebDriverAgentLib' from project 'WebDriverAgent')
2026-09-29 08:07:52:336 [790e2ec9][Xcode]     cd <host-path>/qualification/compatibility-smoke/harness/node_modules/appium-xcuitest-driver/node_modules/appium-webdriveragent
2026-09-29 08:07:52:336 [790e2ec9][Xcode]     builtin-copy -exclude .DS_Store -exclude CVS -exclude .svn -exclude .git -exclude .hg -resolve-src-symlinks <host-path>/qualification/compatibility-smoke/harness/node_modules/appium-xcuitest-driver/node_modules/appium-webdriveragent/PrivateHeaders/XCTest/XCTMessagingRole_CapabilityExchange-Protocol.h <host-path>/Library/Developer/Xcode/DerivedData/WebDriverAgent-gvnbbobaqwdgeeepwfrffrnyucio/Build/Products/Debug-iphonesimulator/WebDriverAgentLib.framework/Headers
2026-09-29 08:07:52:337 [790e2ec9][Xcode] 
2026-09-29 08:07:52:337 [790e2ec9][Xcode] CpHeader <host-path>/Library/Developer/Xcode/DerivedData/WebDriverAgent-gvnbbobaqwdgeeepwfrffrnyucio/Build/Products/Debug-iphonesimulator/WebDriverAgentLib.framework/Headers/XCTMessagingRole_BundleRequesting-Protocol.h <host-path>/qualification/compatibility-smoke/harness/node_modules/appium-xcuitest-driver/node_modules/appium-webdriveragent/PrivateHeaders/XCTest/XCTMessagingRole_BundleRequesting-Protocol.h (in target 'WebDriverAgentLib' from project 'WebDriverAgent')
2026-09-29 08:07:52:337 [790e2ec9][Xcode]     cd <host-path>/qualification/compatibility-smoke/harness/node_modules/appium-xcuitest-driver/node_modules/appium-webdriveragent
2026-09-29 08:07:52:337 [790e2ec9][Xcode]     builtin-copy -exclude .DS_Store -exclude CVS -exclude .svn -exclude .git -exclude .hg -resolve-src-symlinks <host-path>/qualification/compatibility-smoke/harness/node_modules/appium-xcuitest-driver/node_modules/appium-webdriveragent/PrivateHeaders/XCTest/XCTMessagingRole_BundleRequesting-Protocol.h <host-path>/Library/Developer/Xcode/DerivedData/WebDriverAgent-gvnbbobaqwdgeeepwfrffrnyucio/Build/Products/Debug-iphonesimulator/WebDriverAgentLib.framework/Headers
2026-09-29 08:07:52:337 [790e2ec9][Xcode] 
2026-09-29 08:07:52:337 [790e2ec9][Xcode] CpHeader <host-path>/Library/Developer/Xcode/DerivedData/WebDriverAgent-gvnbbobaqwdgeeepwfrffrnyucio/Build/Products/Debug-iphonesimulator/WebDriverAgentLib.framework/Headers/XCTMessagingRole_AttachmentFutureResultStatusUpdating-Protocol.h <host-path>/qualification/compatibility-smoke/harness/node_modules/appium-xcuitest-driver/node_modules/appium-webdriveragent/PrivateHeaders/XCTest/XCTMessagingRole_AttachmentFutureResultStatusUpdating-Protocol.h (in target 'WebDriverAgentLib' from project 'WebDriverAgent')
2026-09-29 08:07:52:338 [790e2ec9][Xcode]     cd <host-path>/qualification/compatibility-smoke/harness/node_modules/appium-xcuitest-driver/node_modules/appium-webdriveragent
2026-09-29 08:07:52:338 [790e2ec9][Xcode]     builtin-copy -exclude .DS_Store -exclude CVS -exclude .svn -exclude .git -exclude .hg -resolve-src-symlinks <host-path>/qualification/compatibility-smoke/harness/node_modules/appium-xcuitest-driver/node_modules/appium-webdriveragent/PrivateHeaders/XCTest/XCTMessagingRole_AttachmentFutureResultStatusUpdating-Protocol.h <host-path>/Library/Developer/Xcode/DerivedData/WebDriverAgent-gvnbbobaqwdgeeepwfrffrnyucio/Build/Products/Debug-iphonesimulator/WebDriverAgentLib.framework/Headers
2026-09-29 08:07:52:338 [790e2ec9][Xcode] 
2026-09-29 08:07:52:338 [790e2ec9][Xcode] CpHeader <host-path>/Library/Developer/Xcode/DerivedData/WebDriverAgent-gvnbbobaqwdgeeepwfrffrnyucio/Build/Products/Debug-iphonesimulator/WebDriverAgentLib.framework/Headers/XCTMessagingRole_ActivityReporting-Protocol.h <host-path>/qualification/compatibility-smoke/harness/node_modules/appium-xcuitest-driver/node_modules/appium-webdriveragent/PrivateHeaders/XCTest/XCTMessagingRole_ActivityReporting-Protocol.h (in target 'WebDriverAgentLib' from project 'WebDriverAgent')
2026-09-29 08:07:52:338 [790e2ec9][Xcode]     cd <host-path>/qualification/compatibility-smoke/harness/node_modules/appium-xcuitest-driver/node_modules/appium-webdriveragent
2026-09-29 08:07:52:338 [790e2ec9][Xcode]     builtin-copy -exclude .DS_Store -exclude CVS -exclude .svn -exclude .git -exclude .hg -resolve-src-symlinks <host-path>/qualification/compatibility-smoke/harness/node_modules/appium-xcuitest-driver/node_modules/appium-webdriveragent/PrivateHeaders/XCTest/XCTMessagingRole_ActivityReporting-Protocol.h <host-path>/Library/Developer/Xcode/DerivedData/WebDriverAgent-gvnbbobaqwdgeeepwfrffrnyucio/Build/Products/Debug-iphonesimulator/WebDriverAgentLib.framework/Headers
2026-09-29 08:07:52:338 [790e2ec9][Xcode] 
2026-09-29 08:07:52:338 [790e2ec9][Xcode] CpHeader <host-path>/Library/Developer/Xcode/DerivedData/WebDriverAgent-gvnbbobaqwdgeeepwfrffrnyucio/Build/Products/Debug-iphonesimulator/WebDriverAgentLib.framework/Headers/XCTMessagingChannel_RunnerToIDE-Protocol.h <host-path>/qualification/compatibility-smoke/harness/node_modules/appium-xcuitest-driver/node_modules/appium-webdriveragent/PrivateHeaders/XCTest/XCTMessagingChannel_RunnerToIDE-Protocol.h (in target 'WebDriverAgentLib' from project 'WebDriverAgent')
2026-09-29 08:07:52:338 [790e2ec9][Xcode]     cd <host-path>/qualification/compatibility-smoke/harness/node_modules/appium-xcuitest-driver/node_modules/appium-webdriveragent
2026-09-29 08:07:52:338 [790e2ec9][Xcode]     builtin-copy -exclude .DS_Store -exclude CVS -exclude .svn -exclude .git -exclude .hg -resolve-src-symlinks <host-path>/qualification/compatibility-smoke/harness/node_modules/appium-xcuitest-driver/node_modules/appium-webdriveragent/PrivateHeaders/XCTest/XCTMessagingChannel_RunnerToIDE-Protocol.h <host-path>/Library/Developer/Xcode/DerivedData/WebDriverAgent-gvnbbobaqwdgeeepwfrffrnyucio/Build/Products/Debug-iphonesimulator/WebDriverAgentLib.framework/Headers
2026-09-29 08:07:52:338 [790e2ec9][Xcode] 
2026-09-29 08:07:52:338 [790e2ec9][Xcode] CpHeader <host-path>/Library/Developer/Xcode/DerivedData/WebDriverAgent-gvnbbobaqwdgeeepwfrffrnyucio/Build/Products/Debug-iphonesimulator/WebDriverAgentLib.framework/Headers/XCTMessagingChannel_RunnerToDaemon-Protocol.h <host-path>/qualification/compatibility-smoke/harness/node_modules/appium-xcuitest-driver/node_modules/appium-webdriveragent/PrivateHeaders/XCTest/XCTMessagingChannel_RunnerToDaemon-Protocol.h (in target 'WebDriverAgentLib' from project 'WebDriverAgent')
2026-09-29 08:07:52:339 [790e2ec9][Xcode]     cd <host-path>/qualification/compatibility-smoke/harness/node_modules/appium-xcuitest-driver/node_modules/appium-webdriveragent
2026-09-29 08:07:52:339 [790e2ec9][Xcode]     builtin-copy -exclude .DS_Store -exclude CVS -exclude .svn -exclude .git -exclude .hg -resolve-src-symlinks <host-path>/qualification/compatibility-smoke/harness/node_modules/appium-xcuitest-driver/node_modules/appium-webdriveragent/PrivateHeaders/XCTest/XCTMessagingChannel_RunnerToDaemon-Protocol.h <host-path>/Library/Developer/Xcode/DerivedData/WebDriverAgent-gvnbbobaqwdgeeepwfrffrnyucio/Build/Products/Debug-iphonesimulator/WebDriverAgentLib.framework/Headers
2026-09-29 08:07:52:344 [790e2ec9][Xcode] 
2026-09-29 08:07:52:344 [790e2ec9][Xcode] CpHeader <host-path>/Library/Developer/Xcode/DerivedData/WebDriverAgent-gvnbbobaqwdgeeepwfrffrnyucio/Build/Products/Debug-iphonesimulator/WebDriverAgentLib.framework/Headers/XCTMessagingChannel_IDEToRunner-Protocol.h <host-path>/qualification/compatibility-smoke/harness/node_modules/appium-xcuitest-driver/node_modules/appium-webdriveragent/PrivateHeaders/XCTest/XCTMessagingChannel_IDEToRunner-Protocol.h (in target 'WebDriverAgentLib' from project 'WebDriverAgent')
2026-09-29 08:07:52:344 [790e2ec9][Xcode]     cd <host-path>/qualification/compatibility-smoke/harness/node_modules/appium-xcuitest-driver/node_modules/appium-webdriveragent
2026-09-29 08:07:52:344 [790e2ec9][Xcode]     builtin-copy -exclude .DS_Store -exclude CVS -exclude .svn -exclude .git -exclude .hg -resolve-src-symlinks <host-path>/qualification/compatibility-smoke/harness/node_modules/appium-xcuitest-driver/node_modules/appium-webdriveragent/PrivateHeaders/XCTest/XCTMessagingChannel_IDEToRunner-Protocol.h <host-path>/Library/Developer/Xcode/DerivedData/WebDriverAgent-gvnbbobaqwdgeeepwfrffrnyucio/Build/Products/Debug-iphonesimulator/WebDriverAgentLib.framework/Headers
2026-09-29 08:07:52:344 [790e2ec9][Xcode] 
2026-09-29 08:07:52:344 [790e2ec9][Xcode] CpHeader <host-path>/Library/Developer/Xcode/DerivedData/WebDriverAgent-gvnbbobaqwdgeeepwfrffrnyucio/Build/Products/Debug-iphonesimulator/WebDriverAgentLib.framework/Headers/XCTMemoryCheckerDelegate-Protocol.h <host-path>/qualification/compatibility-smoke/harness/node_modules/appium-xcuitest-driver/node_modules/appium-webdriveragent/PrivateHeaders/XCTest/XCTMemoryCheckerDelegate-Protocol.h (in target 'WebDriverAgentLib' from project 'WebDriverAgent')
2026-09-29 08:07:52:344 [790e2ec9][Xcode]     cd <host-path>/qualification/compatibility-smoke/harness/node_modules/appium-xcuitest-driver/node_modules/appium-webdriveragent
2026-09-29 08:07:52:344 [790e2ec9][Xcode]     builtin-copy -exclude .DS_Store -exclude CVS -exclude .svn -exclude .git -exclude .hg -resolve-src-symlinks <host-path>/qualification/compatibility-smoke/harness/node_modules/appium-xcuitest-driver/node_modules/appium-webdriveragent/PrivateHeaders/XCTest/XCTMemoryCheckerDelegate-Protocol.h <host-path>/Library/Developer/Xcode/DerivedData/WebDriverAgent-gvnbbobaqwdgeeepwfrffrnyucio/Build/Products/Debug-iphonesimulator/WebDriverAgentLib.framework/Headers
2026-09-29 08:07:52:344 [790e2ec9][Xcode] 
2026-09-29 08:07:52:345 [790e2ec9][Xcode] CpHeader <host-path>/Library/Developer/Xcode/DerivedData/WebDriverAgent-gvnbbobaqwdgeeepwfrffrnyucio/Build/Products/Debug-iphonesimulator/WebDriverAgentLib.framework/Headers/XCTMemoryChecker.h <host-path>/qualification/compatibility-smoke/harness/node_modules/appium-xcuitest-driver/node_modules/appium-webdriveragent/PrivateHeaders/XCTest/XCTMemoryChecker.h (in target 'WebDriverAgentLib' from project 'WebDriverAgent')
2026-09-29 08:07:52:345 [790e2ec9][Xcode]     cd <host-path>/qualification/compatibility-smoke/harness/node_modules/appium-xcuitest-driver/node_modules/appium-webdriveragent
2026-09-29 08:07:52:345 [790e2ec9][Xcode]     builtin-copy -exclude .DS_Store -exclude CVS -exclude .svn -exclude .git -exclude .hg -resolve-src-symlinks <host-path>/qualification/compatibility-smoke/harness/node_modules/appium-xcuitest-driver/node_modules/appium-webdriveragent/PrivateHeaders/XCTest/XCTMemoryChecker.h <host-path>/Library/Developer/Xcode/DerivedData/WebDriverAgent-gvnbbobaqwdgeeepwfrffrnyucio/Build/Products/Debug-iphonesimulator/WebDriverAgentLib.framework/Headers
2026-09-29 08:07:52:345 [790e2ec9][Xcode] 
2026-09-29 08:07:52:345 [790e2ec9][Xcode] CpHeader <host-path>/Library/Developer/Xcode/DerivedData/WebDriverAgent-gvnbbobaqwdgeeepwfrffrnyucio/Build/Products/Debug-iphonesimulator/WebDriverAgentLib.framework/Headers/XCTMeasureOptions.h <host-path>/qualification/compatibility-smoke/harness/node_modules/appium-xcuitest-driver/node_modules/appium-webdriveragent/PrivateHeaders/XCTest/XCTMeasureOptions.h (in target 'WebDriverAgentLib' from project 'WebDriverAgent')
2026-09-29 08:07:52:345 [790e2ec9][Xcode]     cd <host-path>/qualification/compatibility-smoke/harness/node_modules/appium-xcuitest-driver/node_modules/appium-webdriveragent
2026-09-29 08:07:52:346 [790e2ec9][Xcode]     builtin-copy -exclude .DS_Store -exclude CVS -exclude .svn -exclude .git -exclude .hg -resolve-src-symlinks <host-path>/qualification/compatibility-smoke/harness/node_modules/appium-xcuitest-driver/node_modules/appium-webdriveragent/PrivateHeaders/XCTest/XCTMeasureOptions.h <host-path>/Library/Developer/Xcode/DerivedData/WebDriverAgent-gvnbbobaqwdgeeepwfrffrnyucio/Build/Products/Debug-iphonesimulator/WebDriverAgentLib.framework/Headers
2026-09-29 08:07:52:347 [790e2ec9][Xcode] 
2026-09-29 08:07:52:347 [790e2ec9][Xcode] CpHeader <host-path>/Library/Developer/Xcode/DerivedData/WebDriverAgent-gvnbbobaqwdgeeepwfrffrnyucio/Build/Products/Debug-iphonesimulator/WebDriverAgentLib.framework/Headers/XCTMacCatalystStatusProviding-Protocol.h <host-path>/qualification/compatibility-smoke/harness/node_modules/appium-xcuitest-driver/node_modules/appium-webdriveragent/PrivateHeaders/XCTest/XCTMacCatalystStatusProviding-Protocol.h (in target 'WebDriverAgentLib' from project 'WebDriverAgent')
2026-09-29 08:07:52:347 [790e2ec9][Xcode]     cd <host-path>/qualification/compatibility-smoke/harness/node_modules/appium-xcuitest-driver/node_modules/appium-webdriveragent
2026-09-29 08:07:52:347 [790e2ec9][Xcode]     builtin-copy -exclude .DS_Store -exclude CVS -exclude .svn -exclude .git -exclude .hg -resolve-src-symlinks <host-path>/qualification/compatibility-smoke/harness/node_modules/appium-xcuitest-driver/node_modules/appium-webdriveragent/PrivateHeaders/XCTest/XCTMacCatalystStatusProviding-Protocol.h <host-path>/Library/Developer/Xcode/DerivedData/WebDriverAgent-gvnbbobaqwdgeeepwfrffrnyucio/Build/Products/Debug-iphonesimulator/WebDriverAgentLib.framework/Headers
2026-09-29 08:07:52:347 [790e2ec9][Xcode] 
2026-09-29 08:07:52:348 [790e2ec9][Xcode] CpHeader <host-path>/Library/Developer/Xcode/DerivedData/WebDriverAgent-gvnbbobaqwdgeeepwfrffrnyucio/Build/Products/Debug-iphonesimulator/WebDriverAgentLib.framework/Headers/XCTIssueHandling-Protocol.h <host-path>/qualification/compatibility-smoke/harness/node_modules/appium-xcuitest-driver/node_modules/appium-webdriveragent/PrivateHeaders/XCTest/XCTIssueHandling-Protocol.h (in target 'WebDriverAgentLib' from project 'WebDriverAgent')
2026-09-29 08:07:52:348 [790e2ec9][Xcode]     cd <host-path>/qualification/compatibility-smoke/harness/node_modules/appium-xcuitest-driver/node_modules/appium-webdriveragent
2026-09-29 08:07:52:348 [790e2ec9][Xcode]     builtin-copy -exclude .DS_Store -exclude CVS -exclude .svn -exclude .git -exclude .hg -resolve-src-symlinks <host-path>/qualification/compatibility-smoke/harness/node_modules/appium-xcuitest-driver/node_modules/appium-webdriveragent/PrivateHeaders/XCTest/XCTIssueHandling-Protocol.h <host-path>/Library/Developer/Xcode/DerivedData/WebDriverAgent-gvnbbobaqwdgeeepwfrffrnyucio/Build/Products/Debug-iphonesimulator/WebDriverAgentLib.framework/Headers
2026-09-29 08:07:52:348 [790e2ec9][Xcode] 
2026-09-29 08:07:52:348 [790e2ec9][Xcode] CpHeader <host-path>/Library/Developer/Xcode/DerivedData/WebDriverAgent-gvnbbobaqwdgeeepwfrffrnyucio/Build/Products/Debug-iphonesimulator/WebDriverAgentLib.framework/Headers/XCTIssue.h <host-path>/qualification/compatibility-smoke/harness/node_modules/appium-xcuitest-driver/node_modules/appium-webdriveragent/PrivateHeaders/XCTest/XCTIssue.h (in target 'WebDriverAgentLib' from project 'WebDriverAgent')
2026-09-29 08:07:52:348 [790e2ec9][Xcode]     cd <host-path>/qualification/compatibility-smoke/harness/node_modules/appium-xcuitest-driver/node_modules/appium-webdriveragent
2026-09-29 08:07:52:348 [790e2ec9][Xcode]     builtin-copy -exclude .DS_Store -exclude CVS -exclude .svn -exclude .git -exclude .hg -resolve-src-symlinks <host-path>/qualification/compatibility-smoke/harness/node_modules/appium-xcuitest-driver/node_modules/appium-webdriveragent/PrivateHeaders/XCTest/XCTIssue.h <host-path>/Library/Developer/Xcode/DerivedData/WebDriverAgent-gvnbbobaqwdgeeepwfrffrnyucio/Build/Products/Debug-iphonesimulator/WebDriverAgentLib.framework/Headers
2026-09-29 08:07:52:348 [790e2ec9][Xcode] 
2026-09-29 08:07:52:348 [790e2ec9][Xcode] CpHeader <host-path>/Library/Developer/Xcode/DerivedData/WebDriverAgent-gvnbbobaqwdgeeepwfrffrnyucio/Build/Products/Debug-iphonesimulator/WebDriverAgentLib.framework/Headers/XCTIssue+FBPatcher.h <host-path>/qualification/compatibility-smoke/harness/node_modules/appium-xcuitest-driver/node_modules/appium-webdriveragent/WebDriverAgentLib/Categories/XCTIssue+FBPatcher.h (in target 'WebDriverAgentLib' from project 'WebDriverAgent')
2026-09-29 08:07:52:348 [790e2ec9][Xcode]     cd <host-path>/qualification/compatibility-smoke/harness/node_modules/appium-xcuitest-driver/node_modules/appium-webdriveragent
2026-09-29 08:07:52:348 [790e2ec9][Xcode]     builtin-copy -exclude .DS_Store -exclude CVS -exclude .svn -exclude .git -exclude .hg -resolve-src-symlinks <host-path>/qualification/compatibility-smoke/harness/node_modules/appium-xcuitest-driver/node_modules/appium-webdriveragent/WebDriverAgentLib/Categories/XCTIssue+FBPatcher.h <host-path>/Library/Developer/Xcode/DerivedData/WebDriverAgent-gvnbbobaqwdgeeepwfrffrnyucio/Build/Products/Debug-iphonesimulator/WebDriverAgentLib.framework/Headers
2026-09-29 08:07:52:348 [790e2ec9][Xcode] 
2026-09-29 08:07:52:349 [790e2ec9][Xcode] CpHeader <host-path>/Library/Developer/Xcode/DerivedData/WebDriverAgent-gvnbbobaqwdgeeepwfrffrnyucio/Build/Products/Debug-iphonesimulator/WebDriverAgentLib.framework/Headers/XCTHarnessEventReporting-Protocol.h <host-path>/qualification/compatibility-smoke/harness/node_modules/appium-xcuitest-driver/node_modules/appium-webdriveragent/PrivateHeaders/XCTest/XCTHarnessEventReporting-Protocol.h (in target 'WebDriverAgentLib' from project 'WebDriverAgent')
2026-09-29 08:07:52:349 [790e2ec9][Xcode]     cd <host-path>/qualification/compatibility-smoke/harness/node_modules/appium-xcuitest-driver/node_modules/appium-webdriveragent
2026-09-29 08:07:52:349 [790e2ec9][Xcode]     builtin-copy -exclude .DS_Store -exclude CVS -exclude .svn -exclude .git -exclude .hg -resolve-src-symlinks <host-path>/qualification/compatibility-smoke/harness/node_modules/appium-xcuitest-driver/node_modules/appium-webdriveragent/PrivateHeaders/XCTest/XCTHarnessEventReporting-Protocol.h <host-path>/Library/Developer/Xcode/DerivedData/WebDriverAgent-gvnbbobaqwdgeeepwfrffrnyucio/Build/Products/Debug-iphonesimulator/WebDriverAgentLib.framework/Headers
2026-09-29 08:07:52:349 [790e2ec9][Xcode] 
2026-09-29 08:07:52:350 [790e2ec9][Xcode] CpHeader <host-path>/Library/Developer/Xcode/DerivedData/WebDriverAgent-gvnbbobaqwdgeeepwfrffrnyucio/Build/Products/Debug-iphonesimulator/WebDriverAgentLib.framework/Headers/XCTFuture.h <host-path>/qualification/compatibility-smoke/harness/node_modules/appium-xcuitest-driver/node_modules/appium-webdriveragent/PrivateHeaders/XCTest/XCTFuture.h (in target 'WebDriverAgentLib' from project 'WebDriverAgent')
2026-09-29 08:07:52:350 [790e2ec9][Xcode]     cd <host-path>/qualification/compatibility-smoke/harness/node_modules/appium-xcuitest-driver/node_modules/appium-webdriveragent
2026-09-29 08:07:52:350 [790e2ec9][Xcode]     builtin-copy -exclude .DS_Store -exclude CVS -exclude .svn -exclude .git -exclude .hg -resolve-src-symlinks <host-path>/qualification/compatibility-smoke/harness/node_modules/appium-xcuitest-driver/node_modules/appium-webdriveragent/PrivateHeaders/XCTest/XCTFuture.h <host-path>/Library/Developer/Xcode/DerivedData/WebDriverAgent-gvnbbobaqwdgeeepwfrffrnyucio/Build/Products/Debug-iphonesimulator/WebDriverAgentLib.framework/Headers
2026-09-29 08:07:52:350 [790e2ec9][Xcode] 
2026-09-29 08:07:52:350 [790e2ec9][Xcode] CpHeader <host-path>/Library/Developer/Xcode/DerivedData/WebDriverAgent-gvnbbobaqwdgeeepwfrffrnyucio/Build/Products/Debug-iphonesimulator/WebDriverAgentLib.framework/Headers/XCTExpectedFailureContextManager.h <host-path>/qualification/compatibility-smoke/harness/node_modules/appium-xcuitest-driver/node_modules/appium-webdriveragent/PrivateHeaders/XCTest/XCTExpectedFailureContextManager.h (in target 'WebDriverAgentLib' from project 'WebDriverAgent')
2026-09-29 08:07:52:350 [790e2ec9][Xcode]     cd <host-path>/qualification/compatibility-smoke/harness/node_modules/appium-xcuitest-driver/node_modules/appium-webdriveragent
2026-09-29 08:07:52:350 [790e2ec9][Xcode]     builtin-copy -exclude .DS_Store -exclude CVS -exclude .svn -exclude .git -exclude .hg -resolve-src-symlinks <host-path>/qualification/compatibility-smoke/harness/node_modules/appium-xcuitest-driver/node_modules/appium-webdriveragent/PrivateHeaders/XCTest/XCTExpectedFailureContextManager.h <host-path>/Library/Developer/Xcode/DerivedData/WebDriverAgent-gvnbbobaqwdgeeepwfrffrnyucio/Build/Products/Debug-iphonesimulator/WebDriverAgentLib.framework/Headers
2026-09-29 08:07:52:350 [790e2ec9][Xcode] 
2026-09-29 08:07:52:350 [790e2ec9][Xcode] CpHeader <host-path>/Library/Developer/Xcode/DerivedData/WebDriverAgent-gvnbbobaqwdgeeepwfrffrnyucio/Build/Products/Debug-iphonesimulator/WebDriverAgentLib.framework/Headers/XCTElementSnapshotProvider-Protocol.h <host-path>/qualification/compatibility-smoke/harness/node_modules/appium-xcuitest-driver/node_modules/appium-webdriveragent/PrivateHeaders/XCTest/XCTElementSnapshotProvider-Protocol.h (in target 'WebDriverAgentLib' from project 'WebDriverAgent')
2026-09-29 08:07:52:350 [790e2ec9][Xcode]     cd <host-path>/qualification/compatibility-smoke/harness/node_modules/appium-xcuitest-driver/node_modules/appium-webdriveragent
2026-09-29 08:07:52:353 [790e2ec9][Xcode]     builtin-copy -exclude .DS_Store -exclude CVS -exclude .svn -exclude .git -exclude .hg -resolve-src-symlinks <host-path>/qualification/compatibility-smoke/harness/node_modules/appium-xcuitest-driver/node_modules/appium-webdriveragent/PrivateHeaders/XCTest/XCTElementSnapshotProvider-Protocol.h <host-path>/Library/Developer/Xcode/DerivedData/WebDriverAgent-gvnbbobaqwdgeeepwfrffrnyucio/Build/Products/Debug-iphonesimulator/WebDriverAgentLib.framework/Headers
2026-09-29 08:07:52:353 [790e2ec9][Xcode] 
2026-09-29 08:07:52:353 [790e2ec9][Xcode] CpHeader <host-path>/Library/Developer/Xcode/DerivedData/WebDriverAgent-gvnbbobaqwdgeeepwfrffrnyucio/Build/Products/Debug-iphonesimulator/WebDriverAgentLib.framework/Headers/XCTElementSnapshotAttributeDataSource-Protocol.h <host-path>/qualification/compatibility-smoke/harness/node_modules/appium-xcuitest-driver/node_modules/appium-webdriveragent/PrivateHeaders/XCTest/XCTElementSnapshotAttributeDataSource-Protocol.h (in target 'WebDriverAgentLib' from project 'WebDriverAgent')
2026-09-29 08:07:52:353 [790e2ec9][Xcode]     cd <host-path>/qualification/compatibility-smoke/harness/node_modules/appium-xcuitest-driver/node_modules/appium-webdriveragent
2026-09-29 08:07:52:353 [790e2ec9][Xcode]     builtin-copy -exclude .DS_Store -exclude CVS -exclude .svn -exclude .git -exclude .hg -resolve-src-symlinks <host-path>/qualification/compatibility-smoke/harness/node_modules/appium-xcuitest-driver/node_modules/appium-webdriveragent/PrivateHeaders/XCTest/XCTElementSnapshotAttributeDataSource-Protocol.h <host-path>/Library/Developer/Xcode/DerivedData/WebDriverAgent-gvnbbobaqwdgeeepwfrffrnyucio/Build/Products/Debug-iphonesimulator/WebDriverAgentLib.framework/Headers
2026-09-29 08:07:52:353 [790e2ec9][Xcode] 
2026-09-29 08:07:52:353 [790e2ec9][Xcode] CpHeader <host-path>/Library/Developer/Xcode/DerivedData/WebDriverAgent-gvnbbobaqwdgeeepwfrffrnyucio/Build/Products/Debug-iphonesimulator/WebDriverAgentLib.framework/Headers/XCTElementSetTransformer-Protocol.h <host-path>/qualification/compatibility-smoke/harness/node_modules/appium-xcuitest-driver/node_modules/appium-webdriveragent/PrivateHeaders/XCTest/XCTElementSetTransformer-Protocol.h (in target 'WebDriverAgentLib' from project 'WebDriverAgent')
2026-09-29 08:07:52:353 [790e2ec9][Xcode]     cd <host-path>/qualification/compatibility-smoke/harness/node_modules/appium-xcuitest-driver/node_modules/appium-webdriveragent
2026-09-29 08:07:52:353 [790e2ec9][Xcode]     builtin-copy -exclude .DS_Store -exclude CVS -exclude .svn -exclude .git -exclude .hg -resolve-src-symlinks <host-path>/qualification/compatibility-smoke/harness/node_modules/appium-xcuitest-driver/node_modules/appium-webdriveragent/PrivateHeaders/XCTest/XCTElementSetTransformer-Protocol.h <host-path>/Library/Developer/Xcode/DerivedData/WebDriverAgent-gvnbbobaqwdgeeepwfrffrnyucio/Build/Products/Debug-iphonesimulator/WebDriverAgentLib.framework/Headers
2026-09-29 08:07:52:353 [790e2ec9][Xcode] 
2026-09-29 08:07:52:353 [790e2ec9][Xcode] CpHeader <host-path>/Library/Developer/Xcode/DerivedData/WebDriverAgent-gvnbbobaqwdgeeepwfrffrnyucio/Build/Products/Debug-iphonesimulator/WebDriverAgentLib.framework/Headers/XCTCapabilitiesProviding-Protocol.h <host-path>/qualification/compatibility-smoke/harness/node_modules/appium-xcuitest-driver/node_modules/appium-webdriveragent/PrivateHeaders/XCTest/XCTCapabilitiesProviding-Protocol.h (in target 'WebDriverAgentLib' from project 'WebDriverAgent')
2026-09-29 08:07:52:353 [790e2ec9][Xcode]     cd <host-path>/qualification/compatibility-smoke/harness/node_modules/appium-xcuitest-driver/node_modules/appium-webdriveragent
2026-09-29 08:07:52:353 [790e2ec9][Xcode]     builtin-copy -exclude .DS_Store -exclude CVS -exclude .svn -exclude .git -exclude .hg -resolve-src-symlinks <host-path>/qualification/compatibility-smoke/harness/node_modules/appium-xcuitest-driver/node_modules/appium-webdriveragent/PrivateHeaders/XCTest/XCTCapabilitiesProviding-Protocol.h <host-path>/Library/Developer/Xcode/DerivedData/WebDriverAgent-gvnbbobaqwdgeeepwfrffrnyucio/Build/Products/Debug-iphonesimulator/WebDriverAgentLib.framework/Headers
2026-09-29 08:07:52:353 [790e2ec9][Xcode] 
2026-09-29 08:07:52:353 [790e2ec9][Xcode] CpHeader <host-path>/Library/Developer/Xcode/DerivedData/WebDriverAgent-gvnbbobaqwdgeeepwfrffrnyucio/Build/Products/Debug-iphonesimulator/WebDriverAgentLib.framework/Headers/XCTCapabilities.h <host-path>/qualification/compatibility-smoke/harness/node_modules/appium-xcuitest-driver/node_modules/appium-webdriveragent/PrivateHeaders/XCTest/XCTCapabilities.h (in target 'WebDriverAgentLib' from project 'WebDriverAgent')
2026-09-29 08:07:52:353 [790e2ec9][Xcode]     cd <host-path>/qualification/compatibility-smoke/harness/node_modules/appium-xcuitest-driver/node_modules/appium-webdriveragent
2026-09-29 08:07:52:353 [790e2ec9][Xcode]     builtin-copy -exclude .DS_Store -exclude CVS -exclude .svn -exclude .git -exclude .hg -resolve-src-symlinks <host-path>/qualification/compatibility-smoke/harness/node_modules/appium-xcuitest-driver/node_modules/appium-webdriveragent/PrivateHeaders/XCTest/XCTCapabilities.h <host-path>/Library/Developer/Xcode/DerivedData/WebDriverAgent-gvnbbobaqwdgeeepwfrffrnyucio/Build/Products/Debug-iphonesimulator/WebDriverAgentLib.framework/Headers
2026-09-29 08:07:52:353 [790e2ec9][Xcode] 
2026-09-29 08:07:52:353 [790e2ec9][Xcode] CpHeader <host-path>/Library/Developer/Xcode/DerivedData/WebDriverAgent-gvnbbobaqwdgeeepwfrffrnyucio/Build/Products/Debug-iphonesimulator/WebDriverAgentLib.framework/Headers/XCTAttachmentManager.h <host-path>/qualification/compatibility-smoke/harness/node_modules/appium-xcuitest-driver/node_modules/appium-webdriveragent/PrivateHeaders/XCTest/XCTAttachmentManager.h (in target 'WebDriverAgentLib' from project 'WebDriverAgent')
2026-09-29 08:07:52:353 [790e2ec9][Xcode]     cd <host-path>/qualification/compatibility-smoke/harness/node_modules/appium-xcuitest-driver/node_modules/appium-webdriveragent
2026-09-29 08:07:52:353 [790e2ec9][Xcode]     builtin-copy -exclude .DS_Store -exclude CVS -exclude .svn -exclude .git -exclude .hg -resolve-src-symlinks <host-path>/qualification/compatibility-smoke/harness/node_modules/appium-xcuitest-driver/node_modules/appium-webdriveragent/PrivateHeaders/XCTest/XCTAttachmentManager.h <host-path>/Library/Developer/Xcode/DerivedData/WebDriverAgent-gvnbbobaqwdgeeepwfrffrnyucio/Build/Products/Debug-iphonesimulator/WebDriverAgentLib.framework/Headers
2026-09-29 08:07:52:354 [790e2ec9][Xcode] 
2026-09-29 08:07:52:354 [790e2ec9][Xcode] CpHeader <host-path>/Library/Developer/Xcode/DerivedData/WebDriverAgent-gvnbbobaqwdgeeepwfrffrnyucio/Build/Products/Debug-iphonesimulator/WebDriverAgentLib.framework/Headers/XCTAggregateSuiteRunStatistics.h <host-path>/qualification/compatibility-smoke/harness/node_modules/appium-xcuitest-driver/node_modules/appium-webdriveragent/PrivateHeaders/XCTest/XCTAggregateSuiteRunStatistics.h (in target 'WebDriverAgentLib' from project 'WebDriverAgent')
2026-09-29 08:07:52:354 [790e2ec9][Xcode]     cd <host-path>/qualification/compatibility-smoke/harness/node_modules/appium-xcuitest-driver/node_modules/appium-webdriveragent
2026-09-29 08:07:52:354 [790e2ec9][Xcode]     builtin-copy -exclude .DS_Store -exclude CVS -exclude .svn -exclude .git -exclude .hg -resolve-src-symlinks <host-path>/qualification/compatibility-smoke/harness/node_modules/appium-xcuitest-driver/node_modules/appium-webdriveragent/PrivateHeaders/XCTest/XCTAggregateSuiteRunStatistics.h <host-path>/Library/Developer/Xcode/DerivedData/WebDriverAgent-gvnbbobaqwdgeeepwfrffrnyucio/Build/Products/Debug-iphonesimulator/WebDriverAgentLib.framework/Headers
2026-09-29 08:07:52:354 [790e2ec9][Xcode] 
2026-09-29 08:07:52:354 [790e2ec9][Xcode] CpHeader <host-path>/Library/Developer/Xcode/DerivedData/WebDriverAgent-gvnbbobaqwdgeeepwfrffrnyucio/Build/Products/Debug-iphonesimulator/WebDriverAgentLib.framework/Headers/XCSynthesizedEventRecord.h <host-path>/qualification/compatibility-smoke/harness/node_modules/appium-xcuitest-driver/node_modules/appium-webdriveragent/PrivateHeaders/XCTest/XCSynthesizedEventRecord.h (in target 'WebDriverAgentLib' from project 'WebDriverAgent')
2026-09-29 08:07:52:354 [790e2ec9][Xcode]     cd <host-path>/qualification/compatibility-smoke/harness/node_modules/appium-xcuitest-driver/node_modules/appium-webdriveragent
2026-09-29 08:07:52:354 [790e2ec9][Xcode]     builtin-copy -exclude .DS_Store -exclude CVS -exclude .svn -exclude .git -exclude .hg -resolve-src-symlinks <host-path>/qualification/compatibility-smoke/harness/node_modules/appium-xcuitest-driver/node_modules/appium-webdriveragent/PrivateHeaders/XCTest/XCSynthesizedEventRecord.h <host-path>/Library/Developer/Xcode/DerivedData/WebDriverAgent-gvnbbobaqwdgeeepwfrffrnyucio/Build/Products/Debug-iphonesimulator/WebDriverAgentLib.framework/Headers
2026-09-29 08:07:52:354 [790e2ec9][Xcode] 
2026-09-29 08:07:52:354 [790e2ec9][Xcode] CpHeader <host-path>/Library/Developer/Xcode/DerivedData/WebDriverAgent-gvnbbobaqwdgeeepwfrffrnyucio/Build/Products/Debug-iphonesimulator/WebDriverAgentLib.framework/Headers/XCPointerEventPath.h <host-path>/qualification/compatibility-smoke/harness/node_modules/appium-xcuitest-driver/node_modules/appium-webdriveragent/PrivateHeaders/XCTest/XCPointerEventPath.h (in target 'WebDriverAgentLib' from project 'WebDriverAgent')
2026-09-29 08:07:52:354 [790e2ec9][Xcode]     cd <host-path>/qualification/compatibility-smoke/harness/node_modules/appium-xcuitest-driver/node_modules/appium-webdriveragent
2026-09-29 08:07:52:355 [790e2ec9][Xcode]     builtin-copy -exclude .DS_Store -exclude CVS -exclude .svn -exclude .git -exclude .hg -resolve-src-symlinks <host-path>/qualification/compatibility-smoke/harness/node_modules/appium-xcuitest-driver/node_modules/appium-webdriveragent/PrivateHeaders/XCTest/XCPointerEventPath.h <host-path>/Library/Developer/Xcode/DerivedData/WebDriverAgent-gvnbbobaqwdgeeepwfrffrnyucio/Build/Products/Debug-iphonesimulator/WebDriverAgentLib.framework/Headers
2026-09-29 08:07:52:355 [790e2ec9][Xcode] 
2026-09-29 08:07:52:355 [790e2ec9][Xcode] CpHeader <host-path>/Library/Developer/Xcode/DerivedData/WebDriverAgent-gvnbbobaqwdgeeepwfrffrnyucio/Build/Products/Debug-iphonesimulator/WebDriverAgentLib.framework/Headers/XCPointerEvent.h <host-path>/qualification/compatibility-smoke/harness/node_modules/appium-xcuitest-driver/node_modules/appium-webdriveragent/PrivateHeaders/XCTest/XCPointerEvent.h (in target 'WebDriverAgentLib' from project 'WebDriverAgent')
2026-09-29 08:07:52:355 [790e2ec9][Xcode]     cd <host-path>/qualification/compatibility-smoke/harness/node_modules/appium-xcuitest-driver/node_modules/appium-webdriveragent
2026-09-29 08:07:52:355 [790e2ec9][Xcode]     builtin-copy -exclude .DS_Store -exclude CVS -exclude .svn -exclude .git -exclude .hg -resolve-src-symlinks <host-path>/qualification/compatibility-smoke/harness/node_modules/appium-xcuitest-driver/node_modules/appium-webdriveragent/PrivateHeaders/XCTest/XCPointerEvent.h <host-path>/Library/Developer/Xcode/DerivedData/WebDriverAgent-gvnbbobaqwdgeeepwfrffrnyucio/Build/Products/Debug-iphonesimulator/WebDriverAgentLib.framework/Headers
2026-09-29 08:07:52:355 [790e2ec9][Xcode] 
2026-09-29 08:07:52:355 [790e2ec9][Xcode] CpHeader <host-path>/Library/Developer/Xcode/DerivedData/WebDriverAgent-gvnbbobaqwdgeeepwfrffrnyucio/Build/Products/Debug-iphonesimulator/WebDriverAgentLib.framework/Headers/XCDebugLogDelegate-Protocol.h <host-path>/qualification/compatibility-smoke/harness/node_modules/appium-xcuitest-driver/node_modules/appium-webdriveragent/PrivateHeaders/XCTest/XCDebugLogDelegate-Protocol.h (in target 'WebDriverAgentLib' from project 'WebDriverAgent')
2026-09-29 08:07:52:355 [790e2ec9][Xcode]     cd <host-path>/qualification/compatibility-smoke/harness/node_modules/appium-xcuitest-driver/node_modules/appium-webdriveragent
2026-09-29 08:07:52:355 [790e2ec9][Xcode]     builtin-copy -exclude .DS_Store -exclude CVS -exclude .svn -exclude .git -exclude .hg -resolve-src-symlinks <host-path>/qualification/compatibility-smoke/harness/node_modules/appium-xcuitest-driver/node_modules/appium-webdriveragent/PrivateHeaders/XCTest/XCDebugLogDelegate-Protocol.h <host-path>/Library/Developer/Xcode/DerivedData/WebDriverAgent-gvnbbobaqwdgeeepwfrffrnyucio/Build/Products/Debug-iphonesimulator/WebDriverAgentLib.framework/Headers
2026-09-29 08:07:52:355 [790e2ec9][Xcode] 
2026-09-29 08:07:52:355 [790e2ec9][Xcode] CpHeader <host-path>/Library/Developer/Xcode/DerivedData/WebDriverAgent-gvnbbobaqwdgeeepwfrffrnyucio/Build/Products/Debug-iphonesimulator/WebDriverAgentLib.framework/Headers/XCApplicationQuery.h <host-path>/qualification/compatibility-smoke/harness/node_modules/appium-xcuitest-driver/node_modules/appium-webdriveragent/PrivateHeaders/XCTest/XCApplicationQuery.h (in target 'WebDriverAgentLib' from project 'WebDriverAgent')
2026-09-29 08:07:52:356 [790e2ec9][Xcode]     cd <host-path>/qualification/compatibility-smoke/harness/node_modules/appium-xcuitest-driver/node_modules/appium-webdriveragent
2026-09-29 08:07:52:356 [790e2ec9][Xcode]     builtin-copy -exclude .DS_Store -exclude CVS -exclude .svn -exclude .git -exclude .hg -resolve-src-symlinks <host-path>/qualification/compatibility-smoke/harness/node_modules/appium-xcuitest-driver/node_modules/appium-webdriveragent/PrivateHeaders/XCTest/XCApplicationQuery.h <host-path>/Library/Developer/Xcode/DerivedData/WebDriverAgent-gvnbbobaqwdgeeepwfrffrnyucio/Build/Products/Debug-iphonesimulator/WebDriverAgentLib.framework/Headers
2026-09-29 08:07:52:356 [790e2ec9][Xcode] 
2026-09-29 08:07:52:356 [790e2ec9][Xcode] CpHeader <host-path>/Library/Developer/Xcode/DerivedData/WebDriverAgent-gvnbbobaqwdgeeepwfrffrnyucio/Build/Products/Debug-iphonesimulator/WebDriverAgentLib.framework/Headers/XCAXClient_iOS.h <host-path>/qualification/compatibility-smoke/harness/node_modules/appium-xcuitest-driver/node_modules/appium-webdriveragent/PrivateHeaders/XCTest/XCAXClient_iOS.h (in target 'WebDriverAgentLib' from project 'WebDriverAgent')
2026-09-29 08:07:52:360 [790e2ec9][Xcode]     cd <host-path>/qualification/compatibility-smoke/harness/node_modules/appium-xcuitest-driver/node_modules/appium-webdriveragent
2026-09-29 08:07:52:360 [790e2ec9][Xcode]     builtin-copy -exclude .DS_Store -exclude CVS -exclude .svn -exclude .git -exclude .hg -resolve-src-symlinks <host-path>/qualification/compatibility-smoke/harness/node_modules/appium-xcuitest-driver/node_modules/appium-webdriveragent/PrivateHeaders/XCTest/XCAXClient_iOS.h <host-path>/Library/Developer/Xcode/DerivedData/WebDriverAgent-gvnbbobaqwdgeeepwfrffrnyucio/Build/Products/Debug-iphonesimulator/WebDriverAgentLib.framework/Headers
2026-09-29 08:07:52:360 [790e2ec9][Xcode] 
2026-09-29 08:07:52:361 [790e2ec9][Xcode] CpHeader <host-path>/Library/Developer/Xcode/DerivedData/WebDriverAgent-gvnbbobaqwdgeeepwfrffrnyucio/Build/Products/Debug-iphonesimulator/WebDriverAgentLib.framework/Headers/WebDriverAgentLib.h <host-path>/qualification/compatibility-smoke/harness/node_modules/appium-xcuitest-driver/node_modules/appium-webdriveragent/WebDriverAgentLib/WebDriverAgentLib.h (in target 'WebDriverAgentLib' from project 'WebDriverAgent')
2026-09-29 08:07:52:361 [790e2ec9][Xcode]     cd <host-path>/qualification/compatibility-smoke/harness/node_modules/appium-xcuitest-driver/node_modules/appium-webdriveragent
2026-09-29 08:07:52:361 [790e2ec9][Xcode]     builtin-copy -exclude .DS_Store -exclude CVS -exclude .svn -exclude .git -exclude .hg -resolve-src-symlinks <host-path>/qualification/compatibility-smoke/harness/node_modules/appium-xcuitest-driver/node_modules/appium-webdriveragent/WebDriverAgentLib/WebDriverAgentLib.h <host-path>/Library/Developer/Xcode/DerivedData/WebDriverAgent-gvnbbobaqwdgeeepwfrffrnyucio/Build/Products/Debug-iphonesimulator/WebDriverAgentLib.framework/Headers
2026-09-29 08:07:52:361 [790e2ec9][Xcode] 
2026-09-29 08:07:52:361 [790e2ec9][Xcode] CpHeader <host-path>/Library/Developer/Xcode/DerivedData/WebDriverAgent-gvnbbobaqwdgeeepwfrffrnyucio/Build/Products/Debug-iphonesimulator/WebDriverAgentLib.framework/Headers/NSFastEnumeration-Protocol.h <host-path>/qualification/compatibility-smoke/harness/node_modules/appium-xcuitest-driver/node_modules/appium-webdriveragent/PrivateHeaders/XCTest/NSFastEnumeration-Protocol.h (in target 'WebDriverAgentLib' from project 'WebDriverAgent')
2026-09-29 08:07:52:361 [790e2ec9][Xcode]     cd <host-path>/qualification/compatibility-smoke/harness/node_modules/appium-xcuitest-driver/node_modules/appium-webdriveragent
2026-09-29 08:07:52:361 [790e2ec9][Xcode]     builtin-copy -exclude .DS_Store -exclude CVS -exclude .svn -exclude .git -exclude .hg -resolve-src-symlinks <host-path>/qualification/compatibility-smoke/harness/node_modules/appium-xcuitest-driver/node_modules/appium-webdriveragent/PrivateHeaders/XCTest/NSFastEnumeration-Protocol.h <host-path>/Library/Developer/Xcode/DerivedData/WebDriverAgent-gvnbbobaqwdgeeepwfrffrnyucio/Build/Products/Debug-iphonesimulator/WebDriverAgentLib.framework/Headers
2026-09-29 08:07:52:361 [790e2ec9][Xcode] 
2026-09-29 08:07:52:361 [790e2ec9][Xcode] CpHeader <host-path>/Library/Developer/Xcode/DerivedData/WebDriverAgent-gvnbbobaqwdgeeepwfrffrnyucio/Build/Products/Debug-iphonesimulator/WebDriverAgentLib.framework/Headers/FBXPath.h <host-path>/qualification/compatibility-smoke/harness/node_modules/appium-xcuitest-driver/node_modules/appium-webdriveragent/WebDriverAgentLib/Utilities/FBXPath.h (in target 'WebDriverAgentLib' from project 'WebDriverAgent')
2026-09-29 08:07:52:361 [790e2ec9][Xcode]     cd <host-path>/qualification/compatibility-smoke/harness/node_modules/appium-xcuitest-driver/node_modules/appium-webdriveragent
2026-09-29 08:07:52:361 [790e2ec9][Xcode]     builtin-copy -exclude .DS_Store -exclude CVS -exclude .svn -exclude .git -exclude .hg -resolve-src-symlinks <host-path>/qualification/compatibility-smoke/harness/node_modules/appium-xcuitest-driver/node_modules/appium-webdriveragent/WebDriverAgentLib/Utilities/FBXPath.h <host-path>/Library/Developer/Xcode/DerivedData/WebDriverAgent-gvnbbobaqwdgeeepwfrffrnyucio/Build/Products/Debug-iphonesimulator/WebDriverAgentLib.framework/Headers
2026-09-29 08:07:52:361 [790e2ec9][Xcode] 
2026-09-29 08:07:52:361 [790e2ec9][Xcode] CpHeader <host-path>/Library/Developer/Xcode/DerivedData/WebDriverAgent-gvnbbobaqwdgeeepwfrffrnyucio/Build/Products/Debug-iphonesimulator/WebDriverAgentLib.framework/Headers/FBXCElementSnapshotWrapper.h <host-path>/qualification/compatibility-smoke/harness/node_modules/appium-xcuitest-driver/node_modules/appium-webdriveragent/WebDriverAgentLib/Routing/FBXCElementSnapshotWrapper.h (in target 'WebDriverAgentLib' from project 'WebDriverAgent')
2026-09-29 08:07:52:361 [790e2ec9][Xcode]     cd <host-path>/qualification/compatibility-smoke/harness/node_modules/appium-xcuitest-driver/node_modules/appium-webdriveragent
2026-09-29 08:07:52:361 [790e2ec9][Xcode]     builtin-copy -exclude .DS_Store -exclude CVS -exclude .svn -exclude .git -exclude .hg -resolve-src-symlinks <host-path>/qualification/compatibility-smoke/harness/node_modules/appium-xcuitest-driver/node_modules/appium-webdriveragent/WebDriverAgentLib/Routing/FBXCElementSnapshotWrapper.h <host-path>/Library/Developer/Xcode/DerivedData/WebDriverAgent-gvnbbobaqwdgeeepwfrffrnyucio/Build/Products/Debug-iphonesimulator/WebDriverAgentLib.framework/Headers
2026-09-29 08:07:52:361 [790e2ec9][Xcode] 
2026-09-29 08:07:52:361 [790e2ec9][Xcode] CpHeader <host-path>/Library/Developer/Xcode/DerivedData/WebDriverAgent-gvnbbobaqwdgeeepwfrffrnyucio/Build/Products/Debug-iphonesimulator/WebDriverAgentLib.framework/Headers/FBXCElementSnapshot.h <host-path>/qualification/compatibility-smoke/harness/node_modules/appium-xcuitest-driver/node_modules/appium-webdriveragent/WebDriverAgentLib/Routing/FBXCElementSnapshot.h (in target 'WebDriverAgentLib' from project 'WebDriverAgent')
2026-09-29 08:07:52:362 [790e2ec9][Xcode]     cd <host-path>/qualification/compatibility-smoke/harness/node_modules/appium-xcuitest-driver/node_modules/appium-webdriveragent
2026-09-29 08:07:52:362 [790e2ec9][Xcode]     builtin-copy -exclude .DS_Store -exclude CVS -exclude .svn -exclude .git -exclude .hg -resolve-src-symlinks <host-path>/qualification/compatibility-smoke/harness/node_modules/appium-xcuitest-driver/node_modules/appium-webdriveragent/WebDriverAgentLib/Routing/FBXCElementSnapshot.h <host-path>/Library/Developer/Xcode/DerivedData/WebDriverAgent-gvnbbobaqwdgeeepwfrffrnyucio/Build/Products/Debug-iphonesimulator/WebDriverAgentLib.framework/Headers
2026-09-29 08:07:52:362 [790e2ec9][Xcode] 
2026-09-29 08:07:52:362 [790e2ec9][Xcode] CpHeader <host-path>/Library/Developer/Xcode/DerivedData/WebDriverAgent-gvnbbobaqwdgeeepwfrffrnyucio/Build/Products/Debug-iphonesimulator/WebDriverAgentLib.framework/Headers/FBWebServer.h <host-path>/qualification/compatibility-smoke/harness/node_modules/appium-xcuitest-driver/node_modules/appium-webdriveragent/WebDriverAgentLib/Routing/FBWebServer.h (in target 'WebDriverAgentLib' from project 'WebDriverAgent')
2026-09-29 08:07:52:362 [790e2ec9][Xcode]     cd <host-path>/qualification/compatibility-smoke/harness/node_modules/appium-xcuitest-driver/node_modules/appium-webdriveragent
2026-09-29 08:07:52:362 [790e2ec9][Xcode]     builtin-copy -exclude .DS_Store -exclude CVS -exclude .svn -exclude .git -exclude .hg -resolve-src-symlinks <host-path>/qualification/compatibility-smoke/harness/node_modules/appium-xcuitest-driver/node_modules/appium-webdriveragent/WebDriverAgentLib/Routing/FBWebServer.h <host-path>/Library/Developer/Xcode/DerivedData/WebDriverAgent-gvnbbobaqwdgeeepwfrffrnyucio/Build/Products/Debug-iphonesimulator/WebDriverAgentLib.framework/Headers
2026-09-29 08:07:52:362 [790e2ec9][Xcode] 
2026-09-29 08:07:52:362 [790e2ec9][Xcode] CpHeader <host-path>/Library/Developer/Xcode/DerivedData/WebDriverAgent-gvnbbobaqwdgeeepwfrffrnyucio/Build/Products/Debug-iphonesimulator/WebDriverAgentLib.framework/Headers/FBSession.h <host-path>/qualification/compatibility-smoke/harness/node_modules/appium-xcuitest-driver/node_modules/appium-webdriveragent/WebDriverAgentLib/Routing/FBSession.h (in target 'WebDriverAgentLib' from project 'WebDriverAgent')
2026-09-29 08:07:52:362 [790e2ec9][Xcode]     cd <host-path>/qualification/compatibility-smoke/harness/node_modules/appium-xcuitest-driver/node_modules/appium-webdriveragent
2026-09-29 08:07:52:362 [790e2ec9][Xcode]     builtin-copy -exclude .DS_Store -exclude CVS -exclude .svn -exclude .git -exclude .hg -resolve-src-symlinks <host-path>/qualification/compatibility-smoke/harness/node_modules/appium-xcuitest-driver/node_modules/appium-webdriveragent/WebDriverAgentLib/Routing/FBSession.h <host-path>/Library/Developer/Xcode/DerivedData/WebDriverAgent-gvnbbobaqwdgeeepwfrffrnyucio/Build/Products/Debug-iphonesimulator/WebDriverAgentLib.framework/Headers
2026-09-29 08:07:52:362 [790e2ec9][Xcode] 
2026-09-29 08:07:52:362 [790e2ec9][Xcode] CpHeader <host-path>/Library/Developer/Xcode/DerivedData/WebDriverAgent-gvnbbobaqwdgeeepwfrffrnyucio/Build/Products/Debug-iphonesimulator/WebDriverAgentLib.framework/Headers/FBRuntimeUtils.h <host-path>/qualification/compatibility-smoke/harness/node_modules/appium-xcuitest-driver/node_modules/appium-webdriveragent/WebDriverAgentLib/Utilities/FBRuntimeUtils.h (in target 'WebDriverAgentLib' from project 'WebDriverAgent')
2026-09-29 08:07:52:362 [790e2ec9][Xcode]     cd <host-path>/qualification/compatibility-smoke/harness/node_modules/appium-xcuitest-driver/node_modules/appium-webdriveragent
2026-09-29 08:07:52:362 [790e2ec9][Xcode]     builtin-copy -exclude .DS_Store -exclude CVS -exclude .svn -exclude .git -exclude .hg -resolve-src-symlinks <host-path>/qualification/compatibility-smoke/harness/node_modules/appium-xcuitest-driver/node_modules/appium-webdriveragent/WebDriverAgentLib/Utilities/FBRuntimeUtils.h <host-path>/Library/Developer/Xcode/DerivedData/WebDriverAgent-gvnbbobaqwdgeeepwfrffrnyucio/Build/Products/Debug-iphonesimulator/WebDriverAgentLib.framework/Headers
2026-09-29 08:07:52:362 [790e2ec9][Xcode] 
2026-09-29 08:07:52:362 [790e2ec9][Xcode] CpHeader <host-path>/Library/Developer/Xcode/DerivedData/WebDriverAgent-gvnbbobaqwdgeeepwfrffrnyucio/Build/Products/Debug-iphonesimulator/WebDriverAgentLib.framework/Headers/FBRunLoopSpinner.h <host-path>/qualification/compatibility-smoke/harness/node_modules/appium-xcuitest-driver/node_modules/appium-webdriveragent/WebDriverAgentLib/Utilities/FBRunLoopSpinner.h (in target 'WebDriverAgentLib' from project 'WebDriverAgent')
2026-09-29 08:07:52:362 [790e2ec9][Xcode]     cd <host-path>/qualification/compatibility-smoke/harness/node_modules/appium-xcuitest-driver/node_modules/appium-webdriveragent
2026-09-29 08:07:52:363 [790e2ec9][Xcode]     builtin-copy -exclude .DS_Store -exclude CVS -exclude .svn -exclude .git -exclude .hg -resolve-src-symlinks <host-path>/qualification/compatibility-smoke/harness/node_modules/appium-xcuitest-driver/node_modules/appium-webdriveragent/WebDriverAgentLib/Utilities/FBRunLoopSpinner.h <host-path>/Library/Developer/Xcode/DerivedData/WebDriverAgent-gvnbbobaqwdgeeepwfrffrnyucio/Build/Products/Debug-iphonesimulator/WebDriverAgentLib.framework/Headers
2026-09-29 08:07:52:363 [790e2ec9][Xcode] 
2026-09-29 08:07:52:363 [790e2ec9][Xcode] CpHeader <host-path>/Library/Developer/Xcode/DerivedData/WebDriverAgent-gvnbbobaqwdgeeepwfrffrnyucio/Build/Products/Debug-iphonesimulator/WebDriverAgentLib.framework/Headers/FBRouteRequest.h <host-path>/qualification/compatibility-smoke/harness/node_modules/appium-xcuitest-driver/node_modules/appium-webdriveragent/WebDriverAgentLib/Routing/FBRouteRequest.h (in target 'WebDriverAgentLib' from project 'WebDriverAgent')
2026-09-29 08:07:52:363 [790e2ec9][Xcode]     cd <host-path>/qualification/compatibility-smoke/harness/node_modules/appium-xcuitest-driver/node_modules/appium-webdriveragent
2026-09-29 08:07:52:363 [790e2ec9][Xcode]     builtin-copy -exclude .DS_Store -exclude CVS -exclude .svn -exclude .git -exclude .hg -resolve-src-symlinks <host-path>/qualification/compatibility-smoke/harness/node_modules/appium-xcuitest-driver/node_modules/appium-webdriveragent/WebDriverAgentLib/Routing/FBRouteRequest.h <host-path>/Library/Developer/Xcode/DerivedData/WebDriverAgent-gvnbbobaqwdgeeepwfrffrnyucio/Build/Products/Debug-iphonesimulator/WebDriverAgentLib.framework/Headers
2026-09-29 08:07:52:363 [790e2ec9][Xcode] 
2026-09-29 08:07:52:363 [790e2ec9][Xcode] CpHeader <host-path>/Library/Developer/Xcode/DerivedData/WebDriverAgent-gvnbbobaqwdgeeepwfrffrnyucio/Build/Products/Debug-iphonesimulator/WebDriverAgentLib.framework/Headers/FBRoute.h <host-path>/qualification/compatibility-smoke/harness/node_modules/appium-xcuitest-driver/node_modules/appium-webdriveragent/WebDriverAgentLib/Routing/FBRoute.h (in target 'WebDriverAgentLib' from project 'WebDriverAgent')
2026-09-29 08:07:52:363 [790e2ec9][Xcode]     cd <host-path>/qualification/compatibility-smoke/harness/node_modules/appium-xcuitest-driver/node_modules/appium-webdriveragent
2026-09-29 08:07:52:363 [790e2ec9][Xcode]     builtin-copy -exclude .DS_Store -exclude CVS -exclude .svn -exclude .git -exclude .hg -resolve-src-symlinks <host-path>/qualification/compatibility-smoke/harness/node_modules/appium-xcuitest-driver/node_modules/appium-webdriveragent/WebDriverAgentLib/Routing/FBRoute.h <host-path>/Library/Developer/Xcode/DerivedData/WebDriverAgent-gvnbbobaqwdgeeepwfrffrnyucio/Build/Products/Debug-iphonesimulator/WebDriverAgentLib.framework/Headers
2026-09-29 08:07:52:363 [790e2ec9][Xcode] 
2026-09-29 08:07:52:363 [790e2ec9][Xcode] CpHeader <host-path>/Library/Developer/Xcode/DerivedData/WebDriverAgent-gvnbbobaqwdgeeepwfrffrnyucio/Build/Products/Debug-iphonesimulator/WebDriverAgentLib.framework/Headers/FBResponsePayload.h <host-path>/qualification/compatibility-smoke/harness/node_modules/appium-xcuitest-driver/node_modules/appium-webdriveragent/WebDriverAgentLib/Routing/FBResponsePayload.h (in target 'WebDriverAgentLib' from project 'WebDriverAgent')
2026-09-29 08:07:52:376 [790e2ec9][Xcode]     cd <host-path>/qualification/compatibility-smoke/harness/node_modules/appium-xcuitest-driver/node_modules/appium-webdriveragent
2026-09-29 08:07:52:376 [790e2ec9][Xcode]     builtin-copy -exclude .DS_Store -exclude CVS -exclude .svn -exclude .git -exclude .hg -resolve-src-symlinks <host-path>/qualification/compatibility-smoke/harness/node_modules/appium-xcuitest-driver/node_modules/appium-webdriveragent/WebDriverAgentLib/Routing/FBResponsePayload.h <host-path>/Library/Developer/Xcode/DerivedData/WebDriverAgent-gvnbbobaqwdgeeepwfrffrnyucio/Build/Products/Debug-iphonesimulator/WebDriverAgentLib.framework/Headers
2026-09-29 08:07:52:376 [790e2ec9][Xcode] 
2026-09-29 08:07:52:376 [790e2ec9][Xcode] CpHeader <host-path>/Library/Developer/Xcode/DerivedData/WebDriverAgent-gvnbbobaqwdgeeepwfrffrnyucio/Build/Products/Debug-iphonesimulator/WebDriverAgentLib.framework/Headers/FBResponseJSONPayload.h <host-path>/qualification/compatibility-smoke/harness/node_modules/appium-xcuitest-driver/node_modules/appium-webdriveragent/WebDriverAgentLib/Routing/FBResponseJSONPayload.h (in target 'WebDriverAgentLib' from project 'WebDriverAgent')
2026-09-29 08:07:52:376 [790e2ec9][Xcode]     cd <host-path>/qualification/compatibility-smoke/harness/node_modules/appium-xcuitest-driver/node_modules/appium-webdriveragent
2026-09-29 08:07:52:376 [790e2ec9][Xcode]     builtin-copy -exclude .DS_Store -exclude CVS -exclude .svn -exclude .git -exclude .hg -resolve-src-symlinks <host-path>/qualification/compatibility-smoke/harness/node_modules/appium-xcuitest-driver/node_modules/appium-webdriveragent/WebDriverAgentLib/Routing/FBResponseJSONPayload.h <host-path>/Library/Developer/Xcode/DerivedData/WebDriverAgent-gvnbbobaqwdgeeepwfrffrnyucio/Build/Products/Debug-iphonesimulator/WebDriverAgentLib.framework/Headers
2026-09-29 08:07:52:376 [790e2ec9][Xcode] 
2026-09-29 08:07:52:377 [790e2ec9][Xcode] CpHeader <host-path>/Library/Developer/Xcode/DerivedData/WebDriverAgent-gvnbbobaqwdgeeepwfrffrnyucio/Build/Products/Debug-iphonesimulator/WebDriverAgentLib.framework/Headers/FBMathUtils.h <host-path>/qualification/compatibility-smoke/harness/node_modules/appium-xcuitest-driver/node_modules/appium-webdriveragent/WebDriverAgentLib/Utilities/FBMathUtils.h (in target 'WebDriverAgentLib' from project 'WebDriverAgent')
2026-09-29 08:07:52:377 [790e2ec9][Xcode]     cd <host-path>/qualification/compatibility-smoke/harness/node_modules/appium-xcuitest-driver/node_modules/appium-webdriveragent
2026-09-29 08:07:52:377 [790e2ec9][Xcode]     builtin-copy -exclude .DS_Store -exclude CVS -exclude .svn -exclude .git -exclude .hg -resolve-src-symlinks <host-path>/qualification/compatibility-smoke/harness/node_modules/appium-xcuitest-driver/node_modules/appium-webdriveragent/WebDriverAgentLib/Utilities/FBMathUtils.h <host-path>/Library/Developer/Xcode/DerivedData/WebDriverAgent-gvnbbobaqwdgeeepwfrffrnyucio/Build/Products/Debug-iphonesimulator/WebDriverAgentLib.framework/Headers
2026-09-29 08:07:52:377 [790e2ec9][Xcode] 
2026-09-29 08:07:52:377 [790e2ec9][Xcode] CpHeader <host-path>/Library/Developer/Xcode/DerivedData/WebDriverAgent-gvnbbobaqwdgeeepwfrffrnyucio/Build/Products/Debug-iphonesimulator/WebDriverAgentLib.framework/Headers/FBMacros.h <host-path>/qualification/compatibility-smoke/harness/node_modules/appium-xcuitest-driver/node_modules/appium-webdriveragent/WebDriverAgentLib/Utilities/FBMacros.h (in target 'WebDriverAgentLib' from project 'WebDriverAgent')
2026-09-29 08:07:52:377 [790e2ec9][Xcode]     cd <host-path>/qualification/compatibility-smoke/harness/node_modules/appium-xcuitest-driver/node_modules/appium-webdriveragent
2026-09-29 08:07:52:377 [790e2ec9][Xcode]     builtin-copy -exclude .DS_Store -exclude CVS -exclude .svn -exclude .git -exclude .hg -resolve-src-symlinks <host-path>/qualification/compatibility-smoke/harness/node_modules/appium-xcuitest-driver/node_modules/appium-webdriveragent/WebDriverAgentLib/Utilities/FBMacros.h <host-path>/Library/Developer/Xcode/DerivedData/WebDriverAgent-gvnbbobaqwdgeeepwfrffrnyucio/Build/Products/Debug-iphonesimulator/WebDriverAgentLib.framework/Headers
2026-09-29 08:07:52:377 [790e2ec9][Xcode] 
2026-09-29 08:07:52:377 [790e2ec9][Xcode] CpHeader <host-path>/Library/Developer/Xcode/DerivedData/WebDriverAgent-gvnbbobaqwdgeeepwfrffrnyucio/Build/Products/Debug-iphonesimulator/WebDriverAgentLib.framework/Headers/FBLogger.h <host-path>/qualification/compatibility-smoke/harness/node_modules/appium-xcuitest-driver/node_modules/appium-webdriveragent/WebDriverAgentLib/Utilities/FBLogger.h (in target 'WebDriverAgentLib' from project 'WebDriverAgent')
2026-09-29 08:07:52:377 [790e2ec9][Xcode]     cd <host-path>/qualification/compatibility-smoke/harness/node_modules/appium-xcuitest-driver/node_modules/appium-webdriveragent
2026-09-29 08:07:52:378 [790e2ec9][Xcode]     builtin-copy -exclude .DS_Store -exclude CVS -exclude .svn -exclude .git -exclude .hg -resolve-src-symlinks <host-path>/qualification/compatibility-smoke/harness/node_modules/appium-xcuitest-driver/node_modules/appium-webdriveragent/WebDriverAgentLib/Utilities/FBLogger.h <host-path>/Library/Developer/Xcode/DerivedData/WebDriverAgent-gvnbbobaqwdgeeepwfrffrnyucio/Build/Products/Debug-iphonesimulator/WebDriverAgentLib.framework/Headers
2026-09-29 08:07:52:378 [790e2ec9][Xcode] 
2026-09-29 08:07:52:378 [790e2ec9][Xcode] CpHeader <host-path>/Library/Developer/Xcode/DerivedData/WebDriverAgent-gvnbbobaqwdgeeepwfrffrnyucio/Build/Products/Debug-iphonesimulator/WebDriverAgentLib.framework/Headers/FBKeyboard.h <host-path>/qualification/compatibility-smoke/harness/node_modules/appium-xcuitest-driver/node_modules/appium-webdriveragent/WebDriverAgentLib/Utilities/FBKeyboard.h (in target 'WebDriverAgentLib' from project 'WebDriverAgent')
2026-09-29 08:07:52:378 [790e2ec9][Xcode]     cd <host-path>/qualification/compatibility-smoke/harness/node_modules/appium-xcuitest-driver/node_modules/appium-webdriveragent
2026-09-29 08:07:52:378 [790e2ec9][Xcode]     builtin-copy -exclude .DS_Store -exclude CVS -exclude .svn -exclude .git -exclude .hg -resolve-src-symlinks <host-path>/qualification/compatibility-smoke/harness/node_modules/appium-xcuitest-driver/node_modules/appium-webdriveragent/WebDriverAgentLib/Utilities/FBKeyboard.h <host-path>/Library/Developer/Xcode/DerivedData/WebDriverAgent-gvnbbobaqwdgeeepwfrffrnyucio/Build/Products/Debug-iphonesimulator/WebDriverAgentLib.framework/Headers
2026-09-29 08:07:52:378 [790e2ec9][Xcode] 
2026-09-29 08:07:52:378 [790e2ec9][Xcode] CpHeader <host-path>/Library/Developer/Xcode/DerivedData/WebDriverAgent-gvnbbobaqwdgeeepwfrffrnyucio/Build/Products/Debug-iphonesimulator/WebDriverAgentLib.framework/Headers/FBHTTPStatusCodes.h <host-path>/qualification/compatibility-smoke/harness/node_modules/appium-xcuitest-driver/node_modules/appium-webdriveragent/WebDriverAgentLib/Routing/FBHTTPStatusCodes.h (in target 'WebDriverAgentLib' from project 'WebDriverAgent')
2026-09-29 08:07:52:378 [790e2ec9][Xcode]     cd <host-path>/qualification/compatibility-smoke/harness/node_modules/appium-xcuitest-driver/node_modules/appium-webdriveragent
2026-09-29 08:07:52:378 [790e2ec9][Xcode]     builtin-copy -exclude .DS_Store -exclude CVS -exclude .svn -exclude .git -exclude .hg -resolve-src-symlinks <host-path>/qualification/compatibility-smoke/harness/node_modules/appium-xcuitest-driver/node_modules/appium-webdriveragent/WebDriverAgentLib/Routing/FBHTTPStatusCodes.h <host-path>/Library/Developer/Xcode/DerivedData/WebDriverAgent-gvnbbobaqwdgeeepwfrffrnyucio/Build/Products/Debug-iphonesimulator/WebDriverAgentLib.framework/Headers
2026-09-29 08:07:52:378 [790e2ec9][Xcode] 
2026-09-29 08:07:52:378 [790e2ec9][Xcode] CpHeader <host-path>/Library/Developer/Xcode/DerivedData/WebDriverAgent-gvnbbobaqwdgeeepwfrffrnyucio/Build/Products/Debug-iphonesimulator/WebDriverAgentLib.framework/Headers/FBFailureProofTestCase.h <host-path>/qualification/compatibility-smoke/harness/node_modules/appium-xcuitest-driver/node_modules/appium-webdriveragent/WebDriverAgentLib/Utilities/FBFailureProofTestCase.h (in target 'WebDriverAgentLib' from project 'WebDriverAgent')
2026-09-29 08:07:52:378 [790e2ec9][Xcode]     cd <host-path>/qualification/compatibility-smoke/harness/node_modules/appium-xcuitest-driver/node_modules/appium-webdriveragent
2026-09-29 08:07:52:378 [790e2ec9][Xcode]     builtin-copy -exclude .DS_Store -exclude CVS -exclude .svn -exclude .git -exclude .hg -resolve-src-symlinks <host-path>/qualification/compatibility-smoke/harness/node_modules/appium-xcuitest-driver/node_modules/appium-webdriveragent/WebDriverAgentLib/Utilities/FBFailureProofTestCase.h <host-path>/Library/Developer/Xcode/DerivedData/WebDriverAgent-gvnbbobaqwdgeeepwfrffrnyucio/Build/Products/Debug-iphonesimulator/WebDriverAgentLib.framework/Headers
2026-09-29 08:07:52:378 [790e2ec9][Xcode] 
2026-09-29 08:07:52:378 [790e2ec9][Xcode] CpHeader <host-path>/Library/Developer/Xcode/DerivedData/WebDriverAgent-gvnbbobaqwdgeeepwfrffrnyucio/Build/Products/Debug-iphonesimulator/WebDriverAgentLib.framework/Headers/FBExceptionHandler.h <host-path>/qualification/compatibility-smoke/harness/node_modules/appium-xcuitest-driver/node_modules/appium-webdriveragent/WebDriverAgentLib/Routing/FBExceptionHandler.h (in target 'WebDriverAgentLib' from project 'WebDriverAgent')
2026-09-29 08:07:52:378 [790e2ec9][Xcode]     cd <host-path>/qualification/compatibility-smoke/harness/node_modules/appium-xcuitest-driver/node_modules/appium-webdriveragent
2026-09-29 08:07:52:378 [790e2ec9][Xcode]     builtin-copy -exclude .DS_Store -exclude CVS -exclude .svn -exclude .git -exclude .hg -resolve-src-symlinks <host-path>/qualification/compatibility-smoke/harness/node_modules/appium-xcuitest-driver/node_modules/appium-webdriveragent/WebDriverAgentLib/Routing/FBExceptionHandler.h <host-path>/Library/Developer/Xcode/DerivedData/WebDriverAgent-gvnbbobaqwdgeeepwfrffrnyucio/Build/Products/Debug-iphonesimulator/WebDriverAgentLib.framework/Headers
2026-09-29 08:07:52:378 [790e2ec9][Xcode] 
2026-09-29 08:07:52:378 [790e2ec9][Xcode] CpHeader <host-path>/Library/Developer/Xcode/DerivedData/WebDriverAgent-gvnbbobaqwdgeeepwfrffrnyucio/Build/Products/Debug-iphonesimulator/WebDriverAgentLib.framework/Headers/FBErrorBuilder.h <host-path>/qualification/compatibility-smoke/harness/node_modules/appium-xcuitest-driver/node_modules/appium-webdriveragent/WebDriverAgentLib/Utilities/FBErrorBuilder.h (in target 'WebDriverAgentLib' from project 'WebDriverAgent')
2026-09-29 08:07:52:379 [790e2ec9][Xcode]     cd <host-path>/qualification/compatibility-smoke/harness/node_modules/appium-xcuitest-driver/node_modules/appium-webdriveragent
2026-09-29 08:07:52:379 [790e2ec9][Xcode]     builtin-copy -exclude .DS_Store -exclude CVS -exclude .svn -exclude .git -exclude .hg -resolve-src-symlinks <host-path>/qualification/compatibility-smoke/harness/node_modules/appium-xcuitest-driver/node_modules/appium-webdriveragent/WebDriverAgentLib/Utilities/FBErrorBuilder.h <host-path>/Library/Developer/Xcode/DerivedData/WebDriverAgent-gvnbbobaqwdgeeepwfrffrnyucio/Build/Products/Debug-iphonesimulator/WebDriverAgentLib.framework/Headers
2026-09-29 08:07:52:379 [790e2ec9][Xcode] 
2026-09-29 08:07:52:379 [790e2ec9][Xcode] CpHeader <host-path>/Library/Developer/Xcode/DerivedData/WebDriverAgent-gvnbbobaqwdgeeepwfrffrnyucio/Build/Products/Debug-iphonesimulator/WebDriverAgentLib.framework/Headers/FBElementTypeTransformer.h <host-path>/qualification/compatibility-smoke/harness/node_modules/appium-xcuitest-driver/node_modules/appium-webdriveragent/WebDriverAgentLib/Utilities/FBElementTypeTransformer.h (in target 'WebDriverAgentLib' from project 'WebDriverAgent')
2026-09-29 08:07:52:379 [790e2ec9][Xcode]     cd <host-path>/qualification/compatibility-smoke/harness/node_modules/appium-xcuitest-driver/node_modules/appium-webdriveragent
2026-09-29 08:07:52:379 [790e2ec9][Xcode]     builtin-copy -exclude .DS_Store -exclude CVS -exclude .svn -exclude .git -exclude .hg -resolve-src-symlinks <host-path>/qualification/compatibility-smoke/harness/node_modules/appium-xcuitest-driver/node_modules/appium-webdriveragent/WebDriverAgentLib/Utilities/FBElementTypeTransformer.h <host-path>/Library/Developer/Xcode/DerivedData/WebDriverAgent-gvnbbobaqwdgeeepwfrffrnyucio/Build/Products/Debug-iphonesimulator/WebDriverAgentLib.framework/Headers
2026-09-29 08:07:52:379 [790e2ec9][Xcode] 
2026-09-29 08:07:52:379 [790e2ec9][Xcode] CpHeader <host-path>/Library/Developer/Xcode/DerivedData/WebDriverAgent-gvnbbobaqwdgeeepwfrffrnyucio/Build/Products/Debug-iphonesimulator/WebDriverAgentLib.framework/Headers/FBElementCache.h <host-path>/qualification/compatibility-smoke/harness/node_modules/appium-xcuitest-driver/node_modules/appium-webdriveragent/WebDriverAgentLib/Routing/FBElementCache.h (in target 'WebDriverAgentLib' from project 'WebDriverAgent')
2026-09-29 08:07:52:379 [790e2ec9][Xcode]     cd <host-path>/qualification/compatibility-smoke/harness/node_modules/appium-xcuitest-driver/node_modules/appium-webdriveragent
2026-09-29 08:07:52:379 [790e2ec9][Xcode]     builtin-copy -exclude .DS_Store -exclude CVS -exclude .svn -exclude .git -exclude .hg -resolve-src-symlinks <host-path>/qualification/compatibility-smoke/harness/node_modules/appium-xcuitest-driver/node_modules/appium-webdriveragent/WebDriverAgentLib/Routing/FBElementCache.h <host-path>/Library/Developer/Xcode/DerivedData/WebDriverAgent-gvnbbobaqwdgeeepwfrffrnyucio/Build/Products/Debug-iphonesimulator/WebDriverAgentLib.framework/Headers
2026-09-29 08:07:52:379 [790e2ec9][Xcode] 
2026-09-29 08:07:52:379 [790e2ec9][Xcode] CpHeader <host-path>/Library/Developer/Xcode/DerivedData/WebDriverAgent-gvnbbobaqwdgeeepwfrffrnyucio/Build/Products/Debug-iphonesimulator/WebDriverAgentLib.framework/Headers/FBElement.h <host-path>/qualification/compatibility-smoke/harness/node_modules/appium-xcuitest-driver/node_modules/appium-webdriveragent/WebDriverAgentLib/Routing/FBElement.h (in target 'WebDriverAgentLib' from project 'WebDriverAgent')
2026-09-29 08:07:52:458 [790e2ec9][Xcode]     cd <host-path>/qualification/compatibility-smoke/harness/node_modules/appium-xcuitest-driver/node_modules/appium-webdriveragent
2026-09-29 08:07:52:458 [790e2ec9][Xcode]     builtin-copy -exclude .DS_Store -exclude CVS -exclude .svn -exclude .git -exclude .hg -resolve-src-symlinks <host-path>/qualification/compatibility-smoke/harness/node_modules/appium-xcuitest-driver/node_modules/appium-webdriveragent/WebDriverAgentLib/Routing/FBElement.h <host-path>/Library/Developer/Xcode/DerivedData/WebDriverAgent-gvnbbobaqwdgeeepwfrffrnyucio/Build/Products/Debug-iphonesimulator/WebDriverAgentLib.framework/Headers
2026-09-29 08:07:52:458 [790e2ec9][Xcode] 
2026-09-29 08:07:52:458 [790e2ec9][Xcode] CpHeader <host-path>/Library/Developer/Xcode/DerivedData/WebDriverAgent-gvnbbobaqwdgeeepwfrffrnyucio/Build/Products/Debug-iphonesimulator/WebDriverAgentLib.framework/Headers/FBDebugLogDelegateDecorator.h <host-path>/qualification/compatibility-smoke/harness/node_modules/appium-xcuitest-driver/node_modules/appium-webdriveragent/WebDriverAgentLib/Utilities/FBDebugLogDelegateDecorator.h (in target 'WebDriverAgentLib' from project 'WebDriverAgent')
2026-09-29 08:07:52:458 [790e2ec9][Xcode]     cd <host-path>/qualification/compatibility-smoke/harness/node_modules/appium-xcuitest-driver/node_modules/appium-webdriveragent
2026-09-29 08:07:52:458 [790e2ec9][Xcode]     builtin-copy -exclude .DS_Store -exclude CVS -exclude .svn -exclude .git -exclude .hg -resolve-src-symlinks <host-path>/qualification/compatibility-smoke/harness/node_modules/appium-xcuitest-driver/node_modules/appium-webdriveragent/WebDriverAgentLib/Utilities/FBDebugLogDelegateDecorator.h <host-path>/Library/Developer/Xcode/DerivedData/WebDriverAgent-gvnbbobaqwdgeeepwfrffrnyucio/Build/Products/Debug-iphonesimulator/WebDriverAgentLib.framework/Headers
2026-09-29 08:07:52:458 [790e2ec9][Xcode] 
2026-09-29 08:07:52:458 [790e2ec9][Xcode] CpHeader <host-path>/Library/Developer/Xcode/DerivedData/WebDriverAgent-gvnbbobaqwdgeeepwfrffrnyucio/Build/Products/Debug-iphonesimulator/WebDriverAgentLib.framework/Headers/FBConfiguration.h <host-path>/qualification/compatibility-smoke/harness/node_modules/appium-xcuitest-driver/node_modules/appium-webdriveragent/WebDriverAgentLib/Utilities/FBConfiguration.h (in target 'WebDriverAgentLib' from project 'WebDriverAgent')
2026-09-29 08:07:52:458 [790e2ec9][Xcode]     cd <host-path>/qualification/compatibility-smoke/harness/node_modules/appium-xcuitest-driver/node_modules/appium-webdriveragent
2026-09-29 08:07:52:458 [790e2ec9][Xcode]     builtin-copy -exclude .DS_Store -exclude CVS -exclude .svn -exclude .git -exclude .hg -resolve-src-symlinks <host-path>/qualification/compatibility-smoke/harness/node_modules/appium-xcuitest-driver/node_modules/appium-webdriveragent/WebDriverAgentLib/Utilities/FBConfiguration.h <host-path>/Library/Developer/Xcode/DerivedData/WebDriverAgent-gvnbbobaqwdgeeepwfrffrnyucio/Build/Products/Debug-iphonesimulator/WebDriverAgentLib.framework/Headers
2026-09-29 08:07:52:458 [790e2ec9][Xcode] 
2026-09-29 08:07:52:458 [790e2ec9][Xcode] CpHeader <host-path>/Library/Developer/Xcode/DerivedData/WebDriverAgent-gvnbbobaqwdgeeepwfrffrnyucio/Build/Products/Debug-iphonesimulator/WebDriverAgentLib.framework/Headers/FBCommandStatus.h <host-path>/qualification/compatibility-smoke/harness/node_modules/appium-xcuitest-driver/node_modules/appium-webdriveragent/WebDriverAgentLib/Routing/FBCommandStatus.h (in target 'WebDriverAgentLib' from project 'WebDriverAgent')
2026-09-29 08:07:52:458 [790e2ec9][Xcode]     cd <host-path>/qualification/compatibility-smoke/harness/node_modules/appium-xcuitest-driver/node_modules/appium-webdriveragent
2026-09-29 08:07:52:458 [790e2ec9][Xcode]     builtin-copy -exclude .DS_Store -exclude CVS -exclude .svn -exclude .git -exclude .hg -resolve-src-symlinks <host-path>/qualification/compatibility-smoke/harness/node_modules/appium-xcuitest-driver/node_modules/appium-webdriveragent/WebDriverAgentLib/Routing/FBCommandStatus.h <host-path>/Library/Developer/Xcode/DerivedData/WebDriverAgent-gvnbbobaqwdgeeepwfrffrnyucio/Build/Products/Debug-iphonesimulator/WebDriverAgentLib.framework/Headers
2026-09-29 08:07:52:458 [790e2ec9][Xcode] 
2026-09-29 08:07:52:459 [790e2ec9][Xcode] CpHeader <host-path>/Library/Developer/Xcode/DerivedData/WebDriverAgent-gvnbbobaqwdgeeepwfrffrnyucio/Build/Products/Debug-iphonesimulator/WebDriverAgentLib.framework/Headers/FBCommandHandler.h <host-path>/qualification/compatibility-smoke/harness/node_modules/appium-xcuitest-driver/node_modules/appium-webdriveragent/WebDriverAgentLib/Routing/FBCommandHandler.h (in target 'WebDriverAgentLib' from project 'WebDriverAgent')
2026-09-29 08:07:52:459 [790e2ec9][Xcode]     cd <host-path>/qualification/compatibility-smoke/harness/node_modules/appium-xcuitest-driver/node_modules/appium-webdriveragent
2026-09-29 08:07:52:459 [790e2ec9][Xcode]     builtin-copy -exclude .DS_Store -exclude CVS -exclude .svn -exclude .git -exclude .hg -resolve-src-symlinks <host-path>/qualification/compatibility-smoke/harness/node_modules/appium-xcuitest-driver/node_modules/appium-webdriveragent/WebDriverAgentLib/Routing/FBCommandHandler.h <host-path>/Library/Developer/Xcode/DerivedData/WebDriverAgent-gvnbbobaqwdgeeepwfrffrnyucio/Build/Products/Debug-iphonesimulator/WebDriverAgentLib.framework/Headers
2026-09-29 08:07:52:460 [790e2ec9][Xcode] 
2026-09-29 08:07:52:460 [790e2ec9][Xcode] CpHeader <host-path>/Library/Developer/Xcode/DerivedData/WebDriverAgent-gvnbbobaqwdgeeepwfrffrnyucio/Build/Products/Debug-iphonesimulator/WebDriverAgentLib.framework/Headers/FBAlert.h <host-path>/qualification/compatibility-smoke/harness/node_modules/appium-xcuitest-driver/node_modules/appium-webdriveragent/WebDriverAgentLib/FBAlert.h (in target 'WebDriverAgentLib' from project 'WebDriverAgent')
2026-09-29 08:07:52:460 [790e2ec9][Xcode]     cd <host-path>/qualification/compatibility-smoke/harness/node_modules/appium-xcuitest-driver/node_modules/appium-webdriveragent
2026-09-29 08:07:52:460 [790e2ec9][Xcode]     builtin-copy -exclude .DS_Store -exclude CVS -exclude .svn -exclude .git -exclude .hg -resolve-src-symlinks <host-path>/qualification/compatibility-smoke/harness/node_modules/appium-xcuitest-driver/node_modules/appium-webdriveragent/WebDriverAgentLib/FBAlert.h <host-path>/Library/Developer/Xcode/DerivedData/WebDriverAgent-gvnbbobaqwdgeeepwfrffrnyucio/Build/Products/Debug-iphonesimulator/WebDriverAgentLib.framework/Headers
2026-09-29 08:07:52:460 [790e2ec9][Xcode] 
2026-09-29 08:07:52:460 [790e2ec9][Xcode] CpHeader <host-path>/Library/Developer/Xcode/DerivedData/WebDriverAgent-gvnbbobaqwdgeeepwfrffrnyucio/Build/Products/Debug-iphonesimulator/WebDriverAgentLib.framework/Headers/CDStructures.h <host-path>/qualification/compatibility-smoke/harness/node_modules/appium-xcuitest-driver/node_modules/appium-webdriveragent/PrivateHeaders/XCTest/CDStructures.h (in target 'WebDriverAgentLib' from project 'WebDriverAgent')
2026-09-29 08:07:52:460 [790e2ec9][Xcode]     cd <host-path>/qualification/compatibility-smoke/harness/node_modules/appium-xcuitest-driver/node_modules/appium-webdriveragent
2026-09-29 08:07:52:460 [790e2ec9][Xcode]     builtin-copy -exclude .DS_Store -exclude CVS -exclude .svn -exclude .git -exclude .hg -resolve-src-symlinks <host-path>/qualification/compatibility-smoke/harness/node_modules/appium-xcuitest-driver/node_modules/appium-webdriveragent/PrivateHeaders/XCTest/CDStructures.h <host-path>/Library/Developer/Xcode/DerivedData/WebDriverAgent-gvnbbobaqwdgeeepwfrffrnyucio/Build/Products/Debug-iphonesimulator/WebDriverAgentLib.framework/Headers
2026-09-29 08:07:52:460 [790e2ec9][Xcode] 
2026-09-29 08:07:52:460 [790e2ec9][Xcode] MkDir <host-path>/Library/Developer/Xcode/DerivedData/WebDriverAgent-gvnbbobaqwdgeeepwfrffrnyucio/Build/Products/Debug-iphonesimulator/WebDriverAgentRunner-Runner.app/PlugIns/WebDriverAgentRunner.xctest/Frameworks (in target 'WebDriverAgentRunner' from project 'WebDriverAgent')
2026-09-29 08:07:52:461 [790e2ec9][Xcode]     cd <host-path>/qualification/compatibility-smoke/harness/node_modules/appium-xcuitest-driver/node_modules/appium-webdriveragent
2026-09-29 08:07:52:461 [790e2ec9][Xcode]     /bin/mkdir -p <host-path>/Library/Developer/Xcode/DerivedData/WebDriverAgent-gvnbbobaqwdgeeepwfrffrnyucio/Build/Products/Debug-iphonesimulator/WebDriverAgentRunner-Runner.app/PlugIns/WebDriverAgentRunner.xctest/Frameworks
2026-09-29 08:07:52:461 [790e2ec9][Xcode] 
2026-09-29 08:07:52:461 [790e2ec9][Xcode] MkDir <host-path>/Library/Developer/Xcode/DerivedData/WebDriverAgent-gvnbbobaqwdgeeepwfrffrnyucio/Build/Products/Debug-iphonesimulator/WebDriverAgentRunner-Runner.app/PlugIns/WebDriverAgentRunner.xctest (in target 'WebDriverAgentRunner' from project 'WebDriverAgent')
2026-09-29 08:07:52:461 [790e2ec9][Xcode]     cd <host-path>/qualification/compatibility-smoke/harness/node_modules/appium-xcuitest-driver/node_modules/appium-webdriveragent
2026-09-29 08:07:52:461 [790e2ec9][Xcode]     /bin/mkdir -p <host-path>/Library/Developer/Xcode/DerivedData/WebDriverAgent-gvnbbobaqwdgeeepwfrffrnyucio/Build/Products/Debug-iphonesimulator/WebDriverAgentRunner-Runner.app/PlugIns/WebDriverAgentRunner.xctest
2026-09-29 08:07:52:461 [790e2ec9][Xcode] 
2026-09-29 08:07:52:461 [790e2ec9][Xcode] MkDir <host-path>/Library/Developer/Xcode/DerivedData/WebDriverAgent-gvnbbobaqwdgeeepwfrffrnyucio/Build/Products/Debug-iphonesimulator/WebDriverAgentLib.framework/Headers (in target 'WebDriverAgentLib' from project 'WebDriverAgent')
2026-09-29 08:07:52:461 [790e2ec9][Xcode]     cd <host-path>/qualification/compatibility-smoke/harness/node_modules/appium-xcuitest-driver/node_modules/appium-webdriveragent
2026-09-29 08:07:52:461 [790e2ec9][Xcode]     /bin/mkdir -p <host-path>/Library/Developer/Xcode/DerivedData/WebDriverAgent-gvnbbobaqwdgeeepwfrffrnyucio/Build/Products/Debug-iphonesimulator/WebDriverAgentLib.framework/Headers
2026-09-29 08:07:52:461 [790e2ec9][Xcode] 
2026-09-29 08:07:52:461 [790e2ec9][Xcode] MkDir <host-path>/Library/Developer/Xcode/DerivedData/WebDriverAgent-gvnbbobaqwdgeeepwfrffrnyucio/Build/Products/Debug-iphonesimulator/WebDriverAgentLib.framework (in target 'WebDriverAgentLib' from project 'WebDriverAgent')
2026-09-29 08:07:52:461 [790e2ec9][Xcode]     cd <host-path>/qualification/compatibility-smoke/harness/node_modules/appium-xcuitest-driver/node_modules/appium-webdriveragent
2026-09-29 08:07:52:461 [790e2ec9][Xcode]     /bin/mkdir -p <host-path>/Library/Developer/Xcode/DerivedData/WebDriverAgent-gvnbbobaqwdgeeepwfrffrnyucio/Build/Products/Debug-iphonesimulator/WebDriverAgentLib.framework
2026-09-29 08:07:52:461 [790e2ec9][Xcode] 
2026-09-29 08:07:52:461 [790e2ec9][Xcode] ProcessProductPackaging "" <host-path>/Library/Developer/Xcode/DerivedData/WebDriverAgent-gvnbbobaqwdgeeepwfrffrnyucio/Build/Intermediates.noindex/WebDriverAgent.build/Debug-iphonesimulator/WebDriverAgentRunner.build/WebDriverAgentRunner.xctest-Simulated.xcent (in target 'WebDriverAgentRunner' from project 'WebDriverAgent')
2026-09-29 08:07:52:461 [790e2ec9][Xcode]     cd <host-path>/qualification/compatibility-smoke/harness/node_modules/appium-xcuitest-driver/node_modules/appium-webdriveragent
2026-09-29 08:07:52:461 [790e2ec9][Xcode]     
2026-09-29 08:07:52:461 [790e2ec9][Xcode]     Entitlements:
2026-09-29 08:07:52:461 [790e2ec9][Xcode]     
2026-09-29 08:07:52:461 [790e2ec9][Xcode]     {
2026-09-29 08:07:52:461 [790e2ec9][Xcode]     "application-identifier" = "FAKETEAMID.com.facebook.WebDriverAgentRunner.xctrunner";
2026-09-29 08:07:52:461 [790e2ec9][Xcode]     "keychain-access-groups" =     (
2026-09-29 08:07:52:461 [790e2ec9][Xcode]         "FAKETEAMID.com.facebook.WebDriverAgentRunner.xctrunner"
2026-09-29 08:07:52:461 [790e2ec9][Xcode]     );
2026-09-29 08:07:52:461 [790e2ec9][Xcode] }
2026-09-29 08:07:52:461 [790e2ec9][Xcode]     
2026-09-29 08:07:52:461 [790e2ec9][Xcode]     builtin-productPackagingUtility -entitlements -format xml -o <host-path>/Library/Developer/Xcode/DerivedData/WebDriverAgent-gvnbbobaqwdgeeepwfrffrnyucio/Build/Intermediates.noindex/WebDriverAgent.build/Debug-iphonesimulator/WebDriverAgentRunner.build/WebDriverAgentRunner.xctest-Simulated.xcent
2026-09-29 08:07:52:461 [790e2ec9][Xcode] 
2026-09-29 08:07:52:461 [790e2ec9][Xcode] ProcessInfoPlistFile <host-path>/Library/Developer/Xcode/DerivedData/WebDriverAgent-gvnbbobaqwdgeeepwfrffrnyucio/Build/Products/Debug-iphonesimulator/WebDriverAgentLib.framework/Info.plist <host-path>/qualification/compatibility-smoke/harness/node_modules/appium-xcuitest-driver/node_modules/appium-webdriveragent/WebDriverAgentLib/Info.plist (in target 'WebDriverAgentLib' from project 'WebDriverAgent')
2026-09-29 08:07:52:461 [790e2ec9][Xcode]     cd <host-path>/qualification/compatibility-smoke/harness/node_modules/appium-xcuitest-driver/node_modules/appium-webdriveragent
2026-09-29 08:07:52:461 [790e2ec9][Xcode]     builtin-infoPlistUtility <host-path>/qualification/compatibility-smoke/harness/node_modules/appium-xcuitest-driver/node_modules/appium-webdriveragent/WebDriverAgentLib/Info.plist -producttype com.apple.product-type.framework -expandbuildsettings -format binary -platform iphonesimulator -o <host-path>/Library/Developer/Xcode/DerivedData/WebDriverAgent-gvnbbobaqwdgeeepwfrffrnyucio/Build/Products/Debug-iphonesimulator/WebDriverAgentLib.framework/Info.plist
2026-09-29 08:07:52:461 [790e2ec9][Xcode] 
2026-09-29 08:07:52:462 [790e2ec9][Xcode] ProcessProductPackagingDER <host-path>/Library/Developer/Xcode/DerivedData/WebDriverAgent-gvnbbobaqwdgeeepwfrffrnyucio/Build/Intermediates.noindex/WebDriverAgent.build/Debug-iphonesimulator/WebDriverAgentRunner.build/WebDriverAgentRunner.xctest-Simulated.xcent <host-path>/Library/Developer/Xcode/DerivedData/WebDriverAgent-gvnbbobaqwdgeeepwfrffrnyucio/Build/Intermediates.noindex/WebDriverAgent.build/Debug-iphonesimulator/WebDriverAgentRunner.build/WebDriverAgentRunner.xctest-Simulated.xcent.der (in target 'WebDriverAgentRunner' from project 'WebDriverAgent')
2026-09-29 08:07:52:462 [790e2ec9][Xcode]     cd <host-path>/qualification/compatibility-smoke/harness/node_modules/appium-xcuitest-driver/node_modules/appium-webdriveragent
2026-09-29 08:07:52:463 [790e2ec9][Xcode]     /usr/bin/derq query -f xml -i <host-path>/Library/Developer/Xcode/DerivedData/WebDriverAgent-gvnbbobaqwdgeeepwfrffrnyucio/Build/Intermediates.noindex/WebDriverAgent.build/Debug-iphonesimulator/WebDriverAgentRunner.build/WebDriverAgentRunner.xctest-Simulated.xcent -o <host-path>/Library/Developer/Xcode/DerivedData/WebDriverAgent-gvnbbobaqwdgeeepwfrffrnyucio/Build/Intermediates.noindex/WebDriverAgent.build/Debug-iphonesimulator/WebDriverAgentRunner.build/WebDriverAgentRunner.xctest-Simulated.xcent.der --raw
2026-09-29 08:07:52:463 [790e2ec9][Xcode] 
2026-09-29 08:07:52:463 [790e2ec9][Xcode] MkDir <host-path>/Library/Developer/Xcode/DerivedData/WebDriverAgent-gvnbbobaqwdgeeepwfrffrnyucio/Build/Intermediates.noindex/WebDriverAgent.build/Debug-iphonesimulator/WebDriverAgentRunner.build/assetcatalog_output/unthinned (in target 'WebDriverAgentRunner' from project 'WebDriverAgent')
2026-09-29 08:07:52:463 [790e2ec9][Xcode]     cd <host-path>/qualification/compatibility-smoke/harness/node_modules/appium-xcuitest-driver/node_modules/appium-webdriveragent
2026-09-29 08:07:52:463 [790e2ec9][Xcode]     /bin/mkdir -p <host-path>/Library/Developer/Xcode/DerivedData/WebDriverAgent-gvnbbobaqwdgeeepwfrffrnyucio/Build/Intermediates.noindex/WebDriverAgent.build/Debug-iphonesimulator/WebDriverAgentRunner.build/assetcatalog_output/unthinned
2026-09-29 08:07:52:463 [790e2ec9][Xcode] 
2026-09-29 08:07:52:463 [790e2ec9][Xcode] MkDir <host-path>/Library/Developer/Xcode/DerivedData/WebDriverAgent-gvnbbobaqwdgeeepwfrffrnyucio/Build/Intermediates.noindex/WebDriverAgent.build/Debug-iphonesimulator/WebDriverAgentRunner.build/assetcatalog_output/thinned (in target 'WebDriverAgentRunner' from project 'WebDriverAgent')
2026-09-29 08:07:52:463 [790e2ec9][Xcode]     cd <host-path>/qualification/compatibility-smoke/harness/node_modules/appium-xcuitest-driver/node_modules/appium-webdriveragent
2026-09-29 08:07:52:463 [790e2ec9][Xcode]     /bin/mkdir -p <host-path>/Library/Developer/Xcode/DerivedData/WebDriverAgent-gvnbbobaqwdgeeepwfrffrnyucio/Build/Intermediates.noindex/WebDriverAgent.build/Debug-iphonesimulator/WebDriverAgentRunner.build/assetcatalog_output/thinned
2026-09-29 08:07:52:463 [790e2ec9][Xcode] 
2026-09-29 08:07:52:463 [790e2ec9][Xcode] GenerateAssetSymbols <host-path>/qualification/compatibility-smoke/harness/node_modules/appium-xcuitest-driver/node_modules/appium-webdriveragent/WebDriverAgentRunner/Assets.xcassets (in target 'WebDriverAgentRunner' from project 'WebDriverAgent')
2026-09-29 08:07:52:463 [790e2ec9][Xcode]     cd <host-path>/qualification/compatibility-smoke/harness/node_modules/appium-xcuitest-driver/node_modules/appium-webdriveragent
2026-09-29 08:07:52:463 [790e2ec9][Xcode]     /Applications/Xcode_16.4.app/Contents/Developer/usr/bin/actool <host-path>/qualification/compatibility-smoke/harness/node_modules/appium-xcuitest-driver/node_modules/appium-webdriveragent/WebDriverAgentRunner/Assets.xcassets --compile <host-path>/Library/Developer/Xcode/DerivedData/WebDriverAgent-gvnbbobaqwdgeeepwfrffrnyucio/Build/Products/Debug-iphonesimulator/WebDriverAgentRunner-Runner.app/PlugIns/WebDriverAgentRunner.xctest --output-format human-readable-text --notices --warnings --export-dependency-info <host-path>/Library/Developer/Xcode/DerivedData/WebDriverAgent-gvnbbobaqwdgeeepwfrffrnyucio/Build/Intermediates.noindex/WebDriverAgent.build/Debug-iphonesimulator/WebDriverAgentRunner.build/assetcatalog_dependencies --output-partial-info-plist <host-path>/Library/Developer/Xcode/DerivedData/WebDriverAgent-gvnbbobaqwdgeeepwfrffrnyucio/Build/Intermediates.noindex/WebDriverAgent.build/Debug-iphonesimulator/WebDriverAgentRunner.build/assetcatalog_generated_info.plist --app-icon AppIcon --compress-pngs --enable-on-demand-resources NO --development-region en --target-device iphone --target-device ipad --minimum-deployment-target 18.5 --platform iphonesimulator --bundle-identifier com.facebook.WebDriverAgentRunner --generate-objc-asset-symbols <host-path>/Library/Developer/Xcode/DerivedData/WebDriverAgent-gvnbbobaqwdgeeepwfrffrnyucio/Build/Intermediates.noindex/WebDriverAgent.build/Debug-iphonesimulator/WebDriverAgentRunner.build/DerivedSources/GeneratedAssetSymbols.h --generate-asset-symbol-index <host-path>/Library/Developer/Xcode/DerivedData/WebDriverAgent-gvnbbobaqwdgeeepwfrffrnyucio/Build/Intermediates.noindex/WebDriverAgent.build/Debug-iphonesimulator/WebDriverAgentRunner.build/DerivedSources/GeneratedAssetSymbols-Index.plist
2026-09-29 08:07:52:463 [790e2ec9][Xcode] /* com.apple.actool.compilation-results */
2026-09-29 08:07:52:463 [790e2ec9][Xcode] <host-path>/Library/Developer/Xcode/DerivedData/WebDriverAgent-gvnbbobaqwdgeeepwfrffrnyucio/Build/Intermediates.noindex/WebDriverAgent.build/Debug-iphonesimulator/WebDriverAgentRunner.build/DerivedSources/GeneratedAssetSymbols-Index.plist
2026-09-29 08:07:52:463 [790e2ec9][Xcode] <host-path>/Library/Developer/Xcode/DerivedData/WebDriverAgent-gvnbbobaqwdgeeepwfrffrnyucio/Build/Intermediates.noindex/WebDriverAgent.build/Debug-iphonesimulator/WebDriverAgentRunner.build/DerivedSources/GeneratedAssetSymbols.h
2026-09-29 08:07:52:463 [790e2ec9][Xcode] 
2026-09-29 08:07:52:463 [790e2ec9][Xcode] 
2026-09-29 08:07:52:463 [790e2ec9][Xcode] CompileAssetCatalogVariant thinned <host-path>/Library/Developer/Xcode/DerivedData/WebDriverAgent-gvnbbobaqwdgeeepwfrffrnyucio/Build/Products/Debug-iphonesimulator/WebDriverAgentRunner-Runner.app/PlugIns/WebDriverAgentRunner.xctest <host-path>/qualification/compatibility-smoke/harness/node_modules/appium-xcuitest-driver/node_modules/appium-webdriveragent/WebDriverAgentRunner/Assets.xcassets (in target 'WebDriverAgentRunner' from project 'WebDriverAgent')
2026-09-29 08:07:52:463 [790e2ec9][Xcode]     cd <host-path>/qualification/compatibility-smoke/harness/node_modules/appium-xcuitest-driver/node_modules/appium-webdriveragent
2026-09-29 08:07:52:463 [790e2ec9][Xcode]     /Applications/Xcode_16.4.app/Contents/Developer/usr/bin/actool <host-path>/qualification/compatibility-smoke/harness/node_modules/appium-xcuitest-driver/node_modules/appium-webdriveragent/WebDriverAgentRunner/Assets.xcassets --compile <host-path>/Library/Developer/Xcode/DerivedData/WebDriverAgent-gvnbbobaqwdgeeepwfrffrnyucio/Build/Intermediates.noindex/WebDriverAgent.build/Debug-iphonesimulator/WebDriverAgentRunner.build/assetcatalog_output/thinned --output-format human-readable-text --notices --warnings --export-dependency-info <host-path>/Library/Developer/Xcode/DerivedData/WebDriverAgent-gvnbbobaqwdgeeepwfrffrnyucio/Build/Intermediates.noindex/WebDriverAgent.build/Debug-iphonesimulator/WebDriverAgentRunner.build/assetcatalog_dependencies_thinned --output-partial-info-plist <host-path>/Library/Developer/Xcode/DerivedData/WebDriverAgent-gvnbbobaqwdgeeepwfrffrnyucio/Build/Intermediates.noindex/WebDriverAgent.build/Debug-iphonesimulator/WebDriverAgentRunner.build/assetcatalog_generated_info.plist_thinned --app-icon AppIcon --compress-pngs --enable-on-demand-resources NO --filter-for-thinning-device-configuration iPhone17,3 --filter-for-device-os-version 18.5 --development-region en --target-device iphone --target-device ipad --minimum-deployment-target 18.5 --platform iphonesimulator
2026-09-29 08:07:52:466 [790e2ec9][XCUITestDriver@b322] Matched '/status' to command name 'getStatus'
2026-09-29 08:07:52:467 [790e2ec9][XCUITestDriver@b322] Proxying [GET /status] to [GET http://127.0.0.1:8100/status] with no body
2026-09-29 08:07:52:474 [790e2ec9][XCUITestDriver@b322] connect ECONNREFUSED 127.0.0.1:8100
2026-09-29 08:07:53:476 [790e2ec9][XCUITestDriver@b322] Matched '/status' to command name 'getStatus'
2026-09-29 08:07:53:476 [790e2ec9][XCUITestDriver@b322] Proxying [GET /status] to [GET http://127.0.0.1:8100/status] with no body
2026-09-29 08:07:53:478 [790e2ec9][XCUITestDriver@b322] connect ECONNREFUSED 127.0.0.1:8100
2026-09-29 08:07:54:483 [790e2ec9][XCUITestDriver@b322] Matched '/status' to command name 'getStatus'
2026-09-29 08:07:54:484 [790e2ec9][XCUITestDriver@b322] Proxying [GET /status] to [GET http://127.0.0.1:8100/status] with no body
2026-09-29 08:07:54:490 [790e2ec9][XCUITestDriver@b322] connect ECONNREFUSED 127.0.0.1:8100
2026-09-29 08:07:55:510 [790e2ec9][XCUITestDriver@b322] Matched '/status' to command name 'getStatus'
2026-09-29 08:07:55:513 [790e2ec9][XCUITestDriver@b322] Proxying [GET /status] to [GET http://127.0.0.1:8100/status] with no body
2026-09-29 08:07:55:519 [790e2ec9][XCUITestDriver@b322] connect ECONNREFUSED 127.0.0.1:8100
2026-09-29 08:07:56:554 [790e2ec9][XCUITestDriver@b322] Matched '/status' to command name 'getStatus'
2026-09-29 08:07:56:554 [790e2ec9][XCUITestDriver@b322] Proxying [GET /status] to [GET http://127.0.0.1:8100/status] with no body
2026-09-29 08:07:56:581 [790e2ec9][XCUITestDriver@b322] connect ECONNREFUSED 127.0.0.1:8100
2026-09-29 08:07:57:585 [790e2ec9][XCUITestDriver@b322] Matched '/status' to command name 'getStatus'
2026-09-29 08:07:57:585 [790e2ec9][XCUITestDriver@b322] Proxying [GET /status] to [GET http://127.0.0.1:8100/status] with no body
2026-09-29 08:07:57:591 [790e2ec9][XCUITestDriver@b322] connect ECONNREFUSED 127.0.0.1:8100
2026-09-29 08:07:58:592 [790e2ec9][XCUITestDriver@b322] Matched '/status' to command name 'getStatus'
2026-09-29 08:07:58:593 [790e2ec9][XCUITestDriver@b322] Proxying [GET /status] to [GET http://127.0.0.1:8100/status] with no body
2026-09-29 08:07:58:595 [790e2ec9][XCUITestDriver@b322] connect ECONNREFUSED 127.0.0.1:8100
2026-09-29 08:07:59:616 [790e2ec9][XCUITestDriver@b322] Matched '/status' to command name 'getStatus'
2026-09-29 08:07:59:616 [790e2ec9][XCUITestDriver@b322] Proxying [GET /status] to [GET http://127.0.0.1:8100/status] with no body
2026-09-29 08:07:59:623 [790e2ec9][XCUITestDriver@b322] connect ECONNREFUSED 127.0.0.1:8100
2026-09-29 08:08:00:679 [790e2ec9][XCUITestDriver@b322] Matched '/status' to command name 'getStatus'
2026-09-29 08:08:00:680 [790e2ec9][XCUITestDriver@b322] Proxying [GET /status] to [GET http://127.0.0.1:8100/status] with no body
2026-09-29 08:08:00:685 [790e2ec9][XCUITestDriver@b322] connect ECONNREFUSED 127.0.0.1:8100
2026-09-29 08:08:01:689 [790e2ec9][XCUITestDriver@b322] Matched '/status' to command name 'getStatus'
2026-09-29 08:08:01:689 [790e2ec9][XCUITestDriver@b322] Proxying [GET /status] to [GET http://127.0.0.1:8100/status] with no body
2026-09-29 08:08:01:694 [790e2ec9][XCUITestDriver@b322] connect ECONNREFUSED 127.0.0.1:8100
2026-09-29 08:08:02:698 [790e2ec9][XCUITestDriver@b322] Matched '/status' to command name 'getStatus'
2026-09-29 08:08:02:698 [790e2ec9][XCUITestDriver@b322] Proxying [GET /status] to [GET http://127.0.0.1:8100/status] with no body
2026-09-29 08:08:02:712 [790e2ec9][XCUITestDriver@b322] connect ECONNREFUSED 127.0.0.1:8100
2026-09-29 08:08:03:730 [790e2ec9][XCUITestDriver@b322] Matched '/status' to command name 'getStatus'
2026-09-29 08:08:03:731 [790e2ec9][XCUITestDriver@b322] Proxying [GET /status] to [GET http://127.0.0.1:8100/status] with no body
2026-09-29 08:08:03:734 [790e2ec9][XCUITestDriver@b322] connect ECONNREFUSED 127.0.0.1:8100
2026-09-29 08:08:04:788 [790e2ec9][XCUITestDriver@b322] Matched '/status' to command name 'getStatus'
2026-09-29 08:08:04:788 [790e2ec9][XCUITestDriver@b322] Proxying [GET /status] to [GET http://127.0.0.1:8100/status] with no body
2026-09-29 08:08:04:792 [790e2ec9][XCUITestDriver@b322] connect ECONNREFUSED 127.0.0.1:8100
2026-09-29 08:08:05:800 [790e2ec9][XCUITestDriver@b322] Matched '/status' to command name 'getStatus'
2026-09-29 08:08:05:801 [790e2ec9][XCUITestDriver@b322] Proxying [GET /status] to [GET http://127.0.0.1:8100/status] with no body
2026-09-29 08:08:05:807 [790e2ec9][XCUITestDriver@b322] connect ECONNREFUSED 127.0.0.1:8100
2026-09-29 08:08:07:035 [790e2ec9][XCUITestDriver@b322] Matched '/status' to command name 'getStatus'
2026-09-29 08:08:07:035 [790e2ec9][XCUITestDriver@b322] Proxying [GET /status] to [GET http://127.0.0.1:8100/status] with no body
2026-09-29 08:08:07:049 [790e2ec9][XCUITestDriver@b322] connect ECONNREFUSED 127.0.0.1:8100
2026-09-29 08:08:08:052 [790e2ec9][XCUITestDriver@b322] Matched '/status' to command name 'getStatus'
2026-09-29 08:08:08:052 [790e2ec9][XCUITestDriver@b322] Proxying [GET /status] to [GET http://127.0.0.1:8100/status] with no body
2026-09-29 08:08:08:059 [790e2ec9][XCUITestDriver@b322] connect ECONNREFUSED 127.0.0.1:8100
2026-09-29 08:08:09:084 [790e2ec9][XCUITestDriver@b322] Matched '/status' to command name 'getStatus'
2026-09-29 08:08:09:084 [790e2ec9][XCUITestDriver@b322] Proxying [GET /status] to [GET http://127.0.0.1:8100/status] with no body
2026-09-29 08:08:09:184 [790e2ec9][XCUITestDriver@b322] connect ECONNREFUSED 127.0.0.1:8100
2026-09-29 08:08:10:219 [790e2ec9][XCUITestDriver@b322] Matched '/status' to command name 'getStatus'
2026-09-29 08:08:10:222 [790e2ec9][XCUITestDriver@b322] Proxying [GET /status] to [GET http://127.0.0.1:8100/status] with no body
2026-09-29 08:08:10:276 [790e2ec9][XCUITestDriver@b322] connect ECONNREFUSED 127.0.0.1:8100
2026-09-29 08:08:11:281 [790e2ec9][XCUITestDriver@b322] Matched '/status' to command name 'getStatus'
2026-09-29 08:08:11:281 [790e2ec9][XCUITestDriver@b322] Proxying [GET /status] to [GET http://127.0.0.1:8100/status] with no body
2026-09-29 08:08:11:523 [790e2ec9][XCUITestDriver@b322] connect ECONNREFUSED 127.0.0.1:8100
2026-09-29 08:08:12:592 [790e2ec9][XCUITestDriver@b322] Matched '/status' to command name 'getStatus'
2026-09-29 08:08:12:592 [790e2ec9][XCUITestDriver@b322] Proxying [GET /status] to [GET http://127.0.0.1:8100/status] with no body
2026-09-29 08:08:12:735 [790e2ec9][XCUITestDriver@b322] connect ECONNREFUSED 127.0.0.1:8100
2026-09-29 08:08:13:748 [790e2ec9][XCUITestDriver@b322] Matched '/status' to command name 'getStatus'
2026-09-29 08:08:13:750 [790e2ec9][XCUITestDriver@b322] Proxying [GET /status] to [GET http://127.0.0.1:8100/status] with no body
2026-09-29 08:08:13:755 [790e2ec9][XCUITestDriver@b322] connect ECONNREFUSED 127.0.0.1:8100
2026-09-29 08:08:14:904 [790e2ec9][XCUITestDriver@b322] Matched '/status' to command name 'getStatus'
2026-09-29 08:08:14:912 [790e2ec9][XCUITestDriver@b322] Proxying [GET /status] to [GET http://127.0.0.1:8100/status] with no body
2026-09-29 08:08:15:040 [790e2ec9][XCUITestDriver@b322] connect ECONNREFUSED 127.0.0.1:8100
2026-09-29 08:08:16:056 [790e2ec9][XCUITestDriver@b322] Matched '/status' to command name 'getStatus'
2026-09-29 08:08:16:056 [790e2ec9][XCUITestDriver@b322] Proxying [GET /status] to [GET http://127.0.0.1:8100/status] with no body
2026-09-29 08:08:16:074 [790e2ec9][XCUITestDriver@b322] connect ECONNREFUSED 127.0.0.1:8100
2026-09-29 08:08:17:209 [790e2ec9][XCUITestDriver@b322] Matched '/status' to command name 'getStatus'
2026-09-29 08:08:17:209 [790e2ec9][XCUITestDriver@b322] Proxying [GET /status] to [GET http://127.0.0.1:8100/status] with no body
2026-09-29 08:08:17:451 [790e2ec9][XCUITestDriver@b322] connect ECONNREFUSED 127.0.0.1:8100
2026-09-29 08:08:18:477 [790e2ec9][XCUITestDriver@b322] Matched '/status' to command name 'getStatus'
2026-09-29 08:08:18:477 [790e2ec9][XCUITestDriver@b322] Proxying [GET /status] to [GET http://127.0.0.1:8100/status] with no body
2026-09-29 08:08:18:547 [790e2ec9][XCUITestDriver@b322] connect ECONNREFUSED 127.0.0.1:8100
2026-09-29 08:08:20:473 [790e2ec9][XCUITestDriver@b322] Matched '/status' to command name 'getStatus'
2026-09-29 08:08:20:474 [790e2ec9][XCUITestDriver@b322] Proxying [GET /status] to [GET http://127.0.0.1:8100/status] with no body
2026-09-29 08:08:20:556 [790e2ec9][XCUITestDriver@b322] connect ECONNREFUSED 127.0.0.1:8100
2026-09-29 08:08:21:599 [790e2ec9][XCUITestDriver@b322] Matched '/status' to command name 'getStatus'
2026-09-29 08:08:21:600 [790e2ec9][XCUITestDriver@b322] Proxying [GET /status] to [GET http://127.0.0.1:8100/status] with no body
2026-09-29 08:08:21:639 [790e2ec9][XCUITestDriver@b322] connect ECONNREFUSED 127.0.0.1:8100
2026-09-29 08:08:22:961 [790e2ec9][XCUITestDriver@b322] Matched '/status' to command name 'getStatus'
2026-09-29 08:08:22:962 [790e2ec9][XCUITestDriver@b322] Proxying [GET /status] to [GET http://127.0.0.1:8100/status] with no body
2026-09-29 08:08:23:006 [790e2ec9][XCUITestDriver@b322] connect ECONNREFUSED 127.0.0.1:8100
2026-09-29 08:08:24:042 [790e2ec9][XCUITestDriver@b322] Matched '/status' to command name 'getStatus'
2026-09-29 08:08:24:052 [790e2ec9][XCUITestDriver@b322] Proxying [GET /status] to [GET http://127.0.0.1:8100/status] with no body
2026-09-29 08:08:24:090 [790e2ec9][XCUITestDriver@b322] connect ECONNREFUSED 127.0.0.1:8100
2026-09-29 08:08:25:105 [790e2ec9][XCUITestDriver@b322] Matched '/status' to command name 'getStatus'
2026-09-29 08:08:25:106 [790e2ec9][XCUITestDriver@b322] Proxying [GET /status] to [GET http://127.0.0.1:8100/status] with no body
2026-09-29 08:08:25:113 [790e2ec9][XCUITestDriver@b322] connect ECONNREFUSED 127.0.0.1:8100
2026-09-29 08:08:26:123 [790e2ec9][XCUITestDriver@b322] Matched '/status' to command name 'getStatus'
2026-09-29 08:08:26:123 [790e2ec9][XCUITestDriver@b322] Proxying [GET /status] to [GET http://127.0.0.1:8100/status] with no body
2026-09-29 08:08:26:130 [790e2ec9][XCUITestDriver@b322] connect ECONNREFUSED 127.0.0.1:8100
2026-09-29 08:08:27:171 [790e2ec9][XCUITestDriver@b322] Matched '/status' to command name 'getStatus'
2026-09-29 08:08:27:171 [790e2ec9][XCUITestDriver@b322] Proxying [GET /status] to [GET http://127.0.0.1:8100/status] with no body
2026-09-29 08:08:27:219 [790e2ec9][XCUITestDriver@b322] connect ECONNREFUSED 127.0.0.1:8100
2026-09-29 08:08:28:246 [790e2ec9][XCUITestDriver@b322] Matched '/status' to command name 'getStatus'
2026-09-29 08:08:28:246 [790e2ec9][XCUITestDriver@b322] Proxying [GET /status] to [GET http://127.0.0.1:8100/status] with no body
2026-09-29 08:08:28:495 [790e2ec9][XCUITestDriver@b322] connect ECONNREFUSED 127.0.0.1:8100
2026-09-29 08:08:29:507 [790e2ec9][XCUITestDriver@b322] Matched '/status' to command name 'getStatus'
2026-09-29 08:08:29:508 [790e2ec9][XCUITestDriver@b322] Proxying [GET /status] to [GET http://127.0.0.1:8100/status] with no body
2026-09-29 08:08:29:982 [790e2ec9][XCUITestDriver@b322] connect ECONNREFUSED 127.0.0.1:8100
2026-09-29 08:08:30:990 [790e2ec9][XCUITestDriver@b322] Matched '/status' to command name 'getStatus'
2026-09-29 08:08:30:992 [790e2ec9][XCUITestDriver@b322] Proxying [GET /status] to [GET http://127.0.0.1:8100/status] with no body
2026-09-29 08:08:31:085 [790e2ec9][XCUITestDriver@b322] connect ECONNREFUSED 127.0.0.1:8100
2026-09-29 08:08:32:102 [790e2ec9][XCUITestDriver@b322] Matched '/status' to command name 'getStatus'
2026-09-29 08:08:32:103 [790e2ec9][XCUITestDriver@b322] Proxying [GET /status] to [GET http://127.0.0.1:8100/status] with no body
2026-09-29 08:08:32:114 [790e2ec9][XCUITestDriver@b322] connect ECONNREFUSED 127.0.0.1:8100
2026-09-29 08:08:33:120 [790e2ec9][XCUITestDriver@b322] Matched '/status' to command name 'getStatus'
2026-09-29 08:08:33:121 [790e2ec9][XCUITestDriver@b322] Proxying [GET /status] to [GET http://127.0.0.1:8100/status] with no body
2026-09-29 08:08:33:159 [790e2ec9][XCUITestDriver@b322] connect ECONNREFUSED 127.0.0.1:8100
2026-09-29 08:08:34:162 [790e2ec9][XCUITestDriver@b322] Matched '/status' to command name 'getStatus'
2026-09-29 08:08:34:162 [790e2ec9][XCUITestDriver@b322] Proxying [GET /status] to [GET http://127.0.0.1:8100/status] with no body
2026-09-29 08:08:34:168 [790e2ec9][XCUITestDriver@b322] connect ECONNREFUSED 127.0.0.1:8100
2026-09-29 08:08:35:206 [790e2ec9][XCUITestDriver@b322] Matched '/status' to command name 'getStatus'
2026-09-29 08:08:35:206 [790e2ec9][XCUITestDriver@b322] Proxying [GET /status] to [GET http://127.0.0.1:8100/status] with no body
2026-09-29 08:08:35:208 [790e2ec9][XCUITestDriver@b322] connect ECONNREFUSED 127.0.0.1:8100
2026-09-29 08:08:36:266 [790e2ec9][XCUITestDriver@b322] Matched '/status' to command name 'getStatus'
2026-09-29 08:08:36:272 [790e2ec9][XCUITestDriver@b322] Proxying [GET /status] to [GET http://127.0.0.1:8100/status] with no body
2026-09-29 08:08:36:313 [790e2ec9][XCUITestDriver@b322] connect ECONNREFUSED 127.0.0.1:8100
2026-09-29 08:08:37:482 [790e2ec9][XCUITestDriver@b322] Matched '/status' to command name 'getStatus'
2026-09-29 08:08:37:487 [790e2ec9][XCUITestDriver@b322] Proxying [GET /status] to [GET http://127.0.0.1:8100/status] with no body
2026-09-29 08:08:37:583 [790e2ec9][XCUITestDriver@b322] connect ECONNREFUSED 127.0.0.1:8100
2026-09-29 08:08:38:636 [790e2ec9][XCUITestDriver@b322] Matched '/status' to command name 'getStatus'
2026-09-29 08:08:38:636 [790e2ec9][XCUITestDriver@b322] Proxying [GET /status] to [GET http://127.0.0.1:8100/status] with no body
2026-09-29 08:08:38:705 [790e2ec9][XCUITestDriver@b322] connect ECONNREFUSED 127.0.0.1:8100
2026-09-29 08:08:39:061 [790e2ec9][Xcode] /* com.apple.actool.compilation-results */
2026-09-29 08:08:39:061 [790e2ec9][Xcode] <host-path>/Library/Developer/Xcode/DerivedData/WebDriverAgent-gvnbbobaqwdgeeepwfrffrnyucio/Build/Intermediates.noindex/WebDriverAgent.build/Debug-iphonesimulator/WebDriverAgentRunner.build/assetcatalog_generated_info.plist_thinned
2026-09-29 08:08:39:061 [790e2ec9][Xcode] <host-path>/Library/Developer/Xcode/DerivedData/WebDriverAgent-gvnbbobaqwdgeeepwfrffrnyucio/Build/Intermediates.noindex/WebDriverAgent.build/Debug-iphonesimulator/WebDriverAgentRunner.build/assetcatalog_output/thinned/AppIcon60x60@2x.png
2026-09-29 08:08:39:061 [790e2ec9][Xcode] <host-path>/Library/Developer/Xcode/DerivedData/WebDriverAgent-gvnbbobaqwdgeeepwfrffrnyucio/Build/Intermediates.noindex/WebDriverAgent.build/Debug-iphonesimulator/WebDriverAgentRunner.build/assetcatalog_output/thinned/AppIcon76x76@2x~ipad.png
2026-09-29 08:08:39:061 [790e2ec9][Xcode] <host-path>/Library/Developer/Xcode/DerivedData/WebDriverAgent-gvnbbobaqwdgeeepwfrffrnyucio/Build/Intermediates.noindex/WebDriverAgent.build/Debug-iphonesimulator/WebDriverAgentRunner.build/assetcatalog_output/thinned/Assets.car
2026-09-29 08:08:39:061 [790e2ec9][Xcode] 
2026-09-29 08:08:39:062 [790e2ec9][Xcode] 
2026-09-29 08:08:39:062 [790e2ec9][Xcode] ScanDependencies Analyze <host-path>/qualification/compatibility-smoke/harness/node_modules/appium-xcuitest-driver/node_modules/appium-webdriveragent/WebDriverAgentLib/Utilities/XCUIApplicationProcessDelay.m normal arm64 (in target 'WebDriverAgentLib' from project 'WebDriverAgent')
2026-09-29 08:08:39:062 [790e2ec9][Xcode]     cd <host-path>/qualification/compatibility-smoke/harness/node_modules/appium-xcuitest-driver/node_modules/appium-webdriveragent
2026-09-29 08:08:39:062 [790e2ec9][Xcode]     
2026-09-29 08:08:39:062 [790e2ec9][Xcode]     Using response file: <host-path>/Library/Developer/Xcode/DerivedData/WebDriverAgent-gvnbbobaqwdgeeepwfrffrnyucio/Build/Intermediates.noindex/WebDriverAgent.build/Debug-iphonesimulator/WebDriverAgentLib.build/Objects-normal/arm64/22a6d426986e98cf1a8e0c880c6a22df-common-args.resp
2026-09-29 08:08:39:062 [790e2ec9][Xcode]     
2026-09-29 08:08:39:098 [790e2ec9][Xcode]     builtin-ScanDependencies -o <host-path>/Library/Developer/Xcode/DerivedData/WebDriverAgent-gvnbbobaqwdgeeepwfrffrnyucio/Build/Intermediates.noindex/WebDriverAgent.build/Debug-iphonesimulator/WebDriverAgentLib.build/StaticAnalyzer/WebDriverAgent/WebDriverAgentLib/normal/arm64/XCUIApplicationProcessDelay.plist.scan -- /Applications/Xcode_16.4.app/Contents/Developer/Toolchains/XcodeDefault.xctoolchain/usr/bin/clang -x objective-c -ivfsstatcache <host-path>/Library/Developer/Xcode/DerivedData/SDKStatCaches.noindex/iphonesimulator18.5-22F76-96ae0914227b19deccb34b33ba7b5dea.sdkstatcache -fmessage-length\=0 -fdiagnostics-show-note-include-stack -fmacro-backtrace-limit\=0 -fno-color-diagnostics -fmodules-prune-interval\=86400 -fmodules-prune-after\=345600 -fbuild-session-file\=<host-path>/Library/Developer/Xcode/DerivedData/ModuleCache.noindex/Session.modulevalidation -fmodules-validate-once-per-build-session -Wno-trigraphs -Wmissing-field-initializers -Wno-missing-prototypes -Werror\=return-type -Wunreachable-code -Wquoted-include-in-framework-header -Wno-implicit-atomic-properties -Werror\=deprecated-objc-isa-usage -Wno-objc-interface-ivars -Werror\=objc-root-class -Warc-repeated-use-of-weak -Wno-arc-maybe-repeated-use-of-weak -Wimplicit-retain-self -Wduplicate-method-match -Wno-missing-braces -Wparentheses -Wswitch -Wunused-function -Wno-unused-label -Wunused-parameter -Wunused-variable -Wunused-value -Wempty-body -Wuninitialized -Wconditional-uninitialized -Wno-unknown-pragmas -Wshadow -Wno-four-char-constants -Wconversion -Wconstant-conversion -Wint-conversion -Wbool-conversion -Wenum-conversion -Wfloat-conversion -Wnon-literal-null-conversion -Wobjc-literal-conversion -Wassign-enum -Wsign-compare -Wshorten-64-to-32 -Wpointer-sign -Wno-newline-eof -Wno-selector -Wno-strict-selector-match -Wundeclared-selector -Wdeprecated-implementations -Wno-implicit-fallthrough -fstrict-aliasing -Wprotocol -Wdeprecated-declarations -Wno-sign-conversion -Winfinite-recursion -Wcomma -Wblock-capture-autoreleasing -Wstrict-prototypes -Wno-semicolon-before-method-body -Weverything -Wno-objc-missing-property-synthesis -Wno-unused-macros -Wno-disabled-macro-expansion -Wno-gnu-statement-expression -Wno-language-extension-token -Wno-overriding-method-mismatch -Wno-missing-variable-declarations -Wno-auto-import -Wno-objc-interface-ivars -Wno-documentation-unknown-command -Wno-reserved-id-macro -Wno-unused-parameter -Wno-gnu-conditional-omitted-operand -Wno-explicit-ownership-type -Wno-date-time -Wno-cast-align -Wno-cstring-format-directive -Wno-double-promotion -Wno-partial-availability -Wno-declaration-after-statement -Wno-objc-messaging-id -Wno-direct-ivar-access -Wno-cast-qual -Wno-deprecated-declarations -Wno-reserved-identifier -Weverything -Wno-objc-missing-property-synthesis -Wno-unused-macros -Wno-disabled-macro-expansion -Wno-gnu-statement-expression -Wno-language-extension-token -Wno-overriding-method-mismatch -Wno-missing-variable-declarations -Wno-auto-import -Wno-objc-interface-ivars -Wno-documentation-unknown-command -Wno-reserved-id-macro -Wno-unused-parameter -Wno-gnu-conditional-omitted-operand -Wno-explicit-ownership-type -Wno-date-time -Wno-cast-align -Wno-cstring-format-directive -Wno-double-promotion -Wno-partial-availability -Wno-objc-messaging-id -Wno-direct-ivar-access -Wno-cast-qual -Wno-declaration-after-statement @<host-path>/Library/Developer/Xcode/DerivedData/WebDriverAgent-gvnbbobaqwdgeeepwfrffrnyucio/Build/Intermediates.noindex/WebDriverAgent.build/Debug-iphonesimulator/WebDriverAgentLib.build/Objects-normal/arm64/22a6d426986e98cf1a8e0c880c6a22df-common-args.resp -MMD -MT dependencies -MF <host-path>/Library/Developer/Xcode/DerivedData/WebDriverAgent-gvnbbobaqwdgeeepwfrffrnyucio/Build/Intermediates.noindex/WebDriverAgent.build/Debug-iphonesimulator/WebDriverAgentLib.build/StaticAnalyzer/WebDriverAgent/WebDriverAgentLib/normal/arm64/XCUIApplicationProcessDelay.d --analyze <host-path>/qualification/compatibility-smoke/harness/node_modules/appium-xcuitest-driver/node_modules/appium-webdriveragent/WebDriverAgentLib/Utilities/XCUIApplicationProcessDelay.m -o <host-path>/Library/Developer/Xcode/DerivedData/WebDriverAgent-gvnbbobaqwdgeeepwfrffrnyucio/Build/Intermediates.noindex/WebDriverAgent.build/Debug-iphonesimulator/WebDriverAgentLib.build/StaticAnalyzer/WebDriverAgent/WebDriverAgentLib/normal/arm64/XCUIApplicationProcessDelay.plist
2026-09-29 08:08:39:098 [790e2ec9][Xcode] 
2026-09-29 08:08:39:098 [790e2ec9][Xcode] ScanDependencies Analyze <host-path>/qualification/compatibility-smoke/harness/node_modules/appium-xcuitest-driver/node_modules/appium-webdriveragent/WebDriverAgentLib/Utilities/XCTestPrivateSymbols.m normal arm64 (in target 'WebDriverAgentLib' from project 'WebDriverAgent')
2026-09-29 08:08:39:098 [790e2ec9][Xcode]     cd <host-path>/qualification/compatibility-smoke/harness/node_modules/appium-xcuitest-driver/node_modules/appium-webdriveragent
2026-09-29 08:08:39:098 [790e2ec9][Xcode]     
2026-09-29 08:08:39:098 [790e2ec9][Xcode]     Using response file: <host-path>/Library/Developer/Xcode/DerivedData/WebDriverAgent-gvnbbobaqwdgeeepwfrffrnyucio/Build/Intermediates.noindex/WebDriverAgent.build/Debug-iphonesimulator/WebDriverAgentLib.build/Objects-normal/arm64/22a6d426986e98cf1a8e0c880c6a22df-common-args.resp
2026-09-29 08:08:39:098 [790e2ec9][Xcode]     
2026-09-29 08:08:39:098 [790e2ec9][Xcode]     builtin-ScanDependencies -o <host-path>/Library/Developer/Xcode/DerivedData/WebDriverAgent-gvnbbobaqwdgeeepwfrffrnyucio/Build/Intermediates.noindex/WebDriverAgent.build/Debug-iphonesimulator/WebDriverAgentLib.build/StaticAnalyzer/WebDriverAgent/WebDriverAgentLib/normal/arm64/XCTestPrivateSymbols.plist.scan -- /Applications/Xcode_16.4.app/Contents/Developer/Toolchains/XcodeDefault.xctoolchain/usr/bin/clang -x objective-c -ivfsstatcache <host-path>/Library/Developer/Xcode/DerivedData/SDKStatCaches.noindex/iphonesimulator18.5-22F76-96ae0914227b19deccb34b33ba7b5dea.sdkstatcache -fmessage-length\=0 -fdiagnostics-show-note-include-stack -fmacro-backtrace-limit\=0 -fno-color-diagnostics -fmodules-prune-interval\=86400 -fmodules-prune-after\=345600 -fbuild-session-file\=<host-path>/Library/Developer/Xcode/DerivedData/ModuleCache.noindex/Session.modulevalidation -fmodules-validate-once-per-build-session -Wno-trigraphs -Wmissing-field-initializers -Wno-missing-prototypes -Werror\=return-type -Wunreachable-code -Wquoted-include-in-framework-header -Wno-implicit-atomic-properties -Werror\=deprecated-objc-isa-usage -Wno-objc-interface-ivars -Werror\=objc-root-class -Warc-repeated-use-of-weak -Wno-arc-maybe-repeated-use-of-weak -Wimplicit-retain-self -Wduplicate-method-match -Wno-missing-braces -Wparentheses -Wswitch -Wunused-function -Wno-unused-label -Wunused-parameter -Wunused-variable -Wunused-value -Wempty-body -Wuninitialized -Wconditional-uninitialized -Wno-unknown-pragmas -Wshadow -Wno-four-char-constants -Wconversion -Wconstant-conversion -Wint-conversion -Wbool-conversion -Wenum-conversion -Wfloat-conversion -Wnon-literal-null-conversion -Wobjc-literal-conversion -Wassign-enum -Wsign-compare -Wshorten-64-to-32 -Wpointer-sign -Wno-newline-eof -Wno-selector -Wno-strict-selector-match -Wundeclared-selector -Wdeprecated-implementations -Wno-implicit-fallthrough -fstrict-aliasing -Wprotocol -Wdeprecated-declarations -Wno-sign-conversion -Winfinite-recursion -Wcomma -Wblock-capture-autoreleasing -Wstrict-prototypes -Wno-semicolon-before-method-body -Weverything -Wno-objc-missing-property-synthesis -Wno-unused-macros -Wno-disabled-macro-expansion -Wno-gnu-statement-expression -Wno-language-extension-token -Wno-overriding-method-mismatch -Wno-missing-variable-declarations -Wno-auto-import -Wno-objc-interface-ivars -Wno-documentation-unknown-command -Wno-reserved-id-macro -Wno-unused-parameter -Wno-gnu-conditional-omitted-operand -Wno-explicit-ownership-type -Wno-date-time -Wno-cast-align -Wno-cstring-format-directive -Wno-double-promotion -Wno-partial-availability -Wno-declaration-after-statement -Wno-objc-messaging-id -Wno-direct-ivar-access -Wno-cast-qual -Wno-deprecated-declarations -Wno-reserved-identifier -Weverything -Wno-objc-missing-property-synthesis -Wno-unused-macros -Wno-disabled-macro-expansion -Wno-gnu-statement-expression -Wno-language-extension-token -Wno-overriding-method-mismatch -Wno-missing-variable-declarations -Wno-auto-import -Wno-objc-interface-ivars -Wno-documentation-unknown-command -Wno-reserved-id-macro -Wno-unused-parameter -Wno-gnu-conditional-omitted-operand -Wno-explicit-ownership-type -Wno-date-time -Wno-cast-align -Wno-cstring-format-directive -Wno-double-promotion -Wno-partial-availability -Wno-objc-messaging-id -Wno-direct-ivar-access -Wno-cast-qual -Wno-declaration-after-statement @<host-path>/Library/Developer/Xcode/DerivedData/WebDriverAgent-gvnbbobaqwdgeeepwfrffrnyucio/Build/Intermediates.noindex/WebDriverAgent.build/Debug-iphonesimulator/WebDriverAgentLib.build/Objects-normal/arm64/22a6d426986e98cf1a8e0c880c6a22df-common-args.resp -MMD -MT dependencies -MF <host-path>/Library/Developer/Xcode/DerivedData/WebDriverAgent-gvnbbobaqwdgeeepwfrffrnyucio/Build/Intermediates.noindex/WebDriverAgent.build/Debug-iphonesimulator/WebDriverAgentLib.build/StaticAnalyzer/WebDriverAgent/WebDriverAgentLib/normal/arm64/XCTestPrivateSymbols.d --analyze <host-path>/qualification/compatibility-smoke/harness/node_modules/appium-xcuitest-driver/node_modules/appium-webdriveragent/WebDriverAgentLib/Utilities/XCTestPrivateSymbols.m -o <host-path>/Library/Developer/Xcode/DerivedData/WebDriverAgent-gvnbbobaqwdgeeepwfrffrnyucio/Build/Intermediates.noindex/WebDriverAgent.build/Debug-iphonesimulator/WebDriverAgentLib.build/StaticAnalyzer/WebDriverAgent/WebDriverAgentLib/normal/arm64/XCTestPrivateSymbols.plist
2026-09-29 08:08:39:098 [790e2ec9][Xcode] 
2026-09-29 08:08:39:098 [790e2ec9][Xcode] ScanDependencies Analyze <host-path>/qualification/compatibility-smoke/harness/node_modules/appium-xcuitest-driver/node_modules/appium-webdriveragent/WebDriverAgentRunner/UITestingUITests.m normal arm64 (in target 'WebDriverAgentRunner' from project 'WebDriverAgent')
2026-09-29 08:08:39:098 [790e2ec9][Xcode]     cd <host-path>/qualification/compatibility-smoke/harness/node_modules/appium-xcuitest-driver/node_modules/appium-webdriveragent
2026-09-29 08:08:39:098 [790e2ec9][Xcode]     
2026-09-29 08:08:39:098 [790e2ec9][Xcode]     Using response file: <host-path>/Library/Developer/Xcode/DerivedData/WebDriverAgent-gvnbbobaqwdgeeepwfrffrnyucio/Build/Intermediates.noindex/WebDriverAgent.build/Debug-iphonesimulator/WebDriverAgentRunner.build/Objects-normal/arm64/22a6d426986e98cf1a8e0c880c6a22df-common-args.resp
2026-09-29 08:08:39:098 [790e2ec9][Xcode]     
2026-09-29 08:08:39:098 [790e2ec9][Xcode]     builtin-ScanDependencies -o <host-path>/Library/Developer/Xcode/DerivedData/WebDriverAgent-gvnbbobaqwdgeeepwfrffrnyucio/Build/Intermediates.noindex/WebDriverAgent.build/Debug-iphonesimulator/WebDriverAgentRunner.build/StaticAnalyzer/WebDriverAgent/WebDriverAgentRunner/normal/arm64/UITestingUITests.plist.scan -- /Applications/Xcode_16.4.app/Contents/Developer/Toolchains/XcodeDefault.xctoolchain/usr/bin/clang -x objective-c -ivfsstatcache <host-path>/Library/Developer/Xcode/DerivedData/SDKStatCaches.noindex/iphonesimulator18.5-22F76-96ae0914227b19deccb34b33ba7b5dea.sdkstatcache -fmessage-length\=0 -fdiagnostics-show-note-include-stack -fmacro-backtrace-limit\=0 -fno-color-diagnostics -fmodules-prune-interval\=86400 -fmodules-prune-after\=345600 -fbuild-session-file\=<host-path>/Library/Developer/Xcode/DerivedData/ModuleCache.noindex/Session.modulevalidation -fmodules-validate-once-per-build-session -Wno-trigraphs -Wmissing-field-initializers -Wno-missing-prototypes -Werror\=return-type -Wunreachable-code -Wquoted-include-in-framework-header -Wno-implicit-atomic-properties -Werror\=deprecated-objc-isa-usage -Wno-objc-interface-ivars -Werror\=objc-root-class -Warc-repeated-use-of-weak -Wno-arc-maybe-repeated-use-of-weak -Wimplicit-retain-self -Wduplicate-method-match -Wno-missing-braces -Wparentheses -Wswitch -Wunused-function -Wno-unused-label -Wunused-parameter -Wunused-variable -Wunused-value -Wempty-body -Wuninitialized -Wconditional-uninitialized -Wno-unknown-pragmas -Wshadow -Wno-four-char-constants -Wconversion -Wconstant-conversion -Wint-conversion -Wbool-conversion -Wenum-conversion -Wfloat-conversion -Wnon-literal-null-conversion -Wobjc-literal-conversion -Wassign-enum -Wsign-compare -Wshorten-64-to-32 -Wpointer-sign -Wno-newline-eof -Wno-selector -Wno-strict-selector-match -Wundeclared-selector -Wdeprecated-implementations -Wno-implicit-fallthrough -fstrict-aliasing -Wprotocol -Wdeprecated-declarations -Wno-sign-conversion -Winfinite-recursion -Wcomma -Wblock-capture-autoreleasing -Wstrict-prototypes -Wno-semicolon-before-method-body -Weverything -Wno-objc-missing-property-synthesis -Wno-unused-macros -Wno-disabled-macro-expansion -Wno-gnu-statement-expression -Wno-language-extension-token -Wno-overriding-method-mismatch -Wno-missing-variable-declarations -Wno-auto-import -Wno-objc-interface-ivars -Wno-documentation-unknown-command -Wno-reserved-id-macro -Wno-unused-parameter -Wno-gnu-conditional-omitted-operand -Wno-explicit-ownership-type -Wno-date-time -Wno-cast-align -Wno-cstring-format-directive -Wno-double-promotion -Wno-partial-availability -Wno-declaration-after-statement -Wno-objc-messaging-id -Wno-direct-ivar-access -Wno-cast-qual -Wno-deprecated-declarations -Wno-reserved-identifier -Weverything -Wno-objc-missing-property-synthesis -Wno-unused-macros -Wno-disabled-macro-expansion -Wno-gnu-statement-expression -Wno-language-extension-token -Wno-overriding-method-mismatch -Wno-missing-variable-declarations -Wno-auto-import -Wno-objc-interface-ivars -Wno-documentation-unknown-command -Wno-reserved-id-macro -Wno-unused-parameter -Wno-gnu-conditional-omitted-operand -Wno-explicit-ownership-type -Wno-date-time -Wno-cast-align -Wno-cstring-format-directive -Wno-double-promotion -Wno-partial-availability -Wno-cast-qual @<host-path>/Library/Developer/Xcode/DerivedData/WebDriverAgent-gvnbbobaqwdgeeepwfrffrnyucio/Build/Intermediates.noindex/WebDriverAgent.build/Debug-iphonesimulator/WebDriverAgentRunner.build/Objects-normal/arm64/22a6d426986e98cf1a8e0c880c6a22df-common-args.resp -MMD -MT dependencies -MF <host-path>/Library/Developer/Xcode/DerivedData/WebDriverAgent-gvnbbobaqwdgeeepwfrffrnyucio/Build/Intermediates.noindex/WebDriverAgent.build/Debug-iphonesimulator/WebDriverAgentRunner.build/StaticAnalyzer/WebDriverAgent/WebDriverAgentRunner/normal/arm64/UITestingUITests.d --analyze <host-path>/qualification/compatibility-smoke/harness/node_modules/appium-xcuitest-driver/node_modules/appium-webdriveragent/WebDriverAgentRunner/UITestingUITests.m -o <host-path>/Library/Developer/Xcode/DerivedData/WebDriverAgent-gvnbbobaqwdgeeepwfrffrnyucio/Build/Intermediates.noindex/WebDriverAgent.build/Debug-iphonesimulator/WebDriverAgentRunner.build/StaticAnalyzer/WebDriverAgent/WebDriverAgentRunner/normal/arm64/UITestingUITests.plist
2026-09-29 08:08:39:098 [790e2ec9][Xcode] 
2026-09-29 08:08:39:098 [790e2ec9][Xcode] PrecompileModule <host-path>/Library/Developer/Xcode/DerivedData/WebDriverAgent-gvnbbobaqwdgeeepwfrffrnyucio/Build/Intermediates.noindex/ExplicitPrecompiledModules/_Builtin_iso646-2IL3URNVQG082U51VKHUZLHGJ.scan
2026-09-29 08:08:39:098 [790e2ec9][Xcode]     cd <host-path>/qualification/compatibility-smoke/harness/node_modules/appium-xcuitest-driver/node_modules/appium-webdriveragent
2026-09-29 08:08:39:099 [790e2ec9][Xcode]     builtin-precompileModule <host-path>/Library/Developer/Xcode/DerivedData/WebDriverAgent-gvnbbobaqwdgeeepwfrffrnyucio/Build/Intermediates.noindex/ExplicitPrecompiledModules/_Builtin_iso646-2IL3URNVQG082U51VKHUZLHGJ.scan
2026-09-29 08:08:39:099 [790e2ec9][Xcode] 
2026-09-29 08:08:39:099 [790e2ec9][Xcode] PrecompileModule <host-path>/Library/Developer/Xcode/DerivedData/WebDriverAgent-gvnbbobaqwdgeeepwfrffrnyucio/Build/Intermediates.noindex/ExplicitPrecompiledModules/os_availability_internal-63G4MDIUWYTX1GWQMI8545HET.scan
2026-09-29 08:08:39:099 [790e2ec9][Xcode]     cd <host-path>/qualification/compatibility-smoke/harness/node_modules/appium-xcuitest-driver/node_modules/appium-webdriveragent
2026-09-29 08:08:39:099 [790e2ec9][Xcode]     builtin-precompileModule <host-path>/Library/Developer/Xcode/DerivedData/WebDriverAgent-gvnbbobaqwdgeeepwfrffrnyucio/Build/Intermediates.noindex/ExplicitPrecompiledModules/os_availability_internal-63G4MDIUWYTX1GWQMI8545HET.scan
2026-09-29 08:08:39:099 [790e2ec9][Xcode] 
2026-09-29 08:08:39:099 [790e2ec9][Xcode] PrecompileModule <host-path>/Library/Developer/Xcode/DerivedData/WebDriverAgent-gvnbbobaqwdgeeepwfrffrnyucio/Build/Intermediates.noindex/ExplicitPrecompiledModules/_float-2QLIFD2O17VXE3KO8L2SF8PKL.scan
2026-09-29 08:08:39:099 [790e2ec9][Xcode]     cd <host-path>/qualification/compatibility-smoke/harness/node_modules/appium-xcuitest-driver/node_modules/appium-webdriveragent
2026-09-29 08:08:39:099 [790e2ec9][Xcode]     builtin-precompileModule <host-path>/Library/Developer/Xcode/DerivedData/WebDriverAgent-gvnbbobaqwdgeeepwfrffrnyucio/Build/Intermediates.noindex/ExplicitPrecompiledModules/_float-2QLIFD2O17VXE3KO8L2SF8PKL.scan
2026-09-29 08:08:39:099 [790e2ec9][Xcode] 
2026-09-29 08:08:39:099 [790e2ec9][Xcode] PrecompileModule <host-path>/Library/Developer/Xcode/DerivedData/WebDriverAgent-gvnbbobaqwdgeeepwfrffrnyucio/Build/Intermediates.noindex/ExplicitPrecompiledModules/_Builtin_stdbool-2CUHTFFM9Y1N1F2ABSHVE2LX0.scan
2026-09-29 08:08:39:099 [790e2ec9][Xcode]     cd <host-path>/qualification/compatibility-smoke/harness/node_modules/appium-xcuitest-driver/node_modules/appium-webdriveragent
2026-09-29 08:08:39:099 [790e2ec9][Xcode]     builtin-precompileModule <host-path>/Library/Developer/Xcode/DerivedData/WebDriverAgent-gvnbbobaqwdgeeepwfrffrnyucio/Build/Intermediates.noindex/ExplicitPrecompiledModules/_Builtin_stdbool-2CUHTFFM9Y1N1F2ABSHVE2LX0.scan
2026-09-29 08:08:39:099 [790e2ec9][Xcode] 
2026-09-29 08:08:39:100 [790e2ec9][Xcode] PrecompileModule <host-path>/Library/Developer/Xcode/DerivedData/WebDriverAgent-gvnbbobaqwdgeeepwfrffrnyucio/Build/Intermediates.noindex/ExplicitPrecompiledModules/_Builtin_float-16SD5BLTNNWFPB4J000VFEQMJ.scan
2026-09-29 08:08:39:100 [790e2ec9][Xcode]     cd <host-path>/qualification/compatibility-smoke/harness/node_modules/appium-xcuitest-driver/node_modules/appium-webdriveragent
2026-09-29 08:08:39:100 [790e2ec9][Xcode]     builtin-precompileModule <host-path>/Library/Developer/Xcode/DerivedData/WebDriverAgent-gvnbbobaqwdgeeepwfrffrnyucio/Build/Intermediates.noindex/ExplicitPrecompiledModules/_Builtin_float-16SD5BLTNNWFPB4J000VFEQMJ.scan
2026-09-29 08:08:39:100 [790e2ec9][Xcode] 
2026-09-29 08:08:39:100 [790e2ec9][Xcode] PrecompileModule <host-path>/Library/Developer/Xcode/DerivedData/WebDriverAgent-gvnbbobaqwdgeeepwfrffrnyucio/Build/Intermediates.noindex/ExplicitPrecompiledModules/os_availability-71BG70GNMDMGPJE22CKYLSCFC.scan
2026-09-29 08:08:39:100 [790e2ec9][Xcode]     cd <host-path>/qualification/compatibility-smoke/harness/node_modules/appium-xcuitest-driver/node_modules/appium-webdriveragent
2026-09-29 08:08:39:100 [790e2ec9][Xcode]     builtin-precompileModule <host-path>/Library/Developer/Xcode/DerivedData/WebDriverAgent-gvnbbobaqwdgeeepwfrffrnyucio/Build/Intermediates.noindex/ExplicitPrecompiledModules/os_availability-71BG70GNMDMGPJE22CKYLSCFC.scan
2026-09-29 08:08:39:100 [790e2ec9][Xcode] 
2026-09-29 08:08:39:100 [790e2ec9][Xcode] PrecompileModule <host-path>/Library/Developer/Xcode/DerivedData/WebDriverAgent-gvnbbobaqwdgeeepwfrffrnyucio/Build/Intermediates.noindex/ExplicitPrecompiledModules/TargetConditionals-6VW5XNK67HF44B0P48H6P36SP.scan
2026-09-29 08:08:39:100 [790e2ec9][Xcode]     cd <host-path>/qualification/compatibility-smoke/harness/node_modules/appium-xcuitest-driver/node_modules/appium-webdriveragent
2026-09-29 08:08:39:100 [790e2ec9][Xcode]     builtin-precompileModule <host-path>/Library/Developer/Xcode/DerivedData/WebDriverAgent-gvnbbobaqwdgeeepwfrffrnyucio/Build/Intermediates.noindex/ExplicitPrecompiledModules/TargetConditionals-6VW5XNK67HF44B0P48H6P36SP.scan
2026-09-29 08:08:39:100 [790e2ec9][Xcode] 
2026-09-29 08:08:39:100 [790e2ec9][Xcode] PrecompileModule <host-path>/Library/Developer/Xcode/DerivedData/WebDriverAgent-gvnbbobaqwdgeeepwfrffrnyucio/Build/Intermediates.noindex/ExplicitPrecompiledModules/_fenv-927XTT9QYJW0RC7VQW9DQHOMT.scan
2026-09-29 08:08:39:101 [790e2ec9][Xcode]     cd <host-path>/qualification/compatibility-smoke/harness/node_modules/appium-xcuitest-driver/node_modules/appium-webdriveragent
2026-09-29 08:08:39:101 [790e2ec9][Xcode]     builtin-precompileModule <host-path>/Library/Developer/Xcode/DerivedData/WebDriverAgent-gvnbbobaqwdgeeepwfrffrnyucio/Build/Intermediates.noindex/ExplicitPrecompiledModules/_fenv-927XTT9QYJW0RC7VQW9DQHOMT.scan
2026-09-29 08:08:39:101 [790e2ec9][Xcode] 
2026-09-29 08:08:39:101 [790e2ec9][Xcode] PrecompileModule <host-path>/Library/Developer/Xcode/DerivedData/WebDriverAgent-gvnbbobaqwdgeeepwfrffrnyucio/Build/Intermediates.noindex/ExplicitPrecompiledModules/_Builtin_stddef-6821HWM850BYBM62FV04QOE3X.scan
2026-09-29 08:08:39:101 [790e2ec9][Xcode]     cd <host-path>/qualification/compatibility-smoke/harness/node_modules/appium-xcuitest-driver/node_modules/appium-webdriveragent
2026-09-29 08:08:39:101 [790e2ec9][Xcode]     builtin-precompileModule <host-path>/Library/Developer/Xcode/DerivedData/WebDriverAgent-gvnbbobaqwdgeeepwfrffrnyucio/Build/Intermediates.noindex/ExplicitPrecompiledModules/_Builtin_stddef-6821HWM850BYBM62FV04QOE3X.scan
2026-09-29 08:08:39:101 [790e2ec9][Xcode] 
2026-09-29 08:08:39:101 [790e2ec9][Xcode] PrecompileModule <host-path>/Library/Developer/Xcode/DerivedData/WebDriverAgent-gvnbbobaqwdgeeepwfrffrnyucio/Build/Intermediates.noindex/ExplicitPrecompiledModules/AvailabilityMacros-36T5N3Y7FDCGG6TTJE3MK0DQS.scan
2026-09-29 08:08:39:101 [790e2ec9][Xcode]     cd <host-path>/qualification/compatibility-smoke/harness/node_modules/appium-xcuitest-driver/node_modules/appium-webdriveragent
2026-09-29 08:08:39:101 [790e2ec9][Xcode]     builtin-precompileModule <host-path>/Library/Developer/Xcode/DerivedData/WebDriverAgent-gvnbbobaqwdgeeepwfrffrnyucio/Build/Intermediates.noindex/ExplicitPrecompiledModules/AvailabilityMacros-36T5N3Y7FDCGG6TTJE3MK0DQS.scan
2026-09-29 08:08:39:106 [790e2ec9][Xcode] 
2026-09-29 08:08:39:132 [790e2ec9][Xcode] PrecompileModule <host-path>/Library/Developer/Xcode/DerivedData/WebDriverAgent-gvnbbobaqwdgeeepwfrffrnyucio/Build/Intermediates.noindex/ExplicitPrecompiledModules/ptrcheck-BUXLIWYB9JGQVXUFDOA610P3A.scan
2026-09-29 08:08:39:132 [790e2ec9][Xcode]     cd <host-path>/qualification/compatibility-smoke/harness/node_modules/appium-xcuitest-driver/node_modules/appium-webdriveragent
2026-09-29 08:08:39:132 [790e2ec9][Xcode]     builtin-precompileModule <host-path>/Library/Developer/Xcode/DerivedData/WebDriverAgent-gvnbbobaqwdgeeepwfrffrnyucio/Build/Intermediates.noindex/ExplicitPrecompiledModules/ptrcheck-BUXLIWYB9JGQVXUFDOA610P3A.scan
2026-09-29 08:08:39:132 [790e2ec9][Xcode] 
2026-09-29 08:08:39:132 [790e2ec9][Xcode] PrecompileModule <host-path>/Library/Developer/Xcode/DerivedData/WebDriverAgent-gvnbbobaqwdgeeepwfrffrnyucio/Build/Intermediates.noindex/ExplicitPrecompiledModules/_Builtin_stdarg-93VGNVNQSC7OOWORD1B01T4P2.scan
2026-09-29 08:08:39:132 [790e2ec9][Xcode]     cd <host-path>/qualification/compatibility-smoke/harness/node_modules/appium-xcuitest-driver/node_modules/appium-webdriveragent
2026-09-29 08:08:39:132 [790e2ec9][Xcode]     builtin-precompileModule <host-path>/Library/Developer/Xcode/DerivedData/WebDriverAgent-gvnbbobaqwdgeeepwfrffrnyucio/Build/Intermediates.noindex/ExplicitPrecompiledModules/_Builtin_stdarg-93VGNVNQSC7OOWORD1B01T4P2.scan
2026-09-29 08:08:39:132 [790e2ec9][Xcode] 
2026-09-29 08:08:39:132 [790e2ec9][Xcode] PrecompileModule <host-path>/Library/Developer/Xcode/DerivedData/WebDriverAgent-gvnbbobaqwdgeeepwfrffrnyucio/Build/Intermediates.noindex/ExplicitPrecompiledModules/ptrauth-5O5HPY8EJ7V11GT5MD2R589NL.scan
2026-09-29 08:08:39:132 [790e2ec9][Xcode]     cd <host-path>/qualification/compatibility-smoke/harness/node_modules/appium-xcuitest-driver/node_modules/appium-webdriveragent
2026-09-29 08:08:39:132 [790e2ec9][Xcode]     builtin-precompileModule <host-path>/Library/Developer/Xcode/DerivedData/WebDriverAgent-gvnbbobaqwdgeeepwfrffrnyucio/Build/Intermediates.noindex/ExplicitPrecompiledModules/ptrauth-5O5HPY8EJ7V11GT5MD2R589NL.scan
2026-09-29 08:08:39:133 [790e2ec9][Xcode] 
2026-09-29 08:08:39:133 [790e2ec9][Xcode] ScanDependencies <host-path>/Library/Developer/Xcode/DerivedData/WebDriverAgent-gvnbbobaqwdgeeepwfrffrnyucio/Build/Intermediates.noindex/WebDriverAgent.build/Debug-iphonesimulator/WebDriverAgentRunner.build/Objects-normal/arm64/UITestingUITests.o <host-path>/qualification/compatibility-smoke/harness/node_modules/appium-xcuitest-driver/node_modules/appium-webdriveragent/WebDriverAgentRunner/UITestingUITests.m normal arm64 objective-c com.apple.compilers.llvm.clang.1_0.compiler (in target 'WebDriverAgentRunner' from project 'WebDriverAgent')
2026-09-29 08:08:39:133 [790e2ec9][Xcode]     cd <host-path>/qualification/compatibility-smoke/harness/node_modules/appium-xcuitest-driver/node_modules/appium-webdriveragent
2026-09-29 08:08:39:133 [790e2ec9][Xcode]     
2026-09-29 08:08:39:133 [790e2ec9][Xcode]     Using response file: <host-path>/Library/Developer/Xcode/DerivedData/WebDriverAgent-gvnbbobaqwdgeeepwfrffrnyucio/Build/Intermediates.noindex/WebDriverAgent.build/Debug-iphonesimulator/WebDriverAgentRunner.build/Objects-normal/arm64/e6072d4f65d7061329687fe24e3d63a7-common-args.resp
2026-09-29 08:08:39:133 [790e2ec9][Xcode]     
2026-09-29 08:08:39:133 [790e2ec9][Xcode]     builtin-ScanDependencies -o <host-path>/Library/Developer/Xcode/DerivedData/WebDriverAgent-gvnbbobaqwdgeeepwfrffrnyucio/Build/Intermediates.noindex/WebDriverAgent.build/Debug-iphonesimulator/WebDriverAgentRunner.build/Objects-normal/arm64/UITestingUITests.o.scan -- /Applications/Xcode_16.4.app/Contents/Developer/Toolchains/XcodeDefault.xctoolchain/usr/bin/clang -x objective-c -ivfsstatcache <host-path>/Library/Developer/Xcode/DerivedData/SDKStatCaches.noindex/iphonesimulator18.5-22F76-96ae0914227b19deccb34b33ba7b5dea.sdkstatcache -fmessage-length\=0 -fdiagnostics-show-note-include-stack -fmacro-backtrace-limit\=0 -fno-color-diagnostics -fmodules-prune-interval\=86400 -fmodules-prune-after\=345600 -fbuild-session-file\=<host-path>/Library/Developer/Xcode/DerivedData/ModuleCache.noindex/Session.modulevalidation -fmodules-validate-once-per-build-session -Wno-trigraphs -Wmissing-field-initializers -Wno-missing-prototypes -Werror\=return-type -Wunreachable-code -Wquoted-include-in-framework-header -Wno-implicit-atomic-properties -Werror\=deprecated-objc-isa-usage -Wno-objc-interface-ivars -Werror\=objc-root-class -Warc-repeated-use-of-weak -Wno-arc-maybe-repeated-use-of-weak -Wimplicit-retain-self -Wduplicate-method-match -Wno-missing-braces -Wparentheses -Wswitch -Wunused-function -Wno-unused-label -Wunused-parameter -Wunused-variable -Wunused-value -Wempty-body -Wuninitialized -Wconditional-uninitialized -Wno-unknown-pragmas -Wshadow -Wno-four-char-constants -Wconversion -Wconstant-conversion -Wint-conversion -Wbool-conversion -Wenum-conversion -Wfloat-conversion -Wnon-literal-null-conversion -Wobjc-literal-conversion -Wassign-enum -Wsign-compare -Wshorten-64-to-32 -Wpointer-sign -Wno-newline-eof -Wno-selector -Wno-strict-selector-match -Wundeclared-selector -Wdeprecated-implementations -Wno-implicit-fallthrough -fstrict-aliasing -Wprotocol -Wdeprecated-declarations -Wno-sign-conversion -Winfinite-recursion -Wcomma -Wblock-capture-autoreleasing -Wstrict-prototypes -Wno-semicolon-before-method-body -Weverything -Wno-objc-missing-property-synthesis -Wno-unused-macros -Wno-disabled-macro-expansion -Wno-gnu-statement-expression -Wno-language-extension-token -Wno-overriding-method-mismatch -Wno-missing-variable-declarations -Wno-auto-import -Wno-objc-interface-ivars -Wno-documentation-unknown-command -Wno-reserved-id-macro -Wno-unused-parameter -Wno-gnu-conditional-omitted-operand -Wno-explicit-ownership-type -Wno-date-time -Wno-cast-align -Wno-cstring-format-directive -Wno-double-promotion -Wno-partial-availability -Wno-declaration-after-statement -Wno-objc-messaging-id -Wno-direct-ivar-access -Wno-cast-qual -Wno-deprecated-declarations -Wno-reserved-identifier -Weverything -Wno-objc-missing-property-synthesis -Wno-unused-macros -Wno-disabled-macro-expansion -Wno-gnu-statement-expression -Wno-language-extension-token -Wno-overriding-method-mismatch -Wno-missing-variable-declarations -Wno-auto-import -Wno-objc-interface-ivars -Wno-documentation-unknown-command -Wno-reserved-id-macro -Wno-unused-parameter -Wno-gnu-conditional-omitted-operand -Wno-explicit-ownership-type -Wno-date-time -Wno-cast-align -Wno-cstring-format-directive -Wno-double-promotion -Wno-partial-availability -Wno-cast-qual @<host-path>/Library/Developer/Xcode/DerivedData/WebDriverAgent-gvnbbobaqwdgeeepwfrffrnyucio/Build/Intermediates.noindex/WebDriverAgent.build/Debug-iphonesimulator/WebDriverAgentRunner.build/Objects-normal/arm64/e6072d4f65d7061329687fe24e3d63a7-common-args.resp -MMD -MT dependencies -MF <host-path>/Library/Developer/Xcode/DerivedData/WebDriverAgent-gvnbbobaqwdgeeepwfrffrnyucio/Build/Intermediates.noindex/WebDriverAgent.build/Debug-iphonesimulator/WebDriverAgentRunner.build/Objects-normal/arm64/UITestingUITests.d --serialize-diagnostics <host-path>/Library/Developer/Xcode/DerivedData/WebDriverAgent-gvnbbobaqwdgeeepwfrffrnyucio/Build/Intermediates.noindex/WebDriverAgent.build/Debug-iphonesimulator/WebDriverAgentRunner.build/Objects-normal/arm64/UITestingUITests.dia -c <host-path>/qualification/compatibility-smoke/harness/node_modules/appium-xcuitest-driver/node_modules/appium-webdriveragent/WebDriverAgentRunner/UITestingUITests.m -o <host-path>/Library/Developer/Xcode/DerivedData/WebDriverAgent-gvnbbobaqwdgeeepwfrffrnyucio/Build/Intermediates.noindex/WebDriverAgent.build/Debug-iphonesimulator/WebDriverAgentRunner.build/Objects-normal/arm64/UITestingUITests.o
2026-09-29 08:08:39:133 [790e2ec9][Xcode] 
2026-09-29 08:08:39:133 [790e2ec9][Xcode] PrecompileModule <host-path>/Library/Developer/Xcode/DerivedData/WebDriverAgent-gvnbbobaqwdgeeepwfrffrnyucio/Build/Intermediates.noindex/ExplicitPrecompiledModules/DarwinFoundation-69B04D6TUPX71VV99ITD5PJI3.scan
2026-09-29 08:08:39:133 [790e2ec9][Xcode]     cd <host-path>/qualification/compatibility-smoke/harness/node_modules/appium-xcuitest-driver/node_modules/appium-webdriveragent
2026-09-29 08:08:39:133 [790e2ec9][Xcode]     builtin-precompileModule <host-path>/Library/Developer/Xcode/DerivedData/WebDriverAgent-gvnbbobaqwdgeeepwfrffrnyucio/Build/Intermediates.noindex/ExplicitPrecompiledModules/DarwinFoundation-69B04D6TUPX71VV99ITD5PJI3.scan
2026-09-29 08:08:39:133 [790e2ec9][Xcode] 
2026-09-29 08:08:39:133 [790e2ec9][Xcode] ScanDependencies Analyze <host-path>/qualification/compatibility-smoke/harness/node_modules/appium-xcuitest-driver/node_modules/appium-webdriveragent/WebDriverAgentLib/Utilities/NSPredicate+FBFormat.m normal arm64 (in target 'WebDriverAgentLib' from project 'WebDriverAgent')
2026-09-29 08:08:39:133 [790e2ec9][Xcode]     cd <host-path>/qualification/compatibility-smoke/harness/node_modules/appium-xcuitest-driver/node_modules/appium-webdriveragent
2026-09-29 08:08:39:134 [790e2ec9][Xcode]     
2026-09-29 08:08:39:134 [790e2ec9][Xcode]     Using response file: <host-path>/Library/Developer/Xcode/DerivedData/WebDriverAgent-gvnbbobaqwdgeeepwfrffrnyucio/Build/Intermediates.noindex/WebDriverAgent.build/Debug-iphonesimulator/WebDriverAgentLib.build/Objects-normal/arm64/22a6d426986e98cf1a8e0c880c6a22df-common-args.resp
2026-09-29 08:08:39:134 [790e2ec9][Xcode]     
2026-09-29 08:08:39:134 [790e2ec9][Xcode]     builtin-ScanDependencies -o <host-path>/Library/Developer/Xcode/DerivedData/WebDriverAgent-gvnbbobaqwdgeeepwfrffrnyucio/Build/Intermediates.noindex/WebDriverAgent.build/Debug-iphonesimulator/WebDriverAgentLib.build/StaticAnalyzer/WebDriverAgent/WebDriverAgentLib/normal/arm64/NSPredicate+FBFormat.plist.scan -- /Applications/Xcode_16.4.app/Contents/Developer/Toolchains/XcodeDefault.xctoolchain/usr/bin/clang -x objective-c -ivfsstatcache <host-path>/Library/Developer/Xcode/DerivedData/SDKStatCaches.noindex/iphonesimulator18.5-22F76-96ae0914227b19deccb34b33ba7b5dea.sdkstatcache -fmessage-length\=0 -fdiagnostics-show-note-include-stack -fmacro-backtrace-limit\=0 -fno-color-diagnostics -fmodules-prune-interval\=86400 -fmodules-prune-after\=345600 -fbuild-session-file\=<host-path>/Library/Developer/Xcode/DerivedData/ModuleCache.noindex/Session.modulevalidation -fmodules-validate-once-per-build-session -Wno-trigraphs -Wmissing-field-initializers -Wno-missing-prototypes -Werror\=return-type -Wunreachable-code -Wquoted-include-in-framework-header -Wno-implicit-atomic-properties -Werror\=deprecated-objc-isa-usage -Wno-objc-interface-ivars -Werror\=objc-root-class -Warc-repeated-use-of-weak -Wno-arc-maybe-repeated-use-of-weak -Wimplicit-retain-self -Wduplicate-method-match -Wno-missing-braces -Wparentheses -Wswitch -Wunused-function -Wno-unused-label -Wunused-parameter -Wunused-variable -Wunused-value -Wempty-body -Wuninitialized -Wconditional-uninitialized -Wno-unknown-pragmas -Wshadow -Wno-four-char-constants -Wconversion -Wconstant-conversion -Wint-conversion -Wbool-conversion -Wenum-conversion -Wfloat-conversion -Wnon-literal-null-conversion -Wobjc-literal-conversion -Wassign-enum -Wsign-compare -Wshorten-64-to-32 -Wpointer-sign -Wno-newline-eof -Wno-selector -Wno-strict-selector-match -Wundeclared-selector -Wdeprecated-implementations -Wno-implicit-fallthrough -fstrict-aliasing -Wprotocol -Wdeprecated-declarations -Wno-sign-conversion -Winfinite-recursion -Wcomma -Wblock-capture-autoreleasing -Wstrict-prototypes -Wno-semicolon-before-method-body -Weverything -Wno-objc-missing-property-synthesis -Wno-unused-macros -Wno-disabled-macro-expansion -Wno-gnu-statement-expression -Wno-language-extension-token -Wno-overriding-method-mismatch -Wno-missing-variable-declarations -Wno-auto-import -Wno-objc-interface-ivars -Wno-documentation-unknown-command -Wno-reserved-id-macro -Wno-unused-parameter -Wno-gnu-conditional-omitted-operand -Wno-explicit-ownership-type -Wno-date-time -Wno-cast-align -Wno-cstring-format-directive -Wno-double-promotion -Wno-partial-availability -Wno-declaration-after-statement -Wno-objc-messaging-id -Wno-direct-ivar-access -Wno-cast-qual -Wno-deprecated-declarations -Wno-reserved-identifier -Weverything -Wno-objc-missing-property-synthesis -Wno-unused-macros -Wno-disabled-macro-expansion -Wno-gnu-statement-expression -Wno-language-extension-token -Wno-overriding-method-mismatch -Wno-missing-variable-declarations -Wno-auto-import -Wno-objc-interface-ivars -Wno-documentation-unknown-command -Wno-reserved-id-macro -Wno-unused-parameter -Wno-gnu-conditional-omitted-operand -Wno-explicit-ownership-type -Wno-date-time -Wno-cast-align -Wno-cstring-format-directive -Wno-double-promotion -Wno-partial-availability -Wno-objc-messaging-id -Wno-direct-ivar-access -Wno-cast-qual -Wno-declaration-after-statement @<host-path>/Library/Developer/Xcode/DerivedData/WebDriverAgent-gvnbbobaqwdgeeepwfrffrnyucio/Build/Intermediates.noindex/WebDriverAgent.build/Debug-iphonesimulator/WebDriverAgentLib.build/Objects-normal/arm64/22a6d426986e98cf1a8e0c880c6a22df-common-args.resp -MMD -MT dependencies -MF <host-path>/Library/Developer/Xcode/DerivedData/WebDriverAgent-gvnbbobaqwdgeeepwfrffrnyucio/Build/Intermediates.noindex/WebDriverAgent.build/Debug-iphonesimulator/WebDriverAgentLib.build/StaticAnalyzer/WebDriverAgent/WebDriverAgentLib/normal/arm64/NSPredicate+FBFormat.d --analyze <host-path>/qualification/compatibility-smoke/harness/node_modules/appium-xcuitest-driver/node_modules/appium-webdriveragent/WebDriverAgentLib/Utilities/NSPredicate+FBFormat.m -o <host-path>/Library/Developer/Xcode/DerivedData/WebDriverAgent-gvnbbobaqwdgeeepwfrffrnyucio/Build/Intermediates.noindex/WebDriverAgent.build/Debug-iphonesimulator/WebDriverAgentLib.build/StaticAnalyzer/WebDriverAgent/WebDriverAgentLib/normal/arm64/NSPredicate+FBFormat.plist
2026-09-29 08:08:39:134 [790e2ec9][Xcode] 
2026-09-29 08:08:39:134 [790e2ec9][Xcode] PrecompileModule <host-path>/Library/Developer/Xcode/DerivedData/WebDriverAgent-gvnbbobaqwdgeeepwfrffrnyucio/Build/Intermediates.noindex/ExplicitPrecompiledModules/runetype-A81K0ZG32BEQBWBY2XY9VRYWG.scan
2026-09-29 08:08:39:134 [790e2ec9][Xcode]     cd <host-path>/qualification/compatibility-smoke/harness/node_modules/appium-xcuitest-driver/node_modules/appium-webdriveragent
2026-09-29 08:08:39:134 [790e2ec9][Xcode]     builtin-precompileModule <host-path>/Library/Developer/Xcode/DerivedData/WebDriverAgent-gvnbbobaqwdgeeepwfrffrnyucio/Build/Intermediates.noindex/ExplicitPrecompiledModules/runetype-A81K0ZG32BEQBWBY2XY9VRYWG.scan
2026-09-29 08:08:39:134 [790e2ec9][Xcode] 
2026-09-29 08:08:39:135 [790e2ec9][Xcode] PrecompileModule <host-path>/Library/Developer/Xcode/DerivedData/WebDriverAgent-gvnbbobaqwdgeeepwfrffrnyucio/Build/Intermediates.noindex/ExplicitPrecompiledModules/_assert-7MW7HTJHEN3U3H01CVBNFY6Y.scan
2026-09-29 08:08:39:135 [790e2ec9][Xcode]     cd <host-path>/qualification/compatibility-smoke/harness/node_modules/appium-xcuitest-driver/node_modules/appium-webdriveragent
2026-09-29 08:08:39:135 [790e2ec9][Xcode]     builtin-precompileModule <host-path>/Library/Developer/Xcode/DerivedData/WebDriverAgent-gvnbbobaqwdgeeepwfrffrnyucio/Build/Intermediates.noindex/ExplicitPrecompiledModules/_assert-7MW7HTJHEN3U3H01CVBNFY6Y.scan
2026-09-29 08:08:39:135 [790e2ec9][Xcode] 
2026-09-29 08:08:39:135 [790e2ec9][Xcode] PrecompileModule <host-path>/Library/Developer/Xcode/DerivedData/WebDriverAgent-gvnbbobaqwdgeeepwfrffrnyucio/Build/Intermediates.noindex/ExplicitPrecompiledModules/mach-65KIMGTMXR1C0BK9L8KARB2SW.scan
2026-09-29 08:08:39:135 [790e2ec9][Xcode]     cd <host-path>/qualification/compatibility-smoke/harness/node_modules/appium-xcuitest-driver/node_modules/appium-webdriveragent
2026-09-29 08:08:39:135 [790e2ec9][Xcode]     builtin-precompileModule <host-path>/Library/Developer/Xcode/DerivedData/WebDriverAgent-gvnbbobaqwdgeeepwfrffrnyucio/Build/Intermediates.noindex/ExplicitPrecompiledModules/mach-65KIMGTMXR1C0BK9L8KARB2SW.scan
2026-09-29 08:08:39:135 [790e2ec9][Xcode] 
2026-09-29 08:08:39:135 [790e2ec9][Xcode] PrecompileModule <host-path>/Library/Developer/Xcode/DerivedData/WebDriverAgent-gvnbbobaqwdgeeepwfrffrnyucio/Build/Intermediates.noindex/ExplicitPrecompiledModules/uuid-3BVCCBR3R03Q08PXNHFKXCTQN.scan
2026-09-29 08:08:39:135 [790e2ec9][Xcode]     cd <host-path>/qualification/compatibility-smoke/harness/node_modules/appium-xcuitest-driver/node_modules/appium-webdriveragent
2026-09-29 08:08:39:135 [790e2ec9][Xcode]     builtin-precompileModule <host-path>/Library/Developer/Xcode/DerivedData/WebDriverAgent-gvnbbobaqwdgeeepwfrffrnyucio/Build/Intermediates.noindex/ExplicitPrecompiledModules/uuid-3BVCCBR3R03Q08PXNHFKXCTQN.scan
2026-09-29 08:08:39:135 [790e2ec9][Xcode] 
2026-09-29 08:08:39:135 [790e2ec9][Xcode] PrecompileModule <host-path>/Library/Developer/Xcode/DerivedData/WebDriverAgent-gvnbbobaqwdgeeepwfrffrnyucio/Build/Intermediates.noindex/ExplicitPrecompiledModules/_stdint-651KMQ2KB4U43E5JHH5KI5WZA.scan
2026-09-29 08:08:39:137 [790e2ec9][Xcode]     cd <host-path>/qualification/compatibility-smoke/harness/node_modules/appium-xcuitest-driver/node_modules/appium-webdriveragent
2026-09-29 08:08:39:137 [790e2ec9][Xcode]     builtin-precompileModule <host-path>/Library/Developer/Xcode/DerivedData/WebDriverAgent-gvnbbobaqwdgeeepwfrffrnyucio/Build/Intermediates.noindex/ExplicitPrecompiledModules/_stdint-651KMQ2KB4U43E5JHH5KI5WZA.scan
2026-09-29 08:08:39:137 [790e2ec9][Xcode] 
2026-09-29 08:08:39:137 [790e2ec9][Xcode] PrecompileModule <host-path>/Library/Developer/Xcode/DerivedData/WebDriverAgent-gvnbbobaqwdgeeepwfrffrnyucio/Build/Intermediates.noindex/ExplicitPrecompiledModules/_setjmp-BRQSNYNKP6LUPAZUBO5RWDXOV.scan
2026-09-29 08:08:39:137 [790e2ec9][Xcode]     cd <host-path>/qualification/compatibility-smoke/harness/node_modules/appium-xcuitest-driver/node_modules/appium-webdriveragent
2026-09-29 08:08:39:137 [790e2ec9][Xcode]     builtin-precompileModule <host-path>/Library/Developer/Xcode/DerivedData/WebDriverAgent-gvnbbobaqwdgeeepwfrffrnyucio/Build/Intermediates.noindex/ExplicitPrecompiledModules/_setjmp-BRQSNYNKP6LUPAZUBO5RWDXOV.scan
2026-09-29 08:08:39:137 [790e2ec9][Xcode] 
2026-09-29 08:08:39:137 [790e2ec9][Xcode] PrecompileModule <host-path>/Library/Developer/Xcode/DerivedData/WebDriverAgent-gvnbbobaqwdgeeepwfrffrnyucio/Build/Intermediates.noindex/ExplicitPrecompiledModules/_Builtin_stdint-6TPPG9ZB7OVHHWMW2CETGAOZ6.scan
2026-09-29 08:08:39:137 [790e2ec9][Xcode]     cd <host-path>/qualification/compatibility-smoke/harness/node_modules/appium-xcuitest-driver/node_modules/appium-webdriveragent
2026-09-29 08:08:39:137 [790e2ec9][Xcode]     builtin-precompileModule <host-path>/Library/Developer/Xcode/DerivedData/WebDriverAgent-gvnbbobaqwdgeeepwfrffrnyucio/Build/Intermediates.noindex/ExplicitPrecompiledModules/_Builtin_stdint-6TPPG9ZB7OVHHWMW2CETGAOZ6.scan
2026-09-29 08:08:39:137 [790e2ec9][Xcode] 
2026-09-29 08:08:39:137 [790e2ec9][Xcode] PrecompileModule <host-path>/Library/Developer/Xcode/DerivedData/WebDriverAgent-gvnbbobaqwdgeeepwfrffrnyucio/Build/Intermediates.noindex/ExplicitPrecompiledModules/sys_time-F3DI8GL2SNKIOHDWNC9504IHR.scan
2026-09-29 08:08:39:137 [790e2ec9][Xcode]     cd <host-path>/qualification/compatibility-smoke/harness/node_modules/appium-xcuitest-driver/node_modules/appium-webdriveragent
2026-09-29 08:08:39:137 [790e2ec9][Xcode]     builtin-precompileModule <host-path>/Library/Developer/Xcode/DerivedData/WebDriverAgent-gvnbbobaqwdgeeepwfrffrnyucio/Build/Intermediates.noindex/ExplicitPrecompiledModules/sys_time-F3DI8GL2SNKIOHDWNC9504IHR.scan
2026-09-29 08:08:39:137 [790e2ec9][Xcode] 
2026-09-29 08:08:39:137 [790e2ec9][Xcode] PrecompileModule <host-path>/Library/Developer/Xcode/DerivedData/WebDriverAgent-gvnbbobaqwdgeeepwfrffrnyucio/Build/Intermediates.noindex/ExplicitPrecompiledModules/_Builtin_stdatomic-IVH7LOG3ALPJ9ZGRT7J0MY4H.scan
2026-09-29 08:08:39:137 [790e2ec9][Xcode]     cd <host-path>/qualification/compatibility-smoke/harness/node_modules/appium-xcuitest-driver/node_modules/appium-webdriveragent
2026-09-29 08:08:39:137 [790e2ec9][Xcode]     builtin-precompileModule <host-path>/Library/Developer/Xcode/DerivedData/WebDriverAgent-gvnbbobaqwdgeeepwfrffrnyucio/Build/Intermediates.noindex/ExplicitPrecompiledModules/_Builtin_stdatomic-IVH7LOG3ALPJ9ZGRT7J0MY4H.scan
2026-09-29 08:08:39:137 [790e2ec9][Xcode] 
2026-09-29 08:08:39:137 [790e2ec9][Xcode] PrecompileModule <host-path>/Library/Developer/Xcode/DerivedData/WebDriverAgent-gvnbbobaqwdgeeepwfrffrnyucio/Build/Intermediates.noindex/ExplicitPrecompiledModules/_sys_select-K6U1M2G0YY9VVI3Q4KDBM2L7.scan
2026-09-29 08:08:39:137 [790e2ec9][Xcode]     cd <host-path>/qualification/compatibility-smoke/harness/node_modules/appium-xcuitest-driver/node_modules/appium-webdriveragent
2026-09-29 08:08:39:137 [790e2ec9][Xcode]     builtin-precompileModule <host-path>/Library/Developer/Xcode/DerivedData/WebDriverAgent-gvnbbobaqwdgeeepwfrffrnyucio/Build/Intermediates.noindex/ExplicitPrecompiledModules/_sys_select-K6U1M2G0YY9VVI3Q4KDBM2L7.scan
2026-09-29 08:08:39:137 [790e2ec9][Xcode] 
2026-09-29 08:08:39:137 [790e2ec9][Xcode] PrecompileModule <host-path>/Library/Developer/Xcode/DerivedData/WebDriverAgent-gvnbbobaqwdgeeepwfrffrnyucio/Build/Intermediates.noindex/ExplicitPrecompiledModules/_useconds_t-1FGEUV0378LWREDSTWNPLBOGX.scan
2026-09-29 08:08:39:137 [790e2ec9][Xcode]     cd <host-path>/qualification/compatibility-smoke/harness/node_modules/appium-xcuitest-driver/node_modules/appium-webdriveragent
2026-09-29 08:08:39:137 [790e2ec9][Xcode]     builtin-precompileModule <host-path>/Library/Developer/Xcode/DerivedData/WebDriverAgent-gvnbbobaqwdgeeepwfrffrnyucio/Build/Intermediates.noindex/ExplicitPrecompiledModules/_useconds_t-1FGEUV0378LWREDSTWNPLBOGX.scan
2026-09-29 08:08:39:137 [790e2ec9][Xcode] 
2026-09-29 08:08:39:137 [790e2ec9][Xcode] PrecompileModule <host-path>/Library/Developer/Xcode/DerivedData/WebDriverAgent-gvnbbobaqwdgeeepwfrffrnyucio/Build/Intermediates.noindex/ExplicitPrecompiledModules/_locale-EM0WYGCTS048RD6TVX56AEYYR.scan
2026-09-29 08:08:39:138 [790e2ec9][Xcode]     cd <host-path>/qualification/compatibility-smoke/harness/node_modules/appium-xcuitest-driver/node_modules/appium-webdriveragent
2026-09-29 08:08:39:138 [790e2ec9][Xcode]     builtin-precompileModule <host-path>/Library/Developer/Xcode/DerivedData/WebDriverAgent-gvnbbobaqwdgeeepwfrffrnyucio/Build/Intermediates.noindex/ExplicitPrecompiledModules/_locale-EM0WYGCTS048RD6TVX56AEYYR.scan
2026-09-29 08:08:39:138 [790e2ec9][Xcode] 
2026-09-29 08:08:39:138 [790e2ec9][Xcode] PrecompileModule <host-path>/Library/Developer/Xcode/DerivedData/WebDriverAgent-gvnbbobaqwdgeeepwfrffrnyucio/Build/Intermediates.noindex/ExplicitPrecompiledModules/alloca-37M2ZYYW2JMIRN3LN84USX1JW.scan
2026-09-29 08:08:39:138 [790e2ec9][Xcode]     cd <host-path>/qualification/compatibility-smoke/harness/node_modules/appium-xcuitest-driver/node_modules/appium-webdriveragent
2026-09-29 08:08:39:138 [790e2ec9][Xcode]     builtin-precompileModule <host-path>/Library/Developer/Xcode/DerivedData/WebDriverAgent-gvnbbobaqwdgeeepwfrffrnyucio/Build/Intermediates.noindex/ExplicitPrecompiledModules/alloca-37M2ZYYW2JMIRN3LN84USX1JW.scan
2026-09-29 08:08:39:138 [790e2ec9][Xcode] 
2026-09-29 08:08:39:138 [790e2ec9][Xcode] PrecompileModule <host-path>/Library/Developer/Xcode/DerivedData/WebDriverAgent-gvnbbobaqwdgeeepwfrffrnyucio/Build/Intermediates.noindex/ExplicitPrecompiledModules/xlocale-D8NOZHJ3CUVXDKZ9AGMF4F80N.scan
2026-09-29 08:08:39:138 [790e2ec9][Xcode]     cd <host-path>/qualification/compatibility-smoke/harness/node_modules/appium-xcuitest-driver/node_modules/appium-webdriveragent
2026-09-29 08:08:39:138 [790e2ec9][Xcode]     builtin-precompileModule <host-path>/Library/Developer/Xcode/DerivedData/WebDriverAgent-gvnbbobaqwdgeeepwfrffrnyucio/Build/Intermediates.noindex/ExplicitPrecompiledModules/xlocale-D8NOZHJ3CUVXDKZ9AGMF4F80N.scan
2026-09-29 08:08:39:138 [790e2ec9][Xcode] 
2026-09-29 08:08:39:138 [790e2ec9][Xcode] PrecompileModule <host-path>/Library/Developer/Xcode/DerivedData/WebDriverAgent-gvnbbobaqwdgeeepwfrffrnyucio/Build/Intermediates.noindex/ExplicitPrecompiledModules/_ctype-9U2GIHO1ZFPMKT33XQN60LWYA.scan
2026-09-29 08:08:39:138 [790e2ec9][Xcode]     cd <host-path>/qualification/compatibility-smoke/harness/node_modules/appium-xcuitest-driver/node_modules/appium-webdriveragent
2026-09-29 08:08:39:138 [790e2ec9][Xcode]     builtin-precompileModule <host-path>/Library/Developer/Xcode/DerivedData/WebDriverAgent-gvnbbobaqwdgeeepwfrffrnyucio/Build/Intermediates.noindex/ExplicitPrecompiledModules/_ctype-9U2GIHO1ZFPMKT33XQN60LWYA.scan
2026-09-29 08:08:39:138 [790e2ec9][Xcode] 
2026-09-29 08:08:39:138 [790e2ec9][Xcode] PrecompileModule <host-path>/Library/Developer/Xcode/DerivedData/WebDriverAgent-gvnbbobaqwdgeeepwfrffrnyucio/Build/Intermediates.noindex/ExplicitPrecompiledModules/_complex-6D3ZBPROG50ZV7LRFPLB1QSL.scan
2026-09-29 08:08:39:138 [790e2ec9][Xcode]     cd <host-path>/qualification/compatibility-smoke/harness/node_modules/appium-xcuitest-driver/node_modules/appium-webdriveragent
2026-09-29 08:08:39:178 [790e2ec9][Xcode]     builtin-precompileModule <host-path>/Library/Developer/Xcode/DerivedData/WebDriverAgent-gvnbbobaqwdgeeepwfrffrnyucio/Build/Intermediates.noindex/ExplicitPrecompiledModules/_complex-6D3ZBPROG50ZV7LRFPLB1QSL.scan
2026-09-29 08:08:39:180 [790e2ec9][Xcode] 
2026-09-29 08:08:39:209 [790e2ec9][Xcode] PrecompileModule <host-path>/Library/Developer/Xcode/DerivedData/WebDriverAgent-gvnbbobaqwdgeeepwfrffrnyucio/Build/Intermediates.noindex/ExplicitPrecompiledModules/__wctype-DVF7MSA89AUYYEKS7D7JCFWNN.scan
2026-09-29 08:08:39:218 [790e2ec9][Xcode]     cd <host-path>/qualification/compatibility-smoke/harness/node_modules/appium-xcuitest-driver/node_modules/appium-webdriveragent
2026-09-29 08:08:39:218 [790e2ec9][Xcode]     builtin-precompileModule <host-path>/Library/Developer/Xcode/DerivedData/WebDriverAgent-gvnbbobaqwdgeeepwfrffrnyucio/Build/Intermediates.noindex/ExplicitPrecompiledModules/__wctype-DVF7MSA89AUYYEKS7D7JCFWNN.scan
2026-09-29 08:08:39:219 [790e2ec9][Xcode] 
2026-09-29 08:08:39:219 [790e2ec9][Xcode] PrecompileModule <host-path>/Library/Developer/Xcode/DerivedData/WebDriverAgent-gvnbbobaqwdgeeepwfrffrnyucio/Build/Intermediates.noindex/ExplicitPrecompiledModules/netinet_in-EZ7PJYE1IVVPQ1S2RVG1MY9V.scan
2026-09-29 08:08:39:219 [790e2ec9][Xcode]     cd <host-path>/qualification/compatibility-smoke/harness/node_modules/appium-xcuitest-driver/node_modules/appium-webdriveragent
2026-09-29 08:08:39:219 [790e2ec9][Xcode]     builtin-precompileModule <host-path>/Library/Developer/Xcode/DerivedData/WebDriverAgent-gvnbbobaqwdgeeepwfrffrnyucio/Build/Intermediates.noindex/ExplicitPrecompiledModules/netinet_in-EZ7PJYE1IVVPQ1S2RVG1MY9V.scan
2026-09-29 08:08:39:255 [790e2ec9][Xcode] 
2026-09-29 08:08:39:256 [790e2ec9][Xcode] PrecompileModule <host-path>/Library/Developer/Xcode/DerivedData/WebDriverAgent-gvnbbobaqwdgeeepwfrffrnyucio/Build/Intermediates.noindex/ExplicitPrecompiledModules/_wctype-EKPTWRPZ2ILSTR43A1239Y4AO.scan
2026-09-29 08:08:39:256 [790e2ec9][Xcode]     cd <host-path>/qualification/compatibility-smoke/harness/node_modules/appium-xcuitest-driver/node_modules/appium-webdriveragent
2026-09-29 08:08:39:256 [790e2ec9][Xcode]     builtin-precompileModule <host-path>/Library/Developer/Xcode/DerivedData/WebDriverAgent-gvnbbobaqwdgeeepwfrffrnyucio/Build/Intermediates.noindex/ExplicitPrecompiledModules/_wctype-EKPTWRPZ2ILSTR43A1239Y4AO.scan
2026-09-29 08:08:39:256 [790e2ec9][Xcode] 
2026-09-29 08:08:39:256 [790e2ec9][Xcode] PrecompileModule <host-path>/Library/Developer/Xcode/DerivedData/WebDriverAgent-gvnbbobaqwdgeeepwfrffrnyucio/Build/Intermediates.noindex/ExplicitPrecompiledModules/_math-2CLVG0FG8YA3MNS3W5Z9GZGD5.scan
2026-09-29 08:08:39:256 [790e2ec9][Xcode]     cd <host-path>/qualification/compatibility-smoke/harness/node_modules/appium-xcuitest-driver/node_modules/appium-webdriveragent
2026-09-29 08:08:39:256 [790e2ec9][Xcode]     builtin-precompileModule <host-path>/Library/Developer/Xcode/DerivedData/WebDriverAgent-gvnbbobaqwdgeeepwfrffrnyucio/Build/Intermediates.noindex/ExplicitPrecompiledModules/_math-2CLVG0FG8YA3MNS3W5Z9GZGD5.scan
2026-09-29 08:08:39:256 [790e2ec9][Xcode] 
2026-09-29 08:08:39:256 [790e2ec9][Xcode] PrecompileModule <host-path>/Library/Developer/Xcode/DerivedData/WebDriverAgent-gvnbbobaqwdgeeepwfrffrnyucio/Build/Intermediates.noindex/ExplicitPrecompiledModules/_errno-6DD9880GVRW3NPRC7HP7HKWZX.scan
2026-09-29 08:08:39:257 [790e2ec9][Xcode]     cd <host-path>/qualification/compatibility-smoke/harness/node_modules/appium-xcuitest-driver/node_modules/appium-webdriveragent
2026-09-29 08:08:39:258 [790e2ec9][Xcode]     builtin-precompileModule <host-path>/Library/Developer/Xcode/DerivedData/WebDriverAgent-gvnbbobaqwdgeeepwfrffrnyucio/Build/Intermediates.noindex/ExplicitPrecompiledModules/_errno-6DD9880GVRW3NPRC7HP7HKWZX.scan
2026-09-29 08:08:39:258 [790e2ec9][Xcode] 
2026-09-29 08:08:39:258 [790e2ec9][Xcode] PrecompileModule <host-path>/Library/Developer/Xcode/DerivedData/WebDriverAgent-gvnbbobaqwdgeeepwfrffrnyucio/Build/Intermediates.noindex/ExplicitPrecompiledModules/_tgmath-3JVEIGHS86ANX083UGRJ4I6C2.scan
2026-09-29 08:08:39:258 [790e2ec9][Xcode]     cd <host-path>/qualification/compatibility-smoke/harness/node_modules/appium-xcuitest-driver/node_modules/appium-webdriveragent
2026-09-29 08:08:39:258 [790e2ec9][Xcode]     builtin-precompileModule <host-path>/Library/Developer/Xcode/DerivedData/WebDriverAgent-gvnbbobaqwdgeeepwfrffrnyucio/Build/Intermediates.noindex/ExplicitPrecompiledModules/_tgmath-3JVEIGHS86ANX083UGRJ4I6C2.scan
2026-09-29 08:08:39:258 [790e2ec9][Xcode] 
2026-09-29 08:08:39:258 [790e2ec9][Xcode] PrecompileModule <host-path>/Library/Developer/Xcode/DerivedData/WebDriverAgent-gvnbbobaqwdgeeepwfrffrnyucio/Build/Intermediates.noindex/ExplicitPrecompiledModules/_inttypes-3LQSXYPFPCNC53T1ZDUET7I1Z.scan
2026-09-29 08:08:39:258 [790e2ec9][Xcode]     cd <host-path>/qualification/compatibility-smoke/harness/node_modules/appium-xcuitest-driver/node_modules/appium-webdriveragent
2026-09-29 08:08:39:258 [790e2ec9][Xcode]     builtin-precompileModule <host-path>/Library/Developer/Xcode/DerivedData/WebDriverAgent-gvnbbobaqwdgeeepwfrffrnyucio/Build/Intermediates.noindex/ExplicitPrecompiledModules/_inttypes-3LQSXYPFPCNC53T1ZDUET7I1Z.scan
2026-09-29 08:08:39:258 [790e2ec9][Xcode] 
2026-09-29 08:08:39:258 [790e2ec9][Xcode] PrecompileModule <host-path>/Library/Developer/Xcode/DerivedData/WebDriverAgent-gvnbbobaqwdgeeepwfrffrnyucio/Build/Intermediates.noindex/ExplicitPrecompiledModules/_Builtin_tgmath-EEPVWVY86VPC1L3OK59CE6EFG.scan
2026-09-29 08:08:39:258 [790e2ec9][Xcode]     cd <host-path>/qualification/compatibility-smoke/harness/node_modules/appium-xcuitest-driver/node_modules/appium-webdriveragent
2026-09-29 08:08:39:258 [790e2ec9][Xcode]     builtin-precompileModule <host-path>/Library/Developer/Xcode/DerivedData/WebDriverAgent-gvnbbobaqwdgeeepwfrffrnyucio/Build/Intermediates.noindex/ExplicitPrecompiledModules/_Builtin_tgmath-EEPVWVY86VPC1L3OK59CE6EFG.scan
2026-09-29 08:08:39:258 [790e2ec9][Xcode] 
2026-09-29 08:08:39:258 [790e2ec9][Xcode] PrecompileModule <host-path>/Library/Developer/Xcode/DerivedData/WebDriverAgent-gvnbbobaqwdgeeepwfrffrnyucio/Build/Intermediates.noindex/ExplicitPrecompiledModules/sys_types-2KVMCXEFKHOZK3RG2WXYB3EYV.scan
2026-09-29 08:08:39:258 [790e2ec9][Xcode]     cd <host-path>/qualification/compatibility-smoke/harness/node_modules/appium-xcuitest-driver/node_modules/appium-webdriveragent
2026-09-29 08:08:39:258 [790e2ec9][Xcode]     builtin-precompileModule <host-path>/Library/Developer/Xcode/DerivedData/WebDriverAgent-gvnbbobaqwdgeeepwfrffrnyucio/Build/Intermediates.noindex/ExplicitPrecompiledModules/sys_types-2KVMCXEFKHOZK3RG2WXYB3EYV.scan
2026-09-29 08:08:39:258 [790e2ec9][Xcode] 
2026-09-29 08:08:39:260 [790e2ec9][Xcode] PrecompileModule <host-path>/Library/Developer/Xcode/DerivedData/WebDriverAgent-gvnbbobaqwdgeeepwfrffrnyucio/Build/Intermediates.noindex/ExplicitPrecompiledModules/_strings-1WT5798ECLM776BVDIE5WKE4W.scan
2026-09-29 08:08:39:331 [790e2ec9][Xcode]     cd <host-path>/qualification/compatibility-smoke/harness/node_modules/appium-xcuitest-driver/node_modules/appium-webdriveragent
2026-09-29 08:08:39:333 [790e2ec9][Xcode]     builtin-precompileModule <host-path>/Library/Developer/Xcode/DerivedData/WebDriverAgent-gvnbbobaqwdgeeepwfrffrnyucio/Build/Intermediates.noindex/ExplicitPrecompiledModules/_strings-1WT5798ECLM776BVDIE5WKE4W.scan
2026-09-29 08:08:39:337 [790e2ec9][Xcode] 
2026-09-29 08:08:39:341 [790e2ec9][Xcode] PrecompileModule <host-path>/Library/Developer/Xcode/DerivedData/WebDriverAgent-gvnbbobaqwdgeeepwfrffrnyucio/Build/Intermediates.noindex/ExplicitPrecompiledModules/_limits-DRRY8H2XXP3804MHJCWC6BX1X.scan
2026-09-29 08:08:39:344 [790e2ec9][Xcode]     cd <host-path>/qualification/compatibility-smoke/harness/node_modules/appium-xcuitest-driver/node_modules/appium-webdriveragent
2026-09-29 08:08:39:345 [790e2ec9][Xcode]     builtin-precompileModule <host-path>/Library/Developer/Xcode/DerivedData/WebDriverAgent-gvnbbobaqwdgeeepwfrffrnyucio/Build/Intermediates.noindex/ExplicitPrecompiledModules/_limits-DRRY8H2XXP3804MHJCWC6BX1X.scan
2026-09-29 08:08:39:345 [790e2ec9][Xcode] 
2026-09-29 08:08:39:431 [790e2ec9][Xcode] PrecompileModule <host-path>/Library/Developer/Xcode/DerivedData/WebDriverAgent-gvnbbobaqwdgeeepwfrffrnyucio/Build/Intermediates.noindex/ExplicitPrecompiledModules/_float-E926GCMXOKPCJF92IEECO8PG.scan
2026-09-29 08:08:39:431 [790e2ec9][Xcode]     cd <host-path>/qualification/compatibility-smoke/harness/node_modules/appium-xcuitest-driver/node_modules/appium-webdriveragent
2026-09-29 08:08:39:431 [790e2ec9][Xcode]     builtin-precompileModule <host-path>/Library/Developer/Xcode/DerivedData/WebDriverAgent-gvnbbobaqwdgeeepwfrffrnyucio/Build/Intermediates.noindex/ExplicitPrecompiledModules/_float-E926GCMXOKPCJF92IEECO8PG.scan
2026-09-29 08:08:39:431 [790e2ec9][Xcode] 
2026-09-29 08:08:39:431 [790e2ec9][Xcode] PrecompileModule <host-path>/Library/Developer/Xcode/DerivedData/WebDriverAgent-gvnbbobaqwdgeeepwfrffrnyucio/Build/Intermediates.noindex/ExplicitPrecompiledModules/nl_types-3FXVYROVTBUGP831G74HZUFK5.scan
2026-09-29 08:08:39:431 [790e2ec9][Xcode]     cd <host-path>/qualification/compatibility-smoke/harness/node_modules/appium-xcuitest-driver/node_modules/appium-webdriveragent
2026-09-29 08:08:39:431 [790e2ec9][Xcode]     builtin-precompileModule <host-path>/Library/Developer/Xcode/DerivedData/WebDriverAgent-gvnbbobaqwdgeeepwfrffrnyucio/Build/Intermediates.noindex/ExplicitPrecompiledModules/nl_types-3FXVYROVTBUGP831G74HZUFK5.scan
2026-09-29 08:08:39:431 [790e2ec9][Xcode] 
2026-09-29 08:08:39:431 [790e2ec9][Xcode] PrecompileModule <host-path>/Library/Developer/Xcode/DerivedData/WebDriverAgent-gvnbbobaqwdgeeepwfrffrnyucio/Build/Intermediates.noindex/ExplicitPrecompiledModules/_Builtin_limits-41WDWQJZ49N1KBXCX7KU929TX.scan
2026-09-29 08:08:39:431 [790e2ec9][Xcode]     cd <host-path>/qualification/compatibility-smoke/harness/node_modules/appium-xcuitest-driver/node_modules/appium-webdriveragent
2026-09-29 08:08:39:431 [790e2ec9][Xcode]     builtin-precompileModule <host-path>/Library/Developer/Xcode/DerivedData/WebDriverAgent-gvnbbobaqwdgeeepwfrffrnyucio/Build/Intermediates.noindex/ExplicitPrecompiledModules/_Builtin_limits-41WDWQJZ49N1KBXCX7KU929TX.scan
2026-09-29 08:08:39:431 [790e2ec9][Xcode] 
2026-09-29 08:08:39:431 [790e2ec9][Xcode] PrecompileModule <host-path>/Library/Developer/Xcode/DerivedData/WebDriverAgent-gvnbbobaqwdgeeepwfrffrnyucio/Build/Intermediates.noindex/ExplicitPrecompiledModules/_fenv-7Y0W5YS4I1L3D8HBZYW4JPJQ9.scan
2026-09-29 08:08:39:431 [790e2ec9][Xcode]     cd <host-path>/qualification/compatibility-smoke/harness/node_modules/appium-xcuitest-driver/node_modules/appium-webdriveragent
2026-09-29 08:08:39:432 [790e2ec9][Xcode]     builtin-precompileModule <host-path>/Library/Developer/Xcode/DerivedData/WebDriverAgent-gvnbbobaqwdgeeepwfrffrnyucio/Build/Intermediates.noindex/ExplicitPrecompiledModules/_fenv-7Y0W5YS4I1L3D8HBZYW4JPJQ9.scan
2026-09-29 08:08:39:432 [790e2ec9][Xcode] 
2026-09-29 08:08:39:464 [790e2ec9][Xcode] PrecompileModule <host-path>/Library/Developer/Xcode/DerivedData/WebDriverAgent-gvnbbobaqwdgeeepwfrffrnyucio/Build/Intermediates.noindex/ExplicitPrecompiledModules/_Builtin_float-62N4KI4RNX2FRH2NKLZSPG2R6.scan
2026-09-29 08:08:39:464 [790e2ec9][Xcode]     cd <host-path>/qualification/compatibility-smoke/harness/node_modules/appium-xcuitest-driver/node_modules/appium-webdriveragent
2026-09-29 08:08:39:474 [790e2ec9][Xcode]     builtin-precompileModule <host-path>/Library/Developer/Xcode/DerivedData/WebDriverAgent-gvnbbobaqwdgeeepwfrffrnyucio/Build/Intermediates.noindex/ExplicitPrecompiledModules/_Builtin_float-62N4KI4RNX2FRH2NKLZSPG2R6.scan
2026-09-29 08:08:39:474 [790e2ec9][Xcode] 
2026-09-29 08:08:39:474 [790e2ec9][Xcode] PrecompileModule <host-path>/Library/Developer/Xcode/DerivedData/WebDriverAgent-gvnbbobaqwdgeeepwfrffrnyucio/Build/Intermediates.noindex/ExplicitPrecompiledModules/_stdio-5JCIO47OV4EETU4L51CRL429W.scan
2026-09-29 08:08:39:474 [790e2ec9][Xcode]     cd <host-path>/qualification/compatibility-smoke/harness/node_modules/appium-xcuitest-driver/node_modules/appium-webdriveragent
2026-09-29 08:08:39:474 [790e2ec9][Xcode]     builtin-precompileModule <host-path>/Library/Developer/Xcode/DerivedData/WebDriverAgent-gvnbbobaqwdgeeepwfrffrnyucio/Build/Intermediates.noindex/ExplicitPrecompiledModules/_stdio-5JCIO47OV4EETU4L51CRL429W.scan
2026-09-29 08:08:39:474 [790e2ec9][Xcode] 
2026-09-29 08:08:39:474 [790e2ec9][Xcode] PrecompileModule <host-path>/Library/Developer/Xcode/DerivedData/WebDriverAgent-gvnbbobaqwdgeeepwfrffrnyucio/Build/Intermediates.noindex/ExplicitPrecompiledModules/_Builtin_stdbool-2MCE9GI5QRPVCYXDOG80VGNLA.scan
2026-09-29 08:08:39:474 [790e2ec9][Xcode]     cd <host-path>/qualification/compatibility-smoke/harness/node_modules/appium-xcuitest-driver/node_modules/appium-webdriveragent
2026-09-29 08:08:39:474 [790e2ec9][Xcode]     builtin-precompileModule <host-path>/Library/Developer/Xcode/DerivedData/WebDriverAgent-gvnbbobaqwdgeeepwfrffrnyucio/Build/Intermediates.noindex/ExplicitPrecompiledModules/_Builtin_stdbool-2MCE9GI5QRPVCYXDOG80VGNLA.scan
2026-09-29 08:08:39:474 [790e2ec9][Xcode] 
2026-09-29 08:08:39:474 [790e2ec9][Xcode] PrecompileModule <host-path>/Library/Developer/Xcode/DerivedData/WebDriverAgent-gvnbbobaqwdgeeepwfrffrnyucio/Build/Intermediates.noindex/ExplicitPrecompiledModules/_Builtin_iso646-47A20UI0OXIJQ8RDOJ9J8U52T.scan
2026-09-29 08:08:39:475 [790e2ec9][Xcode]     cd <host-path>/qualification/compatibility-smoke/harness/node_modules/appium-xcuitest-driver/node_modules/appium-webdriveragent
2026-09-29 08:08:39:475 [790e2ec9][Xcode]     builtin-precompileModule <host-path>/Library/Developer/Xcode/DerivedData/WebDriverAgent-gvnbbobaqwdgeeepwfrffrnyucio/Build/Intermediates.noindex/ExplicitPrecompiledModules/_Builtin_iso646-47A20UI0OXIJQ8RDOJ9J8U52T.scan
2026-09-29 08:08:39:475 [790e2ec9][Xcode] 
2026-09-29 08:08:39:477 [790e2ec9][Xcode] PrecompileModule <host-path>/Library/Developer/Xcode/DerivedData/WebDriverAgent-gvnbbobaqwdgeeepwfrffrnyucio/Build/Intermediates.noindex/ExplicitPrecompiledModules/ptrcheck-597O7BDKXHHD2EB2RT6GPV7V6.scan
2026-09-29 08:08:39:477 [790e2ec9][Xcode]     cd <host-path>/qualification/compatibility-smoke/harness/node_modules/appium-xcuitest-driver/node_modules/appium-webdriveragent
2026-09-29 08:08:39:477 [790e2ec9][Xcode]     builtin-precompileModule <host-path>/Library/Developer/Xcode/DerivedData/WebDriverAgent-gvnbbobaqwdgeeepwfrffrnyucio/Build/Intermediates.noindex/ExplicitPrecompiledModules/ptrcheck-597O7BDKXHHD2EB2RT6GPV7V6.scan
2026-09-29 08:08:39:504 [790e2ec9][Xcode] 
2026-09-29 08:08:39:505 [790e2ec9][Xcode] PrecompileModule <host-path>/Library/Developer/Xcode/DerivedData/WebDriverAgent-gvnbbobaqwdgeeepwfrffrnyucio/Build/Intermediates.noindex/ExplicitPrecompiledModules/_Builtin_stddef-EZSD1QWEZ9P7NKM92F8Q2QV17.scan
2026-09-29 08:08:39:505 [790e2ec9][Xcode]     cd <host-path>/qualification/compatibility-smoke/harness/node_modules/appium-xcuitest-driver/node_modules/appium-webdriveragent
2026-09-29 08:08:39:506 [790e2ec9][Xcode]     builtin-precompileModule <host-path>/Library/Developer/Xcode/DerivedData/WebDriverAgent-gvnbbobaqwdgeeepwfrffrnyucio/Build/Intermediates.noindex/ExplicitPrecompiledModules/_Builtin_stddef-EZSD1QWEZ9P7NKM92F8Q2QV17.scan
2026-09-29 08:08:39:506 [790e2ec9][Xcode] 
2026-09-29 08:08:39:506 [790e2ec9][Xcode] PrecompileModule <host-path>/Library/Developer/Xcode/DerivedData/WebDriverAgent-gvnbbobaqwdgeeepwfrffrnyucio/Build/Intermediates.noindex/ExplicitPrecompiledModules/TargetConditionals-6M7FYY8AW13S148ZRSIAWUQNS.scan
2026-09-29 08:08:39:558 [790e2ec9][Xcode]     cd <host-path>/qualification/compatibility-smoke/harness/node_modules/appium-xcuitest-driver/node_modules/appium-webdriveragent
2026-09-29 08:08:39:604 [790e2ec9][Xcode]     builtin-precompileModule <host-path>/Library/Developer/Xcode/DerivedData/WebDriverAgent-gvnbbobaqwdgeeepwfrffrnyucio/Build/Intermediates.noindex/ExplicitPrecompiledModules/TargetConditionals-6M7FYY8AW13S148ZRSIAWUQNS.scan
2026-09-29 08:08:39:610 [790e2ec9][Xcode] 
2026-09-29 08:08:39:612 [790e2ec9][Xcode] PrecompileModule <host-path>/Library/Developer/Xcode/DerivedData/WebDriverAgent-gvnbbobaqwdgeeepwfrffrnyucio/Build/Intermediates.noindex/ExplicitPrecompiledModules/_Builtin_stdarg-8IE015N2IASIR7ABIK0B7N190.scan
2026-09-29 08:08:39:613 [790e2ec9][Xcode]     cd <host-path>/qualification/compatibility-smoke/harness/node_modules/appium-xcuitest-driver/node_modules/appium-webdriveragent
2026-09-29 08:08:39:613 [790e2ec9][Xcode]     builtin-precompileModule <host-path>/Library/Developer/Xcode/DerivedData/WebDriverAgent-gvnbbobaqwdgeeepwfrffrnyucio/Build/Intermediates.noindex/ExplicitPrecompiledModules/_Builtin_stdarg-8IE015N2IASIR7ABIK0B7N190.scan
2026-09-29 08:08:39:639 [790e2ec9][Xcode] 
2026-09-29 08:08:39:641 [790e2ec9][Xcode] PrecompileModule <host-path>/Library/Developer/Xcode/DerivedData/WebDriverAgent-gvnbbobaqwdgeeepwfrffrnyucio/Build/Intermediates.noindex/ExplicitPrecompiledModules/sys_resource-3DRIIQS8B0LVLJPLS69X64JW3.scan
2026-09-29 08:08:39:652 [790e2ec9][Xcode]     cd <host-path>/qualification/compatibility-smoke/harness/node_modules/appium-xcuitest-driver/node_modules/appium-webdriveragent
2026-09-29 08:08:39:686 [790e2ec9][Xcode]     builtin-precompileModule <host-path>/Library/Developer/Xcode/DerivedData/WebDriverAgent-gvnbbobaqwdgeeepwfrffrnyucio/Build/Intermediates.noindex/ExplicitPrecompiledModules/sys_resource-3DRIIQS8B0LVLJPLS69X64JW3.scan
2026-09-29 08:08:39:722 [790e2ec9][Xcode] 
2026-09-29 08:08:39:774 [790e2ec9][Xcode] PrecompileModule <host-path>/Library/Developer/Xcode/DerivedData/WebDriverAgent-gvnbbobaqwdgeeepwfrffrnyucio/Build/Intermediates.noindex/ExplicitPrecompiledModules/ptrauth-3P035WKNQOKKT8HYQ1WSXCBZY.scan
2026-09-29 08:08:39:774 [790e2ec9][Xcode]     cd <host-path>/qualification/compatibility-smoke/harness/node_modules/appium-xcuitest-driver/node_modules/appium-webdriveragent
2026-09-29 08:08:39:775 [790e2ec9][Xcode]     builtin-precompileModule <host-path>/Library/Developer/Xcode/DerivedData/WebDriverAgent-gvnbbobaqwdgeeepwfrffrnyucio/Build/Intermediates.noindex/ExplicitPrecompiledModules/ptrauth-3P035WKNQOKKT8HYQ1WSXCBZY.scan
2026-09-29 08:08:39:775 [790e2ec9][Xcode] 
2026-09-29 08:08:39:775 [790e2ec9][Xcode] PrecompileModule <host-path>/Library/Developer/Xcode/DerivedData/WebDriverAgent-gvnbbobaqwdgeeepwfrffrnyucio/Build/Intermediates.noindex/ExplicitPrecompiledModules/_string-18V0WG4IRR5X3GYYFF5SWT01U.scan
2026-09-29 08:08:39:775 [790e2ec9][Xcode]     cd <host-path>/qualification/compatibility-smoke/harness/node_modules/appium-xcuitest-driver/node_modules/appium-webdriveragent
2026-09-29 08:08:39:775 [790e2ec9][Xcode]     builtin-precompileModule <host-path>/Library/Developer/Xcode/DerivedData/WebDriverAgent-gvnbbobaqwdgeeepwfrffrnyucio/Build/Intermediates.noindex/ExplicitPrecompiledModules/_string-18V0WG4IRR5X3GYYFF5SWT01U.scan
2026-09-29 08:08:39:775 [790e2ec9][Xcode] 
2026-09-29 08:08:39:775 [790e2ec9][Xcode] PrecompileModule <host-path>/Library/Developer/Xcode/DerivedData/WebDriverAgent-gvnbbobaqwdgeeepwfrffrnyucio/Build/Intermediates.noindex/ExplicitPrecompiledModules/_signal-BD1NMI1A3WIDSH2P1UOAQOJ46.scan
2026-09-29 08:08:39:775 [790e2ec9][Xcode]     cd <host-path>/qualification/compatibility-smoke/harness/node_modules/appium-xcuitest-driver/node_modules/appium-webdriveragent
2026-09-29 08:08:39:775 [790e2ec9][Xcode]     builtin-precompileModule <host-path>/Library/Developer/Xcode/DerivedData/WebDriverAgent-gvnbbobaqwdgeeepwfrffrnyucio/Build/Intermediates.noindex/ExplicitPrecompiledModules/_signal-BD1NMI1A3WIDSH2P1UOAQOJ46.scan
2026-09-29 08:08:39:775 [790e2ec9][Xcode] 
2026-09-29 08:08:39:775 [790e2ec9][Xcode] PrecompileModule <host-path>/Library/Developer/Xcode/DerivedData/WebDriverAgent-gvnbbobaqwdgeeepwfrffrnyucio/Build/Intermediates.noindex/ExplicitPrecompiledModules/_Builtin_inttypes-9N9QWO5JD9EIQSSBHST4T6WNQ.scan
2026-09-29 08:08:39:775 [790e2ec9][Xcode]     cd <host-path>/qualification/compatibility-smoke/harness/node_modules/appium-xcuitest-driver/node_modules/appium-webdriveragent
2026-09-29 08:08:39:775 [790e2ec9][Xcode]     builtin-precompileModule <host-path>/Library/Developer/Xcode/DerivedData/WebDriverAgent-gvnbbobaqwdgeeepwfrffrnyucio/Build/Intermediates.noindex/ExplicitPrecompiledModules/_Builtin_inttypes-9N9QWO5JD9EIQSSBHST4T6WNQ.scan
2026-09-29 08:08:39:775 [790e2ec9][Xcode] 
2026-09-29 08:08:39:775 [790e2ec9][Xcode] PrecompileModule <host-path>/Library/Developer/Xcode/DerivedData/WebDriverAgent-gvnbbobaqwdgeeepwfrffrnyucio/Build/Intermediates.noindex/ExplicitPrecompiledModules/_time-25VEUGC6VUJGXAO1Y4A39EZVV.scan
2026-09-29 08:08:39:775 [790e2ec9][Xcode]     cd <host-path>/qualification/compatibility-smoke/harness/node_modules/appium-xcuitest-driver/node_modules/appium-webdriveragent
2026-09-29 08:08:39:775 [790e2ec9][Xcode]     builtin-precompileModule <host-path>/Library/Developer/Xcode/DerivedData/WebDriverAgent-gvnbbobaqwdgeeepwfrffrnyucio/Build/Intermediates.noindex/ExplicitPrecompiledModules/_time-25VEUGC6VUJGXAO1Y4A39EZVV.scan
2026-09-29 08:08:39:775 [790e2ec9][Xcode] 
2026-09-29 08:08:39:777 [790e2ec9][XCUITestDriver@b322] Matched '/status' to command name 'getStatus'
2026-09-29 08:08:39:778 [790e2ec9][XCUITestDriver@b322] Proxying [GET /status] to [GET http://127.0.0.1:8100/status] with no body
2026-09-29 08:08:39:780 [790e2ec9][Xcode] PrecompileModule <host-path>/Library/Developer/Xcode/DerivedData/WebDriverAgent-gvnbbobaqwdgeeepwfrffrnyucio/Build/Intermediates.noindex/ExplicitPrecompiledModules/os_availability_internal-4MSK4H6LVDCUAJISY6G6FBEM7.scan
2026-09-29 08:08:39:810 [790e2ec9][Xcode]     cd <host-path>/qualification/compatibility-smoke/harness/node_modules/appium-xcuitest-driver/node_modules/appium-webdriveragent
2026-09-29 08:08:39:810 [790e2ec9][Xcode]     builtin-precompileModule <host-path>/Library/Developer/Xcode/DerivedData/WebDriverAgent-gvnbbobaqwdgeeepwfrffrnyucio/Build/Intermediates.noindex/ExplicitPrecompiledModules/os_availability_internal-4MSK4H6LVDCUAJISY6G6FBEM7.scan
2026-09-29 08:08:39:810 [790e2ec9][Xcode] 
2026-09-29 08:08:39:810 [790e2ec9][Xcode] PrecompileModule <host-path>/Library/Developer/Xcode/DerivedData/WebDriverAgent-gvnbbobaqwdgeeepwfrffrnyucio/Build/Intermediates.noindex/ExplicitPrecompiledModules/sys_wait-8UJE4TRNVADD4VZGKGGHQQ1JK.scan
2026-09-29 08:08:39:810 [790e2ec9][Xcode]     cd <host-path>/qualification/compatibility-smoke/harness/node_modules/appium-xcuitest-driver/node_modules/appium-webdriveragent
2026-09-29 08:08:39:810 [790e2ec9][Xcode]     builtin-precompileModule <host-path>/Library/Developer/Xcode/DerivedData/WebDriverAgent-gvnbbobaqwdgeeepwfrffrnyucio/Build/Intermediates.noindex/ExplicitPrecompiledModules/sys_wait-8UJE4TRNVADD4VZGKGGHQQ1JK.scan
2026-09-29 08:08:39:810 [790e2ec9][Xcode] 
2026-09-29 08:08:39:810 [790e2ec9][Xcode] PrecompileModule <host-path>/Library/Developer/Xcode/DerivedData/WebDriverAgent-gvnbbobaqwdgeeepwfrffrnyucio/Build/Intermediates.noindex/ExplicitPrecompiledModules/_wchar-ACCO8OECUAUFR5E0E2KS8GVX4.scan
2026-09-29 08:08:39:811 [790e2ec9][Xcode]     cd <host-path>/qualification/compatibility-smoke/harness/node_modules/appium-xcuitest-driver/node_modules/appium-webdriveragent
2026-09-29 08:08:39:811 [790e2ec9][Xcode]     builtin-precompileModule <host-path>/Library/Developer/Xcode/DerivedData/WebDriverAgent-gvnbbobaqwdgeeepwfrffrnyucio/Build/Intermediates.noindex/ExplicitPrecompiledModules/_wchar-ACCO8OECUAUFR5E0E2KS8GVX4.scan
2026-09-29 08:08:39:811 [790e2ec9][Xcode] 
2026-09-29 08:08:39:811 [790e2ec9][Xcode] PrecompileModule <host-path>/Library/Developer/Xcode/DerivedData/WebDriverAgent-gvnbbobaqwdgeeepwfrffrnyucio/Build/Intermediates.noindex/ExplicitPrecompiledModules/os_availability-7U3VBO4OQ752ZLT8HPSZT2P4J.scan
2026-09-29 08:08:39:811 [790e2ec9][Xcode]     cd <host-path>/qualification/compatibility-smoke/harness/node_modules/appium-xcuitest-driver/node_modules/appium-webdriveragent
2026-09-29 08:08:39:811 [790e2ec9][Xcode]     builtin-precompileModule <host-path>/Library/Developer/Xcode/DerivedData/WebDriverAgent-gvnbbobaqwdgeeepwfrffrnyucio/Build/Intermediates.noindex/ExplicitPrecompiledModules/os_availability-7U3VBO4OQ752ZLT8HPSZT2P4J.scan
2026-09-29 08:08:39:811 [790e2ec9][Xcode] 
2026-09-29 08:08:39:811 [790e2ec9][Xcode] PrecompileModule <host-path>/Library/Developer/Xcode/DerivedData/WebDriverAgent-gvnbbobaqwdgeeepwfrffrnyucio/Build/Intermediates.noindex/ExplicitPrecompiledModules/_stdlib-7WCD2KIY3VJINRXQVFAIOWZEU.scan
2026-09-29 08:08:39:812 [790e2ec9][Xcode]     cd <host-path>/qualification/compatibility-smoke/harness/node_modules/appium-xcuitest-driver/node_modules/appium-webdriveragent
2026-09-29 08:08:39:812 [790e2ec9][Xcode]     builtin-precompileModule <host-path>/Library/Developer/Xcode/DerivedData/WebDriverAgent-gvnbbobaqwdgeeepwfrffrnyucio/Build/Intermediates.noindex/ExplicitPrecompiledModules/_stdlib-7WCD2KIY3VJINRXQVFAIOWZEU.scan
2026-09-29 08:08:39:812 [790e2ec9][Xcode] 
2026-09-29 08:08:39:812 [790e2ec9][Xcode] PrecompileModule <host-path>/Library/Developer/Xcode/DerivedData/WebDriverAgent-gvnbbobaqwdgeeepwfrffrnyucio/Build/Intermediates.noindex/ExplicitPrecompiledModules/DarwinFoundation-56EIO41Z5BA53W1KCYPCD96E4.scan
2026-09-29 08:08:39:812 [790e2ec9][Xcode]     cd <host-path>/qualification/compatibility-smoke/harness/node_modules/appium-xcuitest-driver/node_modules/appium-webdriveragent
2026-09-29 08:08:39:812 [790e2ec9][Xcode]     builtin-precompileModule <host-path>/Library/Developer/Xcode/DerivedData/WebDriverAgent-gvnbbobaqwdgeeepwfrffrnyucio/Build/Intermediates.noindex/ExplicitPrecompiledModules/DarwinFoundation-56EIO41Z5BA53W1KCYPCD96E4.scan
2026-09-29 08:08:39:812 [790e2ec9][Xcode] 
2026-09-29 08:08:39:812 [790e2ec9][Xcode] PrecompileModule <host-path>/Library/Developer/Xcode/DerivedData/WebDriverAgent-gvnbbobaqwdgeeepwfrffrnyucio/Build/Intermediates.noindex/ExplicitPrecompiledModules/pthread-7HBFU3YHI1BSBRCH6Y5EPT3O5.scan
2026-09-29 08:08:39:812 [790e2ec9][Xcode]     cd <host-path>/qualification/compatibility-smoke/harness/node_modules/appium-xcuitest-driver/node_modules/appium-webdriveragent
2026-09-29 08:08:39:812 [790e2ec9][Xcode]     builtin-precompileModule <host-path>/Library/Developer/Xcode/DerivedData/WebDriverAgent-gvnbbobaqwdgeeepwfrffrnyucio/Build/Intermediates.noindex/ExplicitPrecompiledModules/pthread-7HBFU3YHI1BSBRCH6Y5EPT3O5.scan
2026-09-29 08:08:39:812 [790e2ec9][Xcode] 
2026-09-29 08:08:39:812 [790e2ec9][Xcode] PrecompileModule <host-path>/Library/Developer/Xcode/DerivedData/WebDriverAgent-gvnbbobaqwdgeeepwfrffrnyucio/Build/Intermediates.noindex/ExplicitPrecompiledModules/libxml2-17QGFH41YTSO7ZOXQWYIU0N6D.scan
2026-09-29 08:08:39:812 [790e2ec9][Xcode]     cd <host-path>/qualification/compatibility-smoke/harness/node_modules/appium-xcuitest-driver/node_modules/appium-webdriveragent
2026-09-29 08:08:39:813 [790e2ec9][Xcode]     builtin-precompileModule <host-path>/Library/Developer/Xcode/DerivedData/WebDriverAgent-gvnbbobaqwdgeeepwfrffrnyucio/Build/Intermediates.noindex/ExplicitPrecompiledModules/libxml2-17QGFH41YTSO7ZOXQWYIU0N6D.scan
2026-09-29 08:08:39:813 [790e2ec9][Xcode] 
2026-09-29 08:08:39:813 [790e2ec9][Xcode] PrecompileModule <host-path>/Library/Developer/Xcode/DerivedData/WebDriverAgent-gvnbbobaqwdgeeepwfrffrnyucio/Build/Intermediates.noindex/ExplicitPrecompiledModules/alloca-58RYNAI31Z78WVZGSQNVC1DYO.scan
2026-09-29 08:08:39:813 [790e2ec9][Xcode]     cd <host-path>/qualification/compatibility-smoke/harness/node_modules/appium-xcuitest-driver/node_modules/appium-webdriveragent
2026-09-29 08:08:39:813 [790e2ec9][Xcode]     builtin-precompileModule <host-path>/Library/Developer/Xcode/DerivedData/WebDriverAgent-gvnbbobaqwdgeeepwfrffrnyucio/Build/Intermediates.noindex/ExplicitPrecompiledModules/alloca-58RYNAI31Z78WVZGSQNVC1DYO.scan
2026-09-29 08:08:39:813 [790e2ec9][Xcode] 
2026-09-29 08:08:39:813 [790e2ec9][Xcode] PrecompileModule <host-path>/Library/Developer/Xcode/DerivedData/WebDriverAgent-gvnbbobaqwdgeeepwfrffrnyucio/Build/Intermediates.noindex/ExplicitPrecompiledModules/_sys_select-EXQ8X0ON2TJLKLNRX2PMYCW4C.scan
2026-09-29 08:08:39:813 [790e2ec9][Xcode]     cd <host-path>/qualification/compatibility-smoke/harness/node_modules/appium-xcuitest-driver/node_modules/appium-webdriveragent
2026-09-29 08:08:39:813 [790e2ec9][Xcode]     builtin-precompileModule <host-path>/Library/Developer/Xcode/DerivedData/WebDriverAgent-gvnbbobaqwdgeeepwfrffrnyucio/Build/Intermediates.noindex/ExplicitPrecompiledModules/_sys_select-EXQ8X0ON2TJLKLNRX2PMYCW4C.scan
2026-09-29 08:08:39:813 [790e2ec9][Xcode] 
2026-09-29 08:08:39:813 [790e2ec9][Xcode] PrecompileModule <host-path>/Library/Developer/Xcode/DerivedData/WebDriverAgent-gvnbbobaqwdgeeepwfrffrnyucio/Build/Intermediates.noindex/ExplicitPrecompiledModules/runetype-1G6I01K1ZLWJJKO1I0Y5ZKPZ7.scan
2026-09-29 08:08:39:813 [790e2ec9][Xcode]     cd <host-path>/qualification/compatibility-smoke/harness/node_modules/appium-xcuitest-driver/node_modules/appium-webdriveragent
2026-09-29 08:08:39:813 [790e2ec9][Xcode]     builtin-precompileModule <host-path>/Library/Developer/Xcode/DerivedData/WebDriverAgent-gvnbbobaqwdgeeepwfrffrnyucio/Build/Intermediates.noindex/ExplicitPrecompiledModules/runetype-1G6I01K1ZLWJJKO1I0Y5ZKPZ7.scan
2026-09-29 08:08:39:813 [790e2ec9][Xcode] 
2026-09-29 08:08:39:813 [790e2ec9][Xcode] PrecompileModule <host-path>/Library/Developer/Xcode/DerivedData/WebDriverAgent-gvnbbobaqwdgeeepwfrffrnyucio/Build/Intermediates.noindex/ExplicitPrecompiledModules/mach-1CEUGEB9SL67IT8MW7AU5VJJ8.scan
2026-09-29 08:08:39:813 [790e2ec9][Xcode]     cd <host-path>/qualification/compatibility-smoke/harness/node_modules/appium-xcuitest-driver/node_modules/appium-webdriveragent
2026-09-29 08:08:39:813 [790e2ec9][Xcode]     builtin-precompileModule <host-path>/Library/Developer/Xcode/DerivedData/WebDriverAgent-gvnbbobaqwdgeeepwfrffrnyucio/Build/Intermediates.noindex/ExplicitPrecompiledModules/mach-1CEUGEB9SL67IT8MW7AU5VJJ8.scan
2026-09-29 08:08:39:813 [790e2ec9][Xcode] 
2026-09-29 08:08:39:813 [790e2ec9][Xcode] PrecompileModule <host-path>/Library/Developer/Xcode/DerivedData/WebDriverAgent-gvnbbobaqwdgeeepwfrffrnyucio/Build/Intermediates.noindex/ExplicitPrecompiledModules/_ctype-4XULUJGMMOINQFJRE56CEMLA.scan
2026-09-29 08:08:39:813 [790e2ec9][Xcode]     cd <host-path>/qualification/compatibility-smoke/harness/node_modules/appium-xcuitest-driver/node_modules/appium-webdriveragent
2026-09-29 08:08:39:813 [790e2ec9][Xcode]     builtin-precompileModule <host-path>/Library/Developer/Xcode/DerivedData/WebDriverAgent-gvnbbobaqwdgeeepwfrffrnyucio/Build/Intermediates.noindex/ExplicitPrecompiledModules/_ctype-4XULUJGMMOINQFJRE56CEMLA.scan
2026-09-29 08:08:39:813 [790e2ec9][Xcode] 
2026-09-29 08:08:39:813 [790e2ec9][Xcode] PrecompileModule <host-path>/Library/Developer/Xcode/DerivedData/WebDriverAgent-gvnbbobaqwdgeeepwfrffrnyucio/Build/Intermediates.noindex/ExplicitPrecompiledModules/uuid-7PMS0PZ04R99F64AGY6KOPZOZ.scan
2026-09-29 08:08:39:814 [790e2ec9][Xcode]     cd <host-path>/qualification/compatibility-smoke/harness/node_modules/appium-xcuitest-driver/node_modules/appium-webdriveragent
2026-09-29 08:08:39:814 [790e2ec9][Xcode]     builtin-precompileModule <host-path>/Library/Developer/Xcode/DerivedData/WebDriverAgent-gvnbbobaqwdgeeepwfrffrnyucio/Build/Intermediates.noindex/ExplicitPrecompiledModules/uuid-7PMS0PZ04R99F64AGY6KOPZOZ.scan
2026-09-29 08:08:39:814 [790e2ec9][Xcode] 
2026-09-29 08:08:39:814 [790e2ec9][Xcode] PrecompileModule <host-path>/Library/Developer/Xcode/DerivedData/WebDriverAgent-gvnbbobaqwdgeeepwfrffrnyucio/Build/Intermediates.noindex/ExplicitPrecompiledModules/_strings-4V6Y6W1TT9UM1QO9KVCLRNGC3.scan
2026-09-29 08:08:39:814 [790e2ec9][Xcode]     cd <host-path>/qualification/compatibility-smoke/harness/node_modules/appium-xcuitest-driver/node_modules/appium-webdriveragent
2026-09-29 08:08:39:814 [790e2ec9][Xcode]     builtin-precompileModule <host-path>/Library/Developer/Xcode/DerivedData/WebDriverAgent-gvnbbobaqwdgeeepwfrffrnyucio/Build/Intermediates.noindex/ExplicitPrecompiledModules/_strings-4V6Y6W1TT9UM1QO9KVCLRNGC3.scan
2026-09-29 08:08:39:814 [790e2ec9][Xcode] 
2026-09-29 08:08:39:814 [790e2ec9][Xcode] PrecompileModule <host-path>/Library/Developer/Xcode/DerivedData/WebDriverAgent-gvnbbobaqwdgeeepwfrffrnyucio/Build/Intermediates.noindex/ExplicitPrecompiledModules/__wctype-41BCRGMV9NXV7I2KLSO63QG6C.scan
2026-09-29 08:08:39:814 [790e2ec9][Xcode]     cd <host-path>/qualification/compatibility-smoke/harness/node_modules/appium-xcuitest-driver/node_modules/appium-webdriveragent
2026-09-29 08:08:39:814 [790e2ec9][Xcode]     builtin-precompileModule <host-path>/Library/Developer/Xcode/DerivedData/WebDriverAgent-gvnbbobaqwdgeeepwfrffrnyucio/Build/Intermediates.noindex/ExplicitPrecompiledModules/__wctype-41BCRGMV9NXV7I2KLSO63QG6C.scan
2026-09-29 08:08:39:814 [790e2ec9][Xcode] 
2026-09-29 08:08:39:814 [790e2ec9][Xcode] PrecompileModule <host-path>/Library/Developer/Xcode/DerivedData/WebDriverAgent-gvnbbobaqwdgeeepwfrffrnyucio/Build/Intermediates.noindex/ExplicitPrecompiledModules/_math-699CUVFDCGIN2HBJLIHE8JPWI.scan
2026-09-29 08:08:39:814 [790e2ec9][Xcode]     cd <host-path>/qualification/compatibility-smoke/harness/node_modules/appium-xcuitest-driver/node_modules/appium-webdriveragent
2026-09-29 08:08:39:814 [790e2ec9][Xcode]     builtin-precompileModule <host-path>/Library/Developer/Xcode/DerivedData/WebDriverAgent-gvnbbobaqwdgeeepwfrffrnyucio/Build/Intermediates.noindex/ExplicitPrecompiledModules/_math-699CUVFDCGIN2HBJLIHE8JPWI.scan
2026-09-29 08:08:39:814 [790e2ec9][Xcode] 
2026-09-29 08:08:39:814 [790e2ec9][Xcode] PrecompileModule <host-path>/Library/Developer/Xcode/DerivedData/WebDriverAgent-gvnbbobaqwdgeeepwfrffrnyucio/Build/Intermediates.noindex/ExplicitPrecompiledModules/_complex-37VBX9IOATTH8QB49K3H59B7N.scan
2026-09-29 08:08:39:814 [790e2ec9][Xcode]     cd <host-path>/qualification/compatibility-smoke/harness/node_modules/appium-xcuitest-driver/node_modules/appium-webdriveragent
2026-09-29 08:08:39:814 [790e2ec9][Xcode]     builtin-precompileModule <host-path>/Library/Developer/Xcode/DerivedData/WebDriverAgent-gvnbbobaqwdgeeepwfrffrnyucio/Build/Intermediates.noindex/ExplicitPrecompiledModules/_complex-37VBX9IOATTH8QB49K3H59B7N.scan
2026-09-29 08:08:39:814 [790e2ec9][Xcode] 
2026-09-29 08:08:39:814 [790e2ec9][Xcode] PrecompileModule <host-path>/Library/Developer/Xcode/DerivedData/WebDriverAgent-gvnbbobaqwdgeeepwfrffrnyucio/Build/Intermediates.noindex/ExplicitPrecompiledModules/_wctype-D0X49M72COV6AGE7Q1J3S3KDU.scan
2026-09-29 08:08:39:814 [790e2ec9][Xcode]     cd <host-path>/qualification/compatibility-smoke/harness/node_modules/appium-xcuitest-driver/node_modules/appium-webdriveragent
2026-09-29 08:08:39:814 [790e2ec9][Xcode]     builtin-precompileModule <host-path>/Library/Developer/Xcode/DerivedData/WebDriverAgent-gvnbbobaqwdgeeepwfrffrnyucio/Build/Intermediates.noindex/ExplicitPrecompiledModules/_wctype-D0X49M72COV6AGE7Q1J3S3KDU.scan
2026-09-29 08:08:39:814 [790e2ec9][Xcode] 
2026-09-29 08:08:39:814 [790e2ec9][Xcode] PrecompileModule <host-path>/Library/Developer/Xcode/DerivedData/WebDriverAgent-gvnbbobaqwdgeeepwfrffrnyucio/Build/Intermediates.noindex/ExplicitPrecompiledModules/_setjmp-ZVYROIPRI76M5RZ1Q71UHYSF.scan
2026-09-29 08:08:39:818 [790e2ec9][Xcode]     cd <host-path>/qualification/compatibility-smoke/harness/node_modules/appium-xcuitest-driver/node_modules/appium-webdriveragent
2026-09-29 08:08:39:818 [790e2ec9][Xcode]     builtin-precompileModule <host-path>/Library/Developer/Xcode/DerivedData/WebDriverAgent-gvnbbobaqwdgeeepwfrffrnyucio/Build/Intermediates.noindex/ExplicitPrecompiledModules/_setjmp-ZVYROIPRI76M5RZ1Q71UHYSF.scan
2026-09-29 08:08:39:819 [790e2ec9][Xcode] 
2026-09-29 08:08:39:819 [790e2ec9][Xcode] PrecompileModule <host-path>/Library/Developer/Xcode/DerivedData/WebDriverAgent-gvnbbobaqwdgeeepwfrffrnyucio/Build/Intermediates.noindex/ExplicitPrecompiledModules/sys_time-D85QSZC7XO4BB76C0F673ZB0Y.scan
2026-09-29 08:08:39:819 [790e2ec9][Xcode]     cd <host-path>/qualification/compatibility-smoke/harness/node_modules/appium-xcuitest-driver/node_modules/appium-webdriveragent
2026-09-29 08:08:39:819 [790e2ec9][Xcode]     builtin-precompileModule <host-path>/Library/Developer/Xcode/DerivedData/WebDriverAgent-gvnbbobaqwdgeeepwfrffrnyucio/Build/Intermediates.noindex/ExplicitPrecompiledModules/sys_time-D85QSZC7XO4BB76C0F673ZB0Y.scan
2026-09-29 08:08:39:832 [790e2ec9][Xcode] 
2026-09-29 08:08:39:839 [790e2ec9][Xcode] PrecompileModule <host-path>/Library/Developer/Xcode/DerivedData/WebDriverAgent-gvnbbobaqwdgeeepwfrffrnyucio/Build/Intermediates.noindex/ExplicitPrecompiledModules/_tgmath-5QMRR1683X0R4FXNZGAOVBGAT.scan
2026-09-29 08:08:39:839 [790e2ec9][Xcode]     cd <host-path>/qualification/compatibility-smoke/harness/node_modules/appium-xcuitest-driver/node_modules/appium-webdriveragent
2026-09-29 08:08:39:839 [790e2ec9][Xcode]     builtin-precompileModule <host-path>/Library/Developer/Xcode/DerivedData/WebDriverAgent-gvnbbobaqwdgeeepwfrffrnyucio/Build/Intermediates.noindex/ExplicitPrecompiledModules/_tgmath-5QMRR1683X0R4FXNZGAOVBGAT.scan
2026-09-29 08:08:39:840 [790e2ec9][Xcode] 
2026-09-29 08:08:39:840 [790e2ec9][Xcode] PrecompileModule <host-path>/Library/Developer/Xcode/DerivedData/WebDriverAgent-gvnbbobaqwdgeeepwfrffrnyucio/Build/Intermediates.noindex/ExplicitPrecompiledModules/gethostuuid-EADY9J18HND861SE1H156OZLJ.scan
2026-09-29 08:08:39:840 [790e2ec9][Xcode]     cd <host-path>/qualification/compatibility-smoke/harness/node_modules/appium-xcuitest-driver/node_modules/appium-webdriveragent
2026-09-29 08:08:39:840 [790e2ec9][Xcode]     builtin-precompileModule <host-path>/Library/Developer/Xcode/DerivedData/WebDriverAgent-gvnbbobaqwdgeeepwfrffrnyucio/Build/Intermediates.noindex/ExplicitPrecompiledModules/gethostuuid-EADY9J18HND861SE1H156OZLJ.scan
2026-09-29 08:08:39:840 [790e2ec9][Xcode] 
2026-09-29 08:08:39:840 [790e2ec9][Xcode] PrecompileModule <host-path>/Library/Developer/Xcode/DerivedData/WebDriverAgent-gvnbbobaqwdgeeepwfrffrnyucio/Build/Intermediates.noindex/ExplicitPrecompiledModules/_limits-D4E0CU74V0MC3G02KTWXWS3GI.scan
2026-09-29 08:08:39:840 [790e2ec9][Xcode]     cd <host-path>/qualification/compatibility-smoke/harness/node_modules/appium-xcuitest-driver/node_modules/appium-webdriveragent
2026-09-29 08:08:39:840 [790e2ec9][Xcode]     builtin-precompileModule <host-path>/Library/Developer/Xcode/DerivedData/WebDriverAgent-gvnbbobaqwdgeeepwfrffrnyucio/Build/Intermediates.noindex/ExplicitPrecompiledModules/_limits-D4E0CU74V0MC3G02KTWXWS3GI.scan
2026-09-29 08:08:39:840 [790e2ec9][Xcode] 
2026-09-29 08:08:39:840 [790e2ec9][Xcode] PrecompileModule <host-path>/Library/Developer/Xcode/DerivedData/WebDriverAgent-gvnbbobaqwdgeeepwfrffrnyucio/Build/Intermediates.noindex/ExplicitPrecompiledModules/_Builtin_tgmath-2RIYU30J7T6ANUWTR57QCA5DU.scan
2026-09-29 08:08:39:840 [790e2ec9][Xcode]     cd <host-path>/qualification/compatibility-smoke/harness/node_modules/appium-xcuitest-driver/node_modules/appium-webdriveragent
2026-09-29 08:08:39:840 [790e2ec9][Xcode]     builtin-precompileModule <host-path>/Library/Developer/Xcode/DerivedData/WebDriverAgent-gvnbbobaqwdgeeepwfrffrnyucio/Build/Intermediates.noindex/ExplicitPrecompiledModules/_Builtin_tgmath-2RIYU30J7T6ANUWTR57QCA5DU.scan
2026-09-29 08:08:39:840 [790e2ec9][Xcode] 
2026-09-29 08:08:39:840 [790e2ec9][Xcode] PrecompileModule <host-path>/Library/Developer/Xcode/DerivedData/WebDriverAgent-gvnbbobaqwdgeeepwfrffrnyucio/Build/Intermediates.noindex/ExplicitPrecompiledModules/_locale-F1L6V4RAZ23UFODRFQHWR530M.scan
2026-09-29 08:08:39:840 [790e2ec9][Xcode]     cd <host-path>/qualification/compatibility-smoke/harness/node_modules/appium-xcuitest-driver/node_modules/appium-webdriveragent
2026-09-29 08:08:39:840 [790e2ec9][Xcode]     builtin-precompileModule <host-path>/Library/Developer/Xcode/DerivedData/WebDriverAgent-gvnbbobaqwdgeeepwfrffrnyucio/Build/Intermediates.noindex/ExplicitPrecompiledModules/_locale-F1L6V4RAZ23UFODRFQHWR530M.scan
2026-09-29 08:08:39:840 [790e2ec9][Xcode] 
2026-09-29 08:08:39:840 [790e2ec9][Xcode] PrecompileModule <host-path>/Library/Developer/Xcode/DerivedData/WebDriverAgent-gvnbbobaqwdgeeepwfrffrnyucio/Build/Intermediates.noindex/ExplicitPrecompiledModules/_Builtin_limits-1XNX5PLJRB70JM76XY9BR36AA.scan
2026-09-29 08:08:39:840 [790e2ec9][Xcode]     cd <host-path>/qualification/compatibility-smoke/harness/node_modules/appium-xcuitest-driver/node_modules/appium-webdriveragent
2026-09-29 08:08:39:882 [790e2ec9][Xcode]     builtin-precompileModule <host-path>/Library/Developer/Xcode/DerivedData/WebDriverAgent-gvnbbobaqwdgeeepwfrffrnyucio/Build/Intermediates.noindex/ExplicitPrecompiledModules/_Builtin_limits-1XNX5PLJRB70JM76XY9BR36AA.scan
2026-09-29 08:08:39:883 [790e2ec9][Xcode] 
2026-09-29 08:08:39:883 [790e2ec9][Xcode] PrecompileModule <host-path>/Library/Developer/Xcode/DerivedData/WebDriverAgent-gvnbbobaqwdgeeepwfrffrnyucio/Build/Intermediates.noindex/ExplicitPrecompiledModules/netinet_in-4HF394B9T45FLS78V3OJH8DMR.scan
2026-09-29 08:08:39:883 [790e2ec9][Xcode]     cd <host-path>/qualification/compatibility-smoke/harness/node_modules/appium-xcuitest-driver/node_modules/appium-webdriveragent
2026-09-29 08:08:39:883 [790e2ec9][Xcode]     builtin-precompileModule <host-path>/Library/Developer/Xcode/DerivedData/WebDriverAgent-gvnbbobaqwdgeeepwfrffrnyucio/Build/Intermediates.noindex/ExplicitPrecompiledModules/netinet_in-4HF394B9T45FLS78V3OJH8DMR.scan
2026-09-29 08:08:39:883 [790e2ec9][Xcode] 
2026-09-29 08:08:39:883 [790e2ec9][Xcode] PrecompileModule <host-path>/Library/Developer/Xcode/DerivedData/WebDriverAgent-gvnbbobaqwdgeeepwfrffrnyucio/Build/Intermediates.noindex/ExplicitPrecompiledModules/AvailabilityMacros-12WBN7OSKE5T92UZZZXRY0XM5.scan
2026-09-29 08:08:39:883 [790e2ec9][Xcode]     cd <host-path>/qualification/compatibility-smoke/harness/node_modules/appium-xcuitest-driver/node_modules/appium-webdriveragent
2026-09-29 08:08:39:883 [790e2ec9][Xcode]     builtin-precompileModule <host-path>/Library/Developer/Xcode/DerivedData/WebDriverAgent-gvnbbobaqwdgeeepwfrffrnyucio/Build/Intermediates.noindex/ExplicitPrecompiledModules/AvailabilityMacros-12WBN7OSKE5T92UZZZXRY0XM5.scan
2026-09-29 08:08:39:883 [790e2ec9][Xcode] 
2026-09-29 08:08:39:883 [790e2ec9][Xcode] PrecompileModule <host-path>/Library/Developer/Xcode/DerivedData/WebDriverAgent-gvnbbobaqwdgeeepwfrffrnyucio/Build/Intermediates.noindex/ExplicitPrecompiledModules/xlocale-31KRGZOEH5D3MLVHXZKMIPWR3.scan
2026-09-29 08:08:39:883 [790e2ec9][Xcode]     cd <host-path>/qualification/compatibility-smoke/harness/node_modules/appium-xcuitest-driver/node_modules/appium-webdriveragent
2026-09-29 08:08:39:883 [790e2ec9][Xcode]     builtin-precompileModule <host-path>/Library/Developer/Xcode/DerivedData/WebDriverAgent-gvnbbobaqwdgeeepwfrffrnyucio/Build/Intermediates.noindex/ExplicitPrecompiledModules/xlocale-31KRGZOEH5D3MLVHXZKMIPWR3.scan
2026-09-29 08:08:39:883 [790e2ec9][Xcode] 
2026-09-29 08:08:39:883 [790e2ec9][Xcode] PrecompileModule <host-path>/Library/Developer/Xcode/DerivedData/WebDriverAgent-gvnbbobaqwdgeeepwfrffrnyucio/Build/Intermediates.noindex/ExplicitPrecompiledModules/sys_select-3U33IXIE9KVUJM7Y6IBM6KD1U.scan
2026-09-29 08:08:39:884 [790e2ec9][Xcode]     cd <host-path>/qualification/compatibility-smoke/harness/node_modules/appium-xcuitest-driver/node_modules/appium-webdriveragent
2026-09-29 08:08:39:885 [790e2ec9][Xcode]     builtin-precompileModule <host-path>/Library/Developer/Xcode/DerivedData/WebDriverAgent-gvnbbobaqwdgeeepwfrffrnyucio/Build/Intermediates.noindex/ExplicitPrecompiledModules/sys_select-3U33IXIE9KVUJM7Y6IBM6KD1U.scan
2026-09-29 08:08:39:885 [790e2ec9][Xcode] 
2026-09-29 08:08:39:886 [790e2ec9][Xcode] PrecompileModule <host-path>/Library/Developer/Xcode/DerivedData/WebDriverAgent-gvnbbobaqwdgeeepwfrffrnyucio/Build/Intermediates.noindex/ExplicitPrecompiledModules/_assert-EMGCKJK88GVOZ31QQO4JRMCSG.scan
2026-09-29 08:08:39:886 [790e2ec9][Xcode]     cd <host-path>/qualification/compatibility-smoke/harness/node_modules/appium-xcuitest-driver/node_modules/appium-webdriveragent
2026-09-29 08:08:39:887 [790e2ec9][Xcode]     builtin-precompileModule <host-path>/Library/Developer/Xcode/DerivedData/WebDriverAgent-gvnbbobaqwdgeeepwfrffrnyucio/Build/Intermediates.noindex/ExplicitPrecompiledModules/_assert-EMGCKJK88GVOZ31QQO4JRMCSG.scan
2026-09-29 08:08:39:887 [790e2ec9][Xcode] 
2026-09-29 08:08:39:887 [790e2ec9][Xcode] PrecompileModule <host-path>/Library/Developer/Xcode/DerivedData/WebDriverAgent-gvnbbobaqwdgeeepwfrffrnyucio/Build/Intermediates.noindex/ExplicitPrecompiledModules/_stdint-E4IZUWMG18OKZDHAZ0AVGZ67N.scan
2026-09-29 08:08:39:887 [790e2ec9][Xcode]     cd <host-path>/qualification/compatibility-smoke/harness/node_modules/appium-xcuitest-driver/node_modules/appium-webdriveragent
2026-09-29 08:08:39:887 [790e2ec9][Xcode]     builtin-precompileModule <host-path>/Library/Developer/Xcode/DerivedData/WebDriverAgent-gvnbbobaqwdgeeepwfrffrnyucio/Build/Intermediates.noindex/ExplicitPrecompiledModules/_stdint-E4IZUWMG18OKZDHAZ0AVGZ67N.scan
2026-09-29 08:08:39:887 [790e2ec9][Xcode] 
2026-09-29 08:08:39:887 [790e2ec9][Xcode] PrecompileModule <host-path>/Library/Developer/Xcode/DerivedData/WebDriverAgent-gvnbbobaqwdgeeepwfrffrnyucio/Build/Intermediates.noindex/ExplicitPrecompiledModules/unistd-6GBS530ETC8U521IN7UTRXN2J.scan
2026-09-29 08:08:39:887 [790e2ec9][Xcode]     cd <host-path>/qualification/compatibility-smoke/harness/node_modules/appium-xcuitest-driver/node_modules/appium-webdriveragent
2026-09-29 08:08:39:887 [790e2ec9][Xcode]     builtin-precompileModule <host-path>/Library/Developer/Xcode/DerivedData/WebDriverAgent-gvnbbobaqwdgeeepwfrffrnyucio/Build/Intermediates.noindex/ExplicitPrecompiledModules/unistd-6GBS530ETC8U521IN7UTRXN2J.scan
2026-09-29 08:08:39:887 [790e2ec9][Xcode] 
2026-09-29 08:08:39:887 [790e2ec9][Xcode] PrecompileModule <host-path>/Library/Developer/Xcode/DerivedData/WebDriverAgent-gvnbbobaqwdgeeepwfrffrnyucio/Build/Intermediates.noindex/ExplicitPrecompiledModules/_useconds_t-CSC3K2PWVWFEQ4A4LPYQ3CIOX.scan
2026-09-29 08:08:39:887 [790e2ec9][Xcode]     cd <host-path>/qualification/compatibility-smoke/harness/node_modules/appium-xcuitest-driver/node_modules/appium-webdriveragent
2026-09-29 08:08:39:887 [790e2ec9][Xcode]     builtin-precompileModule <host-path>/Library/Developer/Xcode/DerivedData/WebDriverAgent-gvnbbobaqwdgeeepwfrffrnyucio/Build/Intermediates.noindex/ExplicitPrecompiledModules/_useconds_t-CSC3K2PWVWFEQ4A4LPYQ3CIOX.scan
2026-09-29 08:08:39:887 [790e2ec9][Xcode] 
2026-09-29 08:08:39:887 [790e2ec9][Xcode] PrecompileModule <host-path>/Library/Developer/Xcode/DerivedData/WebDriverAgent-gvnbbobaqwdgeeepwfrffrnyucio/Build/Intermediates.noindex/ExplicitPrecompiledModules/_Builtin_stdint-98901IJL2DUOHDNVCPKTXO1QR.scan
2026-09-29 08:08:39:887 [790e2ec9][Xcode]     cd <host-path>/qualification/compatibility-smoke/harness/node_modules/appium-xcuitest-driver/node_modules/appium-webdriveragent
2026-09-29 08:08:39:888 [790e2ec9][Xcode]     builtin-precompileModule <host-path>/Library/Developer/Xcode/DerivedData/WebDriverAgent-gvnbbobaqwdgeeepwfrffrnyucio/Build/Intermediates.noindex/ExplicitPrecompiledModules/_Builtin_stdint-98901IJL2DUOHDNVCPKTXO1QR.scan
2026-09-29 08:08:39:888 [790e2ec9][Xcode] 
2026-09-29 08:08:39:888 [790e2ec9][Xcode] PrecompileModule <host-path>/Library/Developer/Xcode/DerivedData/WebDriverAgent-gvnbbobaqwdgeeepwfrffrnyucio/Build/Intermediates.noindex/ExplicitPrecompiledModules/_errno-6VJSUPXVYZU8SIVOZELRXO6PE.scan
2026-09-29 08:08:39:888 [790e2ec9][Xcode]     cd <host-path>/qualification/compatibility-smoke/harness/node_modules/appium-xcuitest-driver/node_modules/appium-webdriveragent
2026-09-29 08:08:39:888 [790e2ec9][Xcode]     builtin-precompileModule <host-path>/Library/Developer/Xcode/DerivedData/WebDriverAgent-gvnbbobaqwdgeeepwfrffrnyucio/Build/Intermediates.noindex/ExplicitPrecompiledModules/_errno-6VJSUPXVYZU8SIVOZELRXO6PE.scan
2026-09-29 08:08:39:888 [790e2ec9][Xcode] 
2026-09-29 08:08:39:888 [790e2ec9][Xcode] PrecompileModule <host-path>/Library/Developer/Xcode/DerivedData/WebDriverAgent-gvnbbobaqwdgeeepwfrffrnyucio/Build/Intermediates.noindex/ExplicitPrecompiledModules/Darwin-ABGJ8N4W8LYBWP3DUYUQI76LQ.scan
2026-09-29 08:08:39:888 [790e2ec9][Xcode]     cd <host-path>/qualification/compatibility-smoke/harness/node_modules/appium-xcuitest-driver/node_modules/appium-webdriveragent
2026-09-29 08:08:39:888 [790e2ec9][Xcode]     builtin-precompileModule <host-path>/Library/Developer/Xcode/DerivedData/WebDriverAgent-gvnbbobaqwdgeeepwfrffrnyucio/Build/Intermediates.noindex/ExplicitPrecompiledModules/Darwin-ABGJ8N4W8LYBWP3DUYUQI76LQ.scan
2026-09-29 08:08:39:888 [790e2ec9][Xcode] 
2026-09-29 08:08:39:888 [790e2ec9][Xcode] PrecompileModule <host-path>/Library/Developer/Xcode/DerivedData/WebDriverAgent-gvnbbobaqwdgeeepwfrffrnyucio/Build/Intermediates.noindex/ExplicitPrecompiledModules/_inttypes-48AK8BJ90DPYUZDITAC50IQAS.scan
2026-09-29 08:08:39:888 [790e2ec9][Xcode]     cd <host-path>/qualification/compatibility-smoke/harness/node_modules/appium-xcuitest-driver/node_modules/appium-webdriveragent
2026-09-29 08:08:39:888 [790e2ec9][Xcode]     builtin-precompileModule <host-path>/Library/Developer/Xcode/DerivedData/WebDriverAgent-gvnbbobaqwdgeeepwfrffrnyucio/Build/Intermediates.noindex/ExplicitPrecompiledModules/_inttypes-48AK8BJ90DPYUZDITAC50IQAS.scan
2026-09-29 08:08:39:888 [790e2ec9][Xcode] 
2026-09-29 08:08:39:888 [790e2ec9][Xcode] PrecompileModule <host-path>/Library/Developer/Xcode/DerivedData/WebDriverAgent-gvnbbobaqwdgeeepwfrffrnyucio/Build/Intermediates.noindex/ExplicitPrecompiledModules/sys_types-8IF488FMBAAUWWBK81NBN5GDH.scan
2026-09-29 08:08:39:888 [790e2ec9][Xcode]     cd <host-path>/qualification/compatibility-smoke/harness/node_modules/appium-xcuitest-driver/node_modules/appium-webdriveragent
2026-09-29 08:08:39:888 [790e2ec9][Xcode]     builtin-precompileModule <host-path>/Library/Developer/Xcode/DerivedData/WebDriverAgent-gvnbbobaqwdgeeepwfrffrnyucio/Build/Intermediates.noindex/ExplicitPrecompiledModules/sys_types-8IF488FMBAAUWWBK81NBN5GDH.scan
2026-09-29 08:08:39:888 [790e2ec9][Xcode] 
2026-09-29 08:08:39:888 [790e2ec9][Xcode] PrecompileModule <host-path>/Library/Developer/Xcode/DerivedData/WebDriverAgent-gvnbbobaqwdgeeepwfrffrnyucio/Build/Intermediates.noindex/ExplicitPrecompiledModules/_Builtin_inttypes-4Z4KE35XX2FRSBDUXYRGV9DBJ.scan
2026-09-29 08:08:39:888 [790e2ec9][Xcode]     cd <host-path>/qualification/compatibility-smoke/harness/node_modules/appium-xcuitest-driver/node_modules/appium-webdriveragent
2026-09-29 08:08:39:888 [790e2ec9][Xcode]     builtin-precompileModule <host-path>/Library/Developer/Xcode/DerivedData/WebDriverAgent-gvnbbobaqwdgeeepwfrffrnyucio/Build/Intermediates.noindex/ExplicitPrecompiledModules/_Builtin_inttypes-4Z4KE35XX2FRSBDUXYRGV9DBJ.scan
2026-09-29 08:08:39:888 [790e2ec9][Xcode] 
2026-09-29 08:08:39:888 [790e2ec9][Xcode] PrecompileModule <host-path>/Library/Developer/Xcode/DerivedData/WebDriverAgent-gvnbbobaqwdgeeepwfrffrnyucio/Build/Intermediates.noindex/ExplicitPrecompiledModules/nl_types-BS1PSX8J2S2VNG48KQDXAPEXE.scan
2026-09-29 08:08:39:888 [790e2ec9][Xcode]     cd <host-path>/qualification/compatibility-smoke/harness/node_modules/appium-xcuitest-driver/node_modules/appium-webdriveragent
2026-09-29 08:08:39:888 [790e2ec9][Xcode]     builtin-precompileModule <host-path>/Library/Developer/Xcode/DerivedData/WebDriverAgent-gvnbbobaqwdgeeepwfrffrnyucio/Build/Intermediates.noindex/ExplicitPrecompiledModules/nl_types-BS1PSX8J2S2VNG48KQDXAPEXE.scan
2026-09-29 08:08:39:888 [790e2ec9][Xcode] 
2026-09-29 08:08:39:888 [790e2ec9][Xcode] PrecompileModule <host-path>/Library/Developer/Xcode/DerivedData/WebDriverAgent-gvnbbobaqwdgeeepwfrffrnyucio/Build/Intermediates.noindex/ExplicitPrecompiledModules/sys_resource-8YFAMG568UNIFMD8UXZ0JHF93.scan
2026-09-29 08:08:39:888 [790e2ec9][Xcode]     cd <host-path>/qualification/compatibility-smoke/harness/node_modules/appium-xcuitest-driver/node_modules/appium-webdriveragent
2026-09-29 08:08:39:888 [790e2ec9][Xcode]     builtin-precompileModule <host-path>/Library/Developer/Xcode/DerivedData/WebDriverAgent-gvnbbobaqwdgeeepwfrffrnyucio/Build/Intermediates.noindex/ExplicitPrecompiledModules/sys_resource-8YFAMG568UNIFMD8UXZ0JHF93.scan
2026-09-29 08:08:39:888 [790e2ec9][Xcode] 
2026-09-29 08:08:39:888 [790e2ec9][Xcode] PrecompileModule <host-path>/Library/Developer/Xcode/DerivedData/WebDriverAgent-gvnbbobaqwdgeeepwfrffrnyucio/Build/Intermediates.noindex/ExplicitPrecompiledModules/_time-CKRZLONKCZUTX6M047LSXOE4M.scan
2026-09-29 08:08:39:888 [790e2ec9][Xcode]     cd <host-path>/qualification/compatibility-smoke/harness/node_modules/appium-xcuitest-driver/node_modules/appium-webdriveragent
2026-09-29 08:08:39:888 [790e2ec9][Xcode]     builtin-precompileModule <host-path>/Library/Developer/Xcode/DerivedData/WebDriverAgent-gvnbbobaqwdgeeepwfrffrnyucio/Build/Intermediates.noindex/ExplicitPrecompiledModules/_time-CKRZLONKCZUTX6M047LSXOE4M.scan
2026-09-29 08:08:39:888 [790e2ec9][Xcode] 
2026-09-29 08:08:39:888 [790e2ec9][Xcode] PrecompileModule <host-path>/Library/Developer/Xcode/DerivedData/WebDriverAgent-gvnbbobaqwdgeeepwfrffrnyucio/Build/Intermediates.noindex/ExplicitPrecompiledModules/_string-3TZ8FYYH42NN3TXPCM6STZYV0.scan
2026-09-29 08:08:39:888 [790e2ec9][Xcode]     cd <host-path>/qualification/compatibility-smoke/harness/node_modules/appium-xcuitest-driver/node_modules/appium-webdriveragent
2026-09-29 08:08:39:888 [790e2ec9][Xcode]     builtin-precompileModule <host-path>/Library/Developer/Xcode/DerivedData/WebDriverAgent-gvnbbobaqwdgeeepwfrffrnyucio/Build/Intermediates.noindex/ExplicitPrecompiledModules/_string-3TZ8FYYH42NN3TXPCM6STZYV0.scan
2026-09-29 08:08:39:888 [790e2ec9][Xcode] 
2026-09-29 08:08:39:888 [790e2ec9][Xcode] PrecompileModule <host-path>/Library/Developer/Xcode/DerivedData/WebDriverAgent-gvnbbobaqwdgeeepwfrffrnyucio/Build/Intermediates.noindex/ExplicitPrecompiledModules/gethostuuid-2OPVI90CPZEO03UTGED0Q0D3Q.scan
2026-09-29 08:08:39:888 [790e2ec9][Xcode]     cd <host-path>/qualification/compatibility-smoke/harness/node_modules/appium-xcuitest-driver/node_modules/appium-webdriveragent
2026-09-29 08:08:39:888 [790e2ec9][Xcode]     builtin-precompileModule <host-path>/Library/Developer/Xcode/DerivedData/WebDriverAgent-gvnbbobaqwdgeeepwfrffrnyucio/Build/Intermediates.noindex/ExplicitPrecompiledModules/gethostuuid-2OPVI90CPZEO03UTGED0Q0D3Q.scan
2026-09-29 08:08:39:889 [790e2ec9][Xcode] 
2026-09-29 08:08:39:889 [790e2ec9][Xcode] PrecompileModule <host-path>/Library/Developer/Xcode/DerivedData/WebDriverAgent-gvnbbobaqwdgeeepwfrffrnyucio/Build/Intermediates.noindex/ExplicitPrecompiledModules/_stdio-CNL86X3XRSZT3L7ONE8ZHV134.scan
2026-09-29 08:08:39:889 [790e2ec9][Xcode]     cd <host-path>/qualification/compatibility-smoke/harness/node_modules/appium-xcuitest-driver/node_modules/appium-webdriveragent
2026-09-29 08:08:39:889 [790e2ec9][Xcode]     builtin-precompileModule <host-path>/Library/Developer/Xcode/DerivedData/WebDriverAgent-gvnbbobaqwdgeeepwfrffrnyucio/Build/Intermediates.noindex/ExplicitPrecompiledModules/_stdio-CNL86X3XRSZT3L7ONE8ZHV134.scan
2026-09-29 08:08:39:889 [790e2ec9][Xcode] 
2026-09-29 08:08:39:889 [790e2ec9][Xcode] PrecompileModule <host-path>/Library/Developer/Xcode/DerivedData/WebDriverAgent-gvnbbobaqwdgeeepwfrffrnyucio/Build/Intermediates.noindex/ExplicitPrecompiledModules/_signal-DP20CQFTMZSSGZMF9KZPJD7W.scan
2026-09-29 08:08:39:890 [790e2ec9][Xcode]     cd <host-path>/qualification/compatibility-smoke/harness/node_modules/appium-xcuitest-driver/node_modules/appium-webdriveragent
2026-09-29 08:08:39:890 [790e2ec9][Xcode]     builtin-precompileModule <host-path>/Library/Developer/Xcode/DerivedData/WebDriverAgent-gvnbbobaqwdgeeepwfrffrnyucio/Build/Intermediates.noindex/ExplicitPrecompiledModules/_signal-DP20CQFTMZSSGZMF9KZPJD7W.scan
2026-09-29 08:08:39:890 [790e2ec9][Xcode] 
2026-09-29 08:08:39:890 [790e2ec9][Xcode] PrecompileModule <host-path>/Library/Developer/Xcode/DerivedData/WebDriverAgent-gvnbbobaqwdgeeepwfrffrnyucio/Build/Intermediates.noindex/ExplicitPrecompiledModules/_wchar-2EHYUUCXEAXPI9DYV82RJIC1H.scan
2026-09-29 08:08:39:890 [790e2ec9][Xcode]     cd <host-path>/qualification/compatibility-smoke/harness/node_modules/appium-xcuitest-driver/node_modules/appium-webdriveragent
2026-09-29 08:08:39:890 [790e2ec9][Xcode]     builtin-precompileModule <host-path>/Library/Developer/Xcode/DerivedData/WebDriverAgent-gvnbbobaqwdgeeepwfrffrnyucio/Build/Intermediates.noindex/ExplicitPrecompiledModules/_wchar-2EHYUUCXEAXPI9DYV82RJIC1H.scan
2026-09-29 08:08:39:890 [790e2ec9][Xcode] 
2026-09-29 08:08:39:890 [790e2ec9][Xcode] PrecompileModule <host-path>/Library/Developer/Xcode/DerivedData/WebDriverAgent-gvnbbobaqwdgeeepwfrffrnyucio/Build/Intermediates.noindex/ExplicitPrecompiledModules/pthread-GRCLB5S4R40KXUN4K1HT5FY4.scan
2026-09-29 08:08:39:890 [790e2ec9][Xcode]     cd <host-path>/qualification/compatibility-smoke/harness/node_modules/appium-xcuitest-driver/node_modules/appium-webdriveragent
2026-09-29 08:08:39:890 [790e2ec9][Xcode]     builtin-precompileModule <host-path>/Library/Developer/Xcode/DerivedData/WebDriverAgent-gvnbbobaqwdgeeepwfrffrnyucio/Build/Intermediates.noindex/ExplicitPrecompiledModules/pthread-GRCLB5S4R40KXUN4K1HT5FY4.scan
2026-09-29 08:08:39:890 [790e2ec9][Xcode] 
2026-09-29 08:08:39:890 [790e2ec9][Xcode] PrecompileModule <host-path>/Library/Developer/Xcode/DerivedData/WebDriverAgent-gvnbbobaqwdgeeepwfrffrnyucio/Build/Intermediates.noindex/ExplicitPrecompiledModules/sys_wait-AV14IGXU7OLSVY0L6GYHEGYVV.scan
2026-09-29 08:08:39:890 [790e2ec9][Xcode]     cd <host-path>/qualification/compatibility-smoke/harness/node_modules/appium-xcuitest-driver/node_modules/appium-webdriveragent
2026-09-29 08:08:39:890 [790e2ec9][Xcode]     builtin-precompileModule <host-path>/Library/Developer/Xcode/DerivedData/WebDriverAgent-gvnbbobaqwdgeeepwfrffrnyucio/Build/Intermediates.noindex/ExplicitPrecompiledModules/sys_wait-AV14IGXU7OLSVY0L6GYHEGYVV.scan
2026-09-29 08:08:39:890 [790e2ec9][Xcode] 
2026-09-29 08:08:39:890 [790e2ec9][Xcode] PrecompileModule <host-path>/Library/Developer/Xcode/DerivedData/WebDriverAgent-gvnbbobaqwdgeeepwfrffrnyucio/Build/Intermediates.noindex/ExplicitPrecompiledModules/sys_select-9K8KWB5O73Z95TC4ZA6IV1TJT.scan
2026-09-29 08:08:39:890 [790e2ec9][Xcode]     cd <host-path>/qualification/compatibility-smoke/harness/node_modules/appium-xcuitest-driver/node_modules/appium-webdriveragent
2026-09-29 08:08:39:890 [790e2ec9][Xcode]     builtin-precompileModule <host-path>/Library/Developer/Xcode/DerivedData/WebDriverAgent-gvnbbobaqwdgeeepwfrffrnyucio/Build/Intermediates.noindex/ExplicitPrecompiledModules/sys_select-9K8KWB5O73Z95TC4ZA6IV1TJT.scan
2026-09-29 08:08:39:890 [790e2ec9][Xcode] 
2026-09-29 08:08:39:890 [790e2ec9][Xcode] PrecompileModule <host-path>/Library/Developer/Xcode/DerivedData/WebDriverAgent-gvnbbobaqwdgeeepwfrffrnyucio/Build/Intermediates.noindex/ExplicitPrecompiledModules/_stdlib-7Y7UX9ZG48O3TPU18AWP4ZO1N.scan
2026-09-29 08:08:39:890 [790e2ec9][Xcode]     cd <host-path>/qualification/compatibility-smoke/harness/node_modules/appium-xcuitest-driver/node_modules/appium-webdriveragent
2026-09-29 08:08:39:890 [790e2ec9][Xcode]     builtin-precompileModule <host-path>/Library/Developer/Xcode/DerivedData/WebDriverAgent-gvnbbobaqwdgeeepwfrffrnyucio/Build/Intermediates.noindex/ExplicitPrecompiledModules/_stdlib-7Y7UX9ZG48O3TPU18AWP4ZO1N.scan
2026-09-29 08:08:39:890 [790e2ec9][Xcode] 
2026-09-29 08:08:39:890 [790e2ec9][Xcode] PrecompileModule <host-path>/Library/Developer/Xcode/DerivedData/WebDriverAgent-gvnbbobaqwdgeeepwfrffrnyucio/Build/Intermediates.noindex/ExplicitPrecompiledModules/unistd-15MT6DV4PVVTF3YSFC47AD4AQ.scan
2026-09-29 08:08:39:890 [790e2ec9][Xcode]     cd <host-path>/qualification/compatibility-smoke/harness/node_modules/appium-xcuitest-driver/node_modules/appium-webdriveragent
2026-09-29 08:08:39:891 [790e2ec9][Xcode]     builtin-precompileModule <host-path>/Library/Developer/Xcode/DerivedData/WebDriverAgent-gvnbbobaqwdgeeepwfrffrnyucio/Build/Intermediates.noindex/ExplicitPrecompiledModules/unistd-15MT6DV4PVVTF3YSFC47AD4AQ.scan
2026-09-29 08:08:39:891 [790e2ec9][Xcode] 
2026-09-29 08:08:39:891 [790e2ec9][Xcode] PrecompileModule <host-path>/Library/Developer/Xcode/DerivedData/WebDriverAgent-gvnbbobaqwdgeeepwfrffrnyucio/Build/Intermediates.noindex/ExplicitPrecompiledModules/_Builtin_stdatomic-7Q9ZVT4WE1LF0I24EWLGSO3PX.scan
2026-09-29 08:08:39:891 [790e2ec9][Xcode]     cd <host-path>/qualification/compatibility-smoke/harness/node_modules/appium-xcuitest-driver/node_modules/appium-webdriveragent
2026-09-29 08:08:39:891 [790e2ec9][Xcode]     builtin-precompileModule <host-path>/Library/Developer/Xcode/DerivedData/WebDriverAgent-gvnbbobaqwdgeeepwfrffrnyucio/Build/Intermediates.noindex/ExplicitPrecompiledModules/_Builtin_stdatomic-7Q9ZVT4WE1LF0I24EWLGSO3PX.scan
2026-09-29 08:08:39:891 [790e2ec9][Xcode] 
2026-09-29 08:08:39:891 [790e2ec9][Xcode] ScanDependencies Analyze <host-path>/qualification/compatibility-smoke/harness/node_modules/appium-xcuitest-driver/node_modules/appium-webdriveragent/WebDriverAgentLib/Utilities/LRUCache/LRUCacheNode.m normal arm64 (in target 'WebDriverAgentLib' from project 'WebDriverAgent')
2026-09-29 08:08:39:891 [790e2ec9][Xcode]     cd <host-path>/qualification/compatibility-smoke/harness/node_modules/appium-xcuitest-driver/node_modules/appium-webdriveragent
2026-09-29 08:08:39:891 [790e2ec9][Xcode]     
2026-09-29 08:08:39:891 [790e2ec9][Xcode]     Using response file: <host-path>/Library/Developer/Xcode/DerivedData/WebDriverAgent-gvnbbobaqwdgeeepwfrffrnyucio/Build/Intermediates.noindex/WebDriverAgent.build/Debug-iphonesimulator/WebDriverAgentLib.build/Objects-normal/arm64/22a6d426986e98cf1a8e0c880c6a22df-common-args.resp
2026-09-29 08:08:39:892 [790e2ec9][Xcode]     
2026-09-29 08:08:39:892 [790e2ec9][Xcode]     builtin-ScanDependencies -o <host-path>/Library/Developer/Xcode/DerivedData/WebDriverAgent-gvnbbobaqwdgeeepwfrffrnyucio/Build/Intermediates.noindex/WebDriverAgent.build/Debug-iphonesimulator/WebDriverAgentLib.build/StaticAnalyzer/WebDriverAgent/WebDriverAgentLib/normal/arm64/LRUCacheNode.plist.scan -- /Applications/Xcode_16.4.app/Contents/Developer/Toolchains/XcodeDefault.xctoolchain/usr/bin/clang -x objective-c -ivfsstatcache <host-path>/Library/Developer/Xcode/DerivedData/SDKStatCaches.noindex/iphonesimulator18.5-22F76-96ae0914227b19deccb34b33ba7b5dea.sdkstatcache -fmessage-length\=0 -fdiagnostics-show-note-include-stack -fmacro-backtrace-limit\=0 -fno-color-diagnostics -fmodules-prune-interval\=86400 -fmodules-prune-after\=345600 -fbuild-session-file\=<host-path>/Library/Developer/Xcode/DerivedData/ModuleCache.noindex/Session.modulevalidation -fmodules-validate-once-per-build-session -Wno-trigraphs -Wmissing-field-initializers -Wno-missing-prototypes -Werror\=return-type -Wunreachable-code -Wquoted-include-in-framework-header -Wno-implicit-atomic-properties -Werror\=deprecated-objc-isa-usage -Wno-objc-interface-ivars -Werror\=objc-root-class -Warc-repeated-use-of-weak -Wno-arc-maybe-repeated-use-of-weak -Wimplicit-retain-self -Wduplicate-method-match -Wno-missing-braces -Wparentheses -Wswitch -Wunused-function -Wno-unused-label -Wunused-parameter -Wunused-variable -Wunused-value -Wempty-body -Wuninitialized -Wconditional-uninitialized -Wno-unknown-pragmas -Wshadow -Wno-four-char-constants -Wconversion -Wconstant-conversion -Wint-conversion -Wbool-conversion -Wenum-conversion -Wfloat-conversion -Wnon-literal-null-conversion -Wobjc-literal-conversion -Wassign-enum -Wsign-compare -Wshorten-64-to-32 -Wpointer-sign -Wno-newline-eof -Wno-selector -Wno-strict-selector-match -Wundeclared-selector -Wdeprecated-implementations -Wno-implicit-fallthrough -fstrict-aliasing -Wprotocol -Wdeprecated-declarations -Wno-sign-conversion -Winfinite-recursion -Wcomma -Wblock-capture-autoreleasing -Wstrict-prototypes -Wno-semicolon-before-method-body -Weverything -Wno-objc-missing-property-synthesis -Wno-unused-macros -Wno-disabled-macro-expansion -Wno-gnu-statement-expression -Wno-language-extension-token -Wno-overriding-method-mismatch -Wno-missing-variable-declarations -Wno-auto-import -Wno-objc-interface-ivars -Wno-documentation-unknown-command -Wno-reserved-id-macro -Wno-unused-parameter -Wno-gnu-conditional-omitted-operand -Wno-explicit-ownership-type -Wno-date-time -Wno-cast-align -Wno-cstring-format-directive -Wno-double-promotion -Wno-partial-availability -Wno-declaration-after-statement -Wno-objc-messaging-id -Wno-direct-ivar-access -Wno-cast-qual -Wno-deprecated-declarations -Wno-reserved-identifier -Weverything -Wno-objc-missing-property-synthesis -Wno-unused-macros -Wno-disabled-macro-expansion -Wno-gnu-statement-expression -Wno-language-extension-token -Wno-overriding-method-mismatch -Wno-missing-variable-declarations -Wno-auto-import -Wno-objc-interface-ivars -Wno-documentation-unknown-command -Wno-reserved-id-macro -Wno-unused-parameter -Wno-gnu-conditional-omitted-operand -Wno-explicit-ownership-type -Wno-date-time -Wno-cast-align -Wno-cstring-format-directive -Wno-double-promotion -Wno-partial-availability -Wno-objc-messaging-id -Wno-direct-ivar-access -Wno-cast-qual -Wno-declaration-after-statement @<host-path>/Library/Developer/Xcode/DerivedData/WebDriverAgent-gvnbbobaqwdgeeepwfrffrnyucio/Build/Intermediates.noindex/WebDriverAgent.build/Debug-iphonesimulator/WebDriverAgentLib.build/Objects-normal/arm64/22a6d426986e98cf1a8e0c880c6a22df-common-args.resp -MMD -MT dependencies -MF <host-path>/Library/Developer/Xcode/DerivedData/WebDriverAgent-gvnbbobaqwdgeeepwfrffrnyucio/Build/Intermediates.noindex/WebDriverAgent.build/Debug-iphonesimulator/WebDriverAgentLib.build/StaticAnalyzer/WebDriverAgent/WebDriverAgentLib/normal/arm64/LRUCacheNode.d --analyze <host-path>/qualification/compatibility-smoke/harness/node_modules/appium-xcuitest-driver/node_modules/appium-webdriveragent/WebDriverAgentLib/Utilities/LRUCache/LRUCacheNode.m -o <host-path>/Library/Developer/Xcode/DerivedData/WebDriverAgent-gvnbbobaqwdgeeepwfrffrnyucio/Build/Intermediates.noindex/WebDriverAgent.build/Debug-iphonesimulator/WebDriverAgentLib.build/StaticAnalyzer/WebDriverAgent/WebDriverAgentLib/normal/arm64/LRUCacheNode.plist
2026-09-29 08:08:39:892 [790e2ec9][Xcode] 
2026-09-29 08:08:39:892 [790e2ec9][Xcode] PrecompileModule <host-path>/Library/Developer/Xcode/DerivedData/WebDriverAgent-gvnbbobaqwdgeeepwfrffrnyucio/Build/Intermediates.noindex/ExplicitPrecompiledModules/Darwin-BR4J53GO4VS51MD1Y8JCPIGRD.scan
2026-09-29 08:08:39:892 [790e2ec9][Xcode]     cd <host-path>/qualification/compatibility-smoke/harness/node_modules/appium-xcuitest-driver/node_modules/appium-webdriveragent
2026-09-29 08:08:39:892 [790e2ec9][Xcode]     builtin-precompileModule <host-path>/Library/Developer/Xcode/DerivedData/WebDriverAgent-gvnbbobaqwdgeeepwfrffrnyucio/Build/Intermediates.noindex/ExplicitPrecompiledModules/Darwin-BR4J53GO4VS51MD1Y8JCPIGRD.scan
2026-09-29 08:08:39:892 [790e2ec9][Xcode] 
2026-09-29 08:08:39:892 [790e2ec9][Xcode] PrecompileModule <host-path>/Library/Developer/Xcode/DerivedData/WebDriverAgent-gvnbbobaqwdgeeepwfrffrnyucio/Build/Intermediates.noindex/ExplicitPrecompiledModules/ObjectiveC-253FY7M00MT368EZDJFBTUEUL.scan
2026-09-29 08:08:39:892 [790e2ec9][Xcode]     cd <host-path>/qualification/compatibility-smoke/harness/node_modules/appium-xcuitest-driver/node_modules/appium-webdriveragent
2026-09-29 08:08:39:892 [790e2ec9][Xcode]     builtin-precompileModule <host-path>/Library/Developer/Xcode/DerivedData/WebDriverAgent-gvnbbobaqwdgeeepwfrffrnyucio/Build/Intermediates.noindex/ExplicitPrecompiledModules/ObjectiveC-253FY7M00MT368EZDJFBTUEUL.scan
2026-09-29 08:08:39:892 [790e2ec9][Xcode] 
2026-09-29 08:08:39:892 [790e2ec9][Xcode] ScanDependencies Analyze <host-path>/qualification/compatibility-smoke/harness/node_modules/appium-xcuitest-driver/node_modules/appium-webdriveragent/WebDriverAgentLib/Utilities/LRUCache/LRUCache.m normal arm64 (in target 'WebDriverAgentLib' from project 'WebDriverAgent')
2026-09-29 08:08:39:892 [790e2ec9][Xcode]     cd <host-path>/qualification/compatibility-smoke/harness/node_modules/appium-xcuitest-driver/node_modules/appium-webdriveragent
2026-09-29 08:08:39:892 [790e2ec9][Xcode]     
2026-09-29 08:08:39:893 [790e2ec9][Xcode]     Using response file: <host-path>/Library/Developer/Xcode/DerivedData/WebDriverAgent-gvnbbobaqwdgeeepwfrffrnyucio/Build/Intermediates.noindex/WebDriverAgent.build/Debug-iphonesimulator/WebDriverAgentLib.build/Objects-normal/arm64/22a6d426986e98cf1a8e0c880c6a22df-common-args.resp
2026-09-29 08:08:39:894 [790e2ec9][Xcode]     
2026-09-29 08:08:39:905 [790e2ec9][Xcode]     builtin-ScanDependencies -o <host-path>/Library/Developer/Xcode/DerivedData/WebDriverAgent-gvnbbobaqwdgeeepwfrffrnyucio/Build/Intermediates.noindex/WebDriverAgent.build/Debug-iphonesimulator/WebDriverAgentLib.build/StaticAnalyzer/WebDriverAgent/WebDriverAgentLib/normal/arm64/LRUCache.plist.scan -- /Applications/Xcode_16.4.app/Contents/Developer/Toolchains/XcodeDefault.xctoolchain/usr/bin/clang -x objective-c -ivfsstatcache <host-path>/Library/Developer/Xcode/DerivedData/SDKStatCaches.noindex/iphonesimulator18.5-22F76-96ae0914227b19deccb34b33ba7b5dea.sdkstatcache -fmessage-length\=0 -fdiagnostics-show-note-include-stack -fmacro-backtrace-limit\=0 -fno-color-diagnostics -fmodules-prune-interval\=86400 -fmodules-prune-after\=345600 -fbuild-session-file\=<host-path>/Library/Developer/Xcode/DerivedData/ModuleCache.noindex/Session.modulevalidation -fmodules-validate-once-per-build-session -Wno-trigraphs -Wmissing-field-initializers -Wno-missing-prototypes -Werror\=return-type -Wunreachable-code -Wquoted-include-in-framework-header -Wno-implicit-atomic-properties -Werror\=deprecated-objc-isa-usage -Wno-objc-interface-ivars -Werror\=objc-root-class -Warc-repeated-use-of-weak -Wno-arc-maybe-repeated-use-of-weak -Wimplicit-retain-self -Wduplicate-method-match -Wno-missing-braces -Wparentheses -Wswitch -Wunused-function -Wno-unused-label -Wunused-parameter -Wunused-variable -Wunused-value -Wempty-body -Wuninitialized -Wconditional-uninitialized -Wno-unknown-pragmas -Wshadow -Wno-four-char-constants -Wconversion -Wconstant-conversion -Wint-conversion -Wbool-conversion -Wenum-conversion -Wfloat-conversion -Wnon-literal-null-conversion -Wobjc-literal-conversion -Wassign-enum -Wsign-compare -Wshorten-64-to-32 -Wpointer-sign -Wno-newline-eof -Wno-selector -Wno-strict-selector-match -Wundeclared-selector -Wdeprecated-implementations -Wno-implicit-fallthrough -fstrict-aliasing -Wprotocol -Wdeprecated-declarations -Wno-sign-conversion -Winfinite-recursion -Wcomma -Wblock-capture-autoreleasing -Wstrict-prototypes -Wno-semicolon-before-method-body -Weverything -Wno-objc-missing-property-synthesis -Wno-unused-macros -Wno-disabled-macro-expansion -Wno-gnu-statement-expression -Wno-language-extension-token -Wno-overriding-method-mismatch -Wno-missing-variable-declarations -Wno-auto-import -Wno-objc-interface-ivars -Wno-documentation-unknown-command -Wno-reserved-id-macro -Wno-unused-parameter -Wno-gnu-conditional-omitted-operand -Wno-explicit-ownership-type -Wno-date-time -Wno-cast-align -Wno-cstring-format-directive -Wno-double-promotion -Wno-partial-availability -Wno-declaration-after-statement -Wno-objc-messaging-id -Wno-direct-ivar-access -Wno-cast-qual -Wno-deprecated-declarations -Wno-reserved-identifier -Weverything -Wno-objc-missing-property-synthesis -Wno-unused-macros -Wno-disabled-macro-expansion -Wno-gnu-statement-expression -Wno-language-extension-token -Wno-overriding-method-mismatch -Wno-missing-variable-declarations -Wno-auto-import -Wno-objc-interface-ivars -Wno-documentation-unknown-command -Wno-reserved-id-macro -Wno-unused-parameter -Wno-gnu-conditional-omitted-operand -Wno-explicit-ownership-type -Wno-date-time -Wno-cast-align -Wno-cstring-format-directive -Wno-double-promotion -Wno-partial-availability -Wno-objc-messaging-id -Wno-direct-ivar-access -Wno-cast-qual -Wno-declaration-after-statement @<host-path>/Library/Developer/Xcode/DerivedData/WebDriverAgent-gvnbbobaqwdgeeepwfrffrnyucio/Build/Intermediates.noindex/WebDriverAgent.build/Debug-iphonesimulator/WebDriverAgentLib.build/Objects-normal/arm64/22a6d426986e98cf1a8e0c880c6a22df-common-args.resp -MMD -MT dependencies -MF <host-path>/Library/Developer/Xcode/DerivedData/WebDriverAgent-gvnbbobaqwdgeeepwfrffrnyucio/Build/Intermediates.noindex/WebDriverAgent.build/Debug-iphonesimulator/WebDriverAgentLib.build/StaticAnalyzer/WebDriverAgent/WebDriverAgentLib/normal/arm64/LRUCache.d --analyze <host-path>/qualification/compatibility-smoke/harness/node_modules/appium-xcuitest-driver/node_modules/appium-webdriveragent/WebDriverAgentLib/Utilities/LRUCache/LRUCache.m -o <host-path>/Library/Developer/Xcode/DerivedData/WebDriverAgent-gvnbbobaqwdgeeepwfrffrnyucio/Build/Intermediates.noindex/WebDriverAgent.build/Debug-iphonesimulator/WebDriverAgentLib.build/StaticAnalyzer/WebDriverAgent/WebDriverAgentLib/normal/arm64/LRUCache.plist
2026-09-29 08:08:39:910 [790e2ec9][Xcode] 
2026-09-29 08:08:39:910 [790e2ec9][Xcode] PrecompileModule <host-path>/Library/Developer/Xcode/DerivedData/WebDriverAgent-gvnbbobaqwdgeeepwfrffrnyucio/Build/Intermediates.noindex/ExplicitPrecompiledModules/os_object-T7MAHGBEXWMPU4VNUD97MIGT.scan
2026-09-29 08:08:39:910 [790e2ec9][Xcode]     cd <host-path>/qualification/compatibility-smoke/harness/node_modules/appium-xcuitest-driver/node_modules/appium-webdriveragent
2026-09-29 08:08:39:910 [790e2ec9][Xcode]     builtin-precompileModule <host-path>/Library/Developer/Xcode/DerivedData/WebDriverAgent-gvnbbobaqwdgeeepwfrffrnyucio/Build/Intermediates.noindex/ExplicitPrecompiledModules/os_object-T7MAHGBEXWMPU4VNUD97MIGT.scan
2026-09-29 08:08:39:910 [790e2ec9][Xcode] 
2026-09-29 08:08:39:910 [790e2ec9][Xcode] ScanDependencies Analyze <host-path>/qualification/compatibility-smoke/harness/node_modules/appium-xcuitest-driver/node_modules/appium-webdriveragent/WebDriverAgentLib/Utilities/FBXPathExtensions.m normal arm64 (in target 'WebDriverAgentLib' from project 'WebDriverAgent')
2026-09-29 08:08:39:910 [790e2ec9][Xcode]     cd <host-path>/qualification/compatibility-smoke/harness/node_modules/appium-xcuitest-driver/node_modules/appium-webdriveragent
2026-09-29 08:08:39:910 [790e2ec9][Xcode]     
2026-09-29 08:08:39:910 [790e2ec9][Xcode]     Using response file: <host-path>/Library/Developer/Xcode/DerivedData/WebDriverAgent-gvnbbobaqwdgeeepwfrffrnyucio/Build/Intermediates.noindex/WebDriverAgent.build/Debug-iphonesimulator/WebDriverAgentLib.build/Objects-normal/arm64/22a6d426986e98cf1a8e0c880c6a22df-common-args.resp
2026-09-29 08:08:39:910 [790e2ec9][Xcode]     
2026-09-29 08:08:39:910 [790e2ec9][Xcode]     builtin-ScanDependencies -o <host-path>/Library/Developer/Xcode/DerivedData/WebDriverAgent-gvnbbobaqwdgeeepwfrffrnyucio/Build/Intermediates.noindex/WebDriverAgent.build/Debug-iphonesimulator/WebDriverAgentLib.build/StaticAnalyzer/WebDriverAgent/WebDriverAgentLib/normal/arm64/FBXPathExtensions.plist.scan -- /Applications/Xcode_16.4.app/Contents/Developer/Toolchains/XcodeDefault.xctoolchain/usr/bin/clang -x objective-c -ivfsstatcache <host-path>/Library/Developer/Xcode/DerivedData/SDKStatCaches.noindex/iphonesimulator18.5-22F76-96ae0914227b19deccb34b33ba7b5dea.sdkstatcache -fmessage-length\=0 -fdiagnostics-show-note-include-stack -fmacro-backtrace-limit\=0 -fno-color-diagnostics -fmodules-prune-interval\=86400 -fmodules-prune-after\=345600 -fbuild-session-file\=<host-path>/Library/Developer/Xcode/DerivedData/ModuleCache.noindex/Session.modulevalidation -fmodules-validate-once-per-build-session -Wno-trigraphs -Wmissing-field-initializers -Wno-missing-prototypes -Werror\=return-type -Wunreachable-code -Wquoted-include-in-framework-header -Wno-implicit-atomic-properties -Werror\=deprecated-objc-isa-usage -Wno-objc-interface-ivars -Werror\=objc-root-class -Warc-repeated-use-of-weak -Wno-arc-maybe-repeated-use-of-weak -Wimplicit-retain-self -Wduplicate-method-match -Wno-missing-braces -Wparentheses -Wswitch -Wunused-function -Wno-unused-label -Wunused-parameter -Wunused-variable -Wunused-value -Wempty-body -Wuninitialized -Wconditional-uninitialized -Wno-unknown-pragmas -Wshadow -Wno-four-char-constants -Wconversion -Wconstant-conversion -Wint-conversion -Wbool-conversion -Wenum-conversion -Wfloat-conversion -Wnon-literal-null-conversion -Wobjc-literal-conversion -Wassign-enum -Wsign-compare -Wshorten-64-to-32 -Wpointer-sign -Wno-newline-eof -Wno-selector -Wno-strict-selector-match -Wundeclared-selector -Wdeprecated-implementations -Wno-implicit-fallthrough -fstrict-aliasing -Wprotocol -Wdeprecated-declarations -Wno-sign-conversion -Winfinite-recursion -Wcomma -Wblock-capture-autoreleasing -Wstrict-prototypes -Wno-semicolon-before-method-body -Weverything -Wno-objc-missing-property-synthesis -Wno-unused-macros -Wno-disabled-macro-expansion -Wno-gnu-statement-expression -Wno-language-extension-token -Wno-overriding-method-mismatch -Wno-missing-variable-declarations -Wno-auto-import -Wno-objc-interface-ivars -Wno-documentation-unknown-command -Wno-reserved-id-macro -Wno-unused-parameter -Wno-gnu-conditional-omitted-operand -Wno-explicit-ownership-type -Wno-date-time -Wno-cast-align -Wno-cstring-format-directive -Wno-double-promotion -Wno-partial-availability -Wno-declaration-after-statement -Wno-objc-messaging-id -Wno-direct-ivar-access -Wno-cast-qual -Wno-deprecated-declarations -Wno-reserved-identifier -Weverything -Wno-objc-missing-property-synthesis -Wno-unused-macros -Wno-disabled-macro-expansion -Wno-gnu-statement-expression -Wno-language-extension-token -Wno-overriding-method-mismatch -Wno-missing-variable-declarations -Wno-auto-import -Wno-objc-interface-ivars -Wno-documentation-unknown-command -Wno-reserved-id-macro -Wno-unused-parameter -Wno-gnu-conditional-omitted-operand -Wno-explicit-ownership-type -Wno-date-time -Wno-cast-align -Wno-cstring-format-directive -Wno-double-promotion -Wno-partial-availability -Wno-objc-messaging-id -Wno-direct-ivar-access -Wno-cast-qual -Wno-declaration-after-statement @<host-path>/Library/Developer/Xcode/DerivedData/WebDriverAgent-gvnbbobaqwdgeeepwfrffrnyucio/Build/Intermediates.noindex/WebDriverAgent.build/Debug-iphonesimulator/WebDriverAgentLib.build/Objects-normal/arm64/22a6d426986e98cf1a8e0c880c6a22df-common-args.resp -MMD -MT dependencies -MF <host-path>/Library/Developer/Xcode/DerivedData/WebDriverAgent-gvnbbobaqwdgeeepwfrffrnyucio/Build/Intermediates.noindex/WebDriverAgent.build/Debug-iphonesimulator/WebDriverAgentLib.build/StaticAnalyzer/WebDriverAgent/WebDriverAgentLib/normal/arm64/FBXPathExtensions.d --analyze <host-path>/qualification/compatibility-smoke/harness/node_modules/appium-xcuitest-driver/node_modules/appium-webdriveragent/WebDriverAgentLib/Utilities/FBXPathExtensions.m -o <host-path>/Library/Developer/Xcode/DerivedData/WebDriverAgent-gvnbbobaqwdgeeepwfrffrnyucio/Build/Intermediates.noindex/WebDriverAgent.build/Debug-iphonesimulator/WebDriverAgentLib.build/StaticAnalyzer/WebDriverAgent/WebDriverAgentLib/normal/arm64/FBXPathExtensions.plist
2026-09-29 08:08:39:910 [790e2ec9][Xcode] 
2026-09-29 08:08:39:910 [790e2ec9][Xcode] PrecompileModule <host-path>/Library/Developer/Xcode/DerivedData/WebDriverAgent-gvnbbobaqwdgeeepwfrffrnyucio/Build/Intermediates.noindex/ExplicitPrecompiledModules/os_workgroup-6ZRQ9V32J5FFBTTCIMLJ8DVLZ.scan
2026-09-29 08:08:39:910 [790e2ec9][Xcode]     cd <host-path>/qualification/compatibility-smoke/harness/node_modules/appium-xcuitest-driver/node_modules/appium-webdriveragent
2026-09-29 08:08:39:910 [790e2ec9][Xcode]     builtin-precompileModule <host-path>/Library/Developer/Xcode/DerivedData/WebDriverAgent-gvnbbobaqwdgeeepwfrffrnyucio/Build/Intermediates.noindex/ExplicitPrecompiledModules/os_workgroup-6ZRQ9V32J5FFBTTCIMLJ8DVLZ.scan
2026-09-29 08:08:39:911 [790e2ec9][Xcode] 
2026-09-29 08:08:39:911 [790e2ec9][Xcode] ScanDependencies Analyze <host-path>/qualification/compatibility-smoke/harness/node_modules/appium-xcuitest-driver/node_modules/appium-webdriveragent/WebDriverAgentLib/Utilities/FBXPath.m normal arm64 (in target 'WebDriverAgentLib' from project 'WebDriverAgent')
2026-09-29 08:08:39:911 [790e2ec9][Xcode]     cd <host-path>/qualification/compatibility-smoke/harness/node_modules/appium-xcuitest-driver/node_modules/appium-webdriveragent
2026-09-29 08:08:39:911 [790e2ec9][Xcode]     
2026-09-29 08:08:39:911 [790e2ec9][Xcode]     Using response file: <host-path>/Library/Developer/Xcode/DerivedData/WebDriverAgent-gvnbbobaqwdgeeepwfrffrnyucio/Build/Intermediates.noindex/WebDriverAgent.build/Debug-iphonesimulator/WebDriverAgentLib.build/Objects-normal/arm64/22a6d426986e98cf1a8e0c880c6a22df-common-args.resp
2026-09-29 08:08:39:911 [790e2ec9][Xcode]     
2026-09-29 08:08:39:911 [790e2ec9][Xcode]     builtin-ScanDependencies -o <host-path>/Library/Developer/Xcode/DerivedData/WebDriverAgent-gvnbbobaqwdgeeepwfrffrnyucio/Build/Intermediates.noindex/WebDriverAgent.build/Debug-iphonesimulator/WebDriverAgentLib.build/StaticAnalyzer/WebDriverAgent/WebDriverAgentLib/normal/arm64/FBXPath.plist.scan -- /Applications/Xcode_16.4.app/Contents/Developer/Toolchains/XcodeDefault.xctoolchain/usr/bin/clang -x objective-c -ivfsstatcache <host-path>/Library/Developer/Xcode/DerivedData/SDKStatCaches.noindex/iphonesimulator18.5-22F76-96ae0914227b19deccb34b33ba7b5dea.sdkstatcache -fmessage-length\=0 -fdiagnostics-show-note-include-stack -fmacro-backtrace-limit\=0 -fno-color-diagnostics -fmodules-prune-interval\=86400 -fmodules-prune-after\=345600 -fbuild-session-file\=<host-path>/Library/Developer/Xcode/DerivedData/ModuleCache.noindex/Session.modulevalidation -fmodules-validate-once-per-build-session -Wno-trigraphs -Wmissing-field-initializers -Wno-missing-prototypes -Werror\=return-type -Wunreachable-code -Wquoted-include-in-framework-header -Wno-implicit-atomic-properties -Werror\=deprecated-objc-isa-usage -Wno-objc-interface-ivars -Werror\=objc-root-class -Warc-repeated-use-of-weak -Wno-arc-maybe-repeated-use-of-weak -Wimplicit-retain-self -Wduplicate-method-match -Wno-missing-braces -Wparentheses -Wswitch -Wunused-function -Wno-unused-label -Wunused-parameter -Wunused-variable -Wunused-value -Wempty-body -Wuninitialized -Wconditional-uninitialized -Wno-unknown-pragmas -Wshadow -Wno-four-char-constants -Wconversion -Wconstant-conversion -Wint-conversion -Wbool-conversion -Wenum-conversion -Wfloat-conversion -Wnon-literal-null-conversion -Wobjc-literal-conversion -Wassign-enum -Wsign-compare -Wshorten-64-to-32 -Wpointer-sign -Wno-newline-eof -Wno-selector -Wno-strict-selector-match -Wundeclared-selector -Wdeprecated-implementations -Wno-implicit-fallthrough -fstrict-aliasing -Wprotocol -Wdeprecated-declarations -Wno-sign-conversion -Winfinite-recursion -Wcomma -Wblock-capture-autoreleasing -Wstrict-prototypes -Wno-semicolon-before-method-body -Weverything -Wno-objc-missing-property-synthesis -Wno-unused-macros -Wno-disabled-macro-expansion -Wno-gnu-statement-expression -Wno-language-extension-token -Wno-overriding-method-mismatch -Wno-missing-variable-declarations -Wno-auto-import -Wno-objc-interface-ivars -Wno-documentation-unknown-command -Wno-reserved-id-macro -Wno-unused-parameter -Wno-gnu-conditional-omitted-operand -Wno-explicit-ownership-type -Wno-date-time -Wno-cast-align -Wno-cstring-format-directive -Wno-double-promotion -Wno-partial-availability -Wno-declaration-after-statement -Wno-objc-messaging-id -Wno-direct-ivar-access -Wno-cast-qual -Wno-deprecated-declarations -Wno-reserved-identifier -Weverything -Wno-objc-missing-property-synthesis -Wno-unused-macros -Wno-disabled-macro-expansion -Wno-gnu-statement-expression -Wno-language-extension-token -Wno-overriding-method-mismatch -Wno-missing-variable-declarations -Wno-auto-import -Wno-objc-interface-ivars -Wno-documentation-unknown-command -Wno-reserved-id-macro -Wno-unused-parameter -Wno-gnu-conditional-omitted-operand -Wno-explicit-ownership-type -Wno-date-time -Wno-cast-align -Wno-cstring-format-directive -Wno-double-promotion -Wno-partial-availability -Wno-objc-messaging-id -Wno-direct-ivar-access -Wno-cast-qual -Wno-declaration-after-statement @<host-path>/Library/Developer/Xcode/DerivedData/WebDriverAgent-gvnbbobaqwdgeeepwfrffrnyucio/Build/Intermediates.noindex/WebDriverAgent.build/Debug-iphonesimulator/WebDriverAgentLib.build/Objects-normal/arm64/22a6d426986e98cf1a8e0c880c6a22df-common-args.resp -MMD -MT dependencies -MF <host-path>/Library/Developer/Xcode/DerivedData/WebDriverAgent-gvnbbobaqwdgeeepwfrffrnyucio/Build/Intermediates.noindex/WebDriverAgent.build/Debug-iphonesimulator/WebDriverAgentLib.build/StaticAnalyzer/WebDriverAgent/WebDriverAgentLib/normal/arm64/FBXPath.d --analyze <host-path>/qualification/compatibility-smoke/harness/node_modules/appium-xcuitest-driver/node_modules/appium-webdriveragent/WebDriverAgentLib/Utilities/FBXPath.m -o <host-path>/Library/Developer/Xcode/DerivedData/WebDriverAgent-gvnbbobaqwdgeeepwfrffrnyucio/Build/Intermediates.noindex/WebDriverAgent.build/Debug-iphonesimulator/WebDriverAgentLib.build/StaticAnalyzer/WebDriverAgent/WebDriverAgentLib/normal/arm64/FBXPath.plist
2026-09-29 08:08:39:911 [790e2ec9][Xcode] 
2026-09-29 08:08:39:911 [790e2ec9][Xcode] PrecompileModule <host-path>/Library/Developer/Xcode/DerivedData/WebDriverAgent-gvnbbobaqwdgeeepwfrffrnyucio/Build/Intermediates.noindex/ExplicitPrecompiledModules/Dispatch-41D9DJ6OTLBCGLNW5K4P11AYZ.scan
2026-09-29 08:08:39:912 [790e2ec9][Xcode]     cd <host-path>/qualification/compatibility-smoke/harness/node_modules/appium-xcuitest-driver/node_modules/appium-webdriveragent
2026-09-29 08:08:39:912 [790e2ec9][Xcode]     builtin-precompileModule <host-path>/Library/Developer/Xcode/DerivedData/WebDriverAgent-gvnbbobaqwdgeeepwfrffrnyucio/Build/Intermediates.noindex/ExplicitPrecompiledModules/Dispatch-41D9DJ6OTLBCGLNW5K4P11AYZ.scan
2026-09-29 08:08:39:912 [790e2ec9][Xcode] 
2026-09-29 08:08:39:912 [790e2ec9][Xcode] ScanDependencies Analyze <host-path>/qualification/compatibility-smoke/harness/node_modules/appium-xcuitest-driver/node_modules/appium-webdriveragent/WebDriverAgentLib/Utilities/FBXMLGenerationOptions.m normal arm64 (in target 'WebDriverAgentLib' from project 'WebDriverAgent')
2026-09-29 08:08:39:912 [790e2ec9][Xcode]     cd <host-path>/qualification/compatibility-smoke/harness/node_modules/appium-xcuitest-driver/node_modules/appium-webdriveragent
2026-09-29 08:08:39:912 [790e2ec9][Xcode]     
2026-09-29 08:08:39:912 [790e2ec9][Xcode]     Using response file: <host-path>/Library/Developer/Xcode/DerivedData/WebDriverAgent-gvnbbobaqwdgeeepwfrffrnyucio/Build/Intermediates.noindex/WebDriverAgent.build/Debug-iphonesimulator/WebDriverAgentLib.build/Objects-normal/arm64/22a6d426986e98cf1a8e0c880c6a22df-common-args.resp
2026-09-29 08:08:39:912 [790e2ec9][Xcode]     
2026-09-29 08:08:39:912 [790e2ec9][Xcode]     builtin-ScanDependencies -o <host-path>/Library/Developer/Xcode/DerivedData/WebDriverAgent-gvnbbobaqwdgeeepwfrffrnyucio/Build/Intermediates.noindex/WebDriverAgent.build/Debug-iphonesimulator/WebDriverAgentLib.build/StaticAnalyzer/WebDriverAgent/WebDriverAgentLib/normal/arm64/FBXMLGenerationOptions.plist.scan -- /Applications/Xcode_16.4.app/Contents/Developer/Toolchains/XcodeDefault.xctoolchain/usr/bin/clang -x objective-c -ivfsstatcache <host-path>/Library/Developer/Xcode/DerivedData/SDKStatCaches.noindex/iphonesimulator18.5-22F76-96ae0914227b19deccb34b33ba7b5dea.sdkstatcache -fmessage-length\=0 -fdiagnostics-show-note-include-stack -fmacro-backtrace-limit\=0 -fno-color-diagnostics -fmodules-prune-interval\=86400 -fmodules-prune-after\=345600 -fbuild-session-file\=<host-path>/Library/Developer/Xcode/DerivedData/ModuleCache.noindex/Session.modulevalidation -fmodules-validate-once-per-build-session -Wno-trigraphs -Wmissing-field-initializers -Wno-missing-prototypes -Werror\=return-type -Wunreachable-code -Wquoted-include-in-framework-header -Wno-implicit-atomic-properties -Werror\=deprecated-objc-isa-usage -Wno-objc-interface-ivars -Werror\=objc-root-class -Warc-repeated-use-of-weak -Wno-arc-maybe-repeated-use-of-weak -Wimplicit-retain-self -Wduplicate-method-match -Wno-missing-braces -Wparentheses -Wswitch -Wunused-function -Wno-unused-label -Wunused-parameter -Wunused-variable -Wunused-value -Wempty-body -Wuninitialized -Wconditional-uninitialized -Wno-unknown-pragmas -Wshadow -Wno-four-char-constants -Wconversion -Wconstant-conversion -Wint-conversion -Wbool-conversion -Wenum-conversion -Wfloat-conversion -Wnon-literal-null-conversion -Wobjc-literal-conversion -Wassign-enum -Wsign-compare -Wshorten-64-to-32 -Wpointer-sign -Wno-newline-eof -Wno-selector -Wno-strict-selector-match -Wundeclared-selector -Wdeprecated-implementations -Wno-implicit-fallthrough -fstrict-aliasing -Wprotocol -Wdeprecated-declarations -Wno-sign-conversion -Winfinite-recursion -Wcomma -Wblock-capture-autoreleasing -Wstrict-prototypes -Wno-semicolon-before-method-body -Weverything -Wno-objc-missing-property-synthesis -Wno-unused-macros -Wno-disabled-macro-expansion -Wno-gnu-statement-expression -Wno-language-extension-token -Wno-overriding-method-mismatch -Wno-missing-variable-declarations -Wno-auto-import -Wno-objc-interface-ivars -Wno-documentation-unknown-command -Wno-reserved-id-macro -Wno-unused-parameter -Wno-gnu-conditional-omitted-operand -Wno-explicit-ownership-type -Wno-date-time -Wno-cast-align -Wno-cstring-format-directive -Wno-double-promotion -Wno-partial-availability -Wno-declaration-after-statement -Wno-objc-messaging-id -Wno-direct-ivar-access -Wno-cast-qual -Wno-deprecated-declarations -Wno-reserved-identifier -Weverything -Wno-objc-missing-property-synthesis -Wno-unused-macros -Wno-disabled-macro-expansion -Wno-gnu-statement-expression -Wno-language-extension-token -Wno-overriding-method-mismatch -Wno-missing-variable-declarations -Wno-auto-import -Wno-objc-interface-ivars -Wno-documentation-unknown-command -Wno-reserved-id-macro -Wno-unused-parameter -Wno-gnu-conditional-omitted-operand -Wno-explicit-ownership-type -Wno-date-time -Wno-cast-align -Wno-cstring-format-directive -Wno-double-promotion -Wno-partial-availability -Wno-objc-messaging-id -Wno-direct-ivar-access -Wno-cast-qual -Wno-declaration-after-statement @<host-path>/Library/Developer/Xcode/DerivedData/WebDriverAgent-gvnbbobaqwdgeeepwfrffrnyucio/Build/Intermediates.noindex/WebDriverAgent.build/Debug-iphonesimulator/WebDriverAgentLib.build/Objects-normal/arm64/22a6d426986e98cf1a8e0c880c6a22df-common-args.resp -MMD -MT dependencies -MF <host-path>/Library/Developer/Xcode/DerivedData/WebDriverAgent-gvnbbobaqwdgeeepwfrffrnyucio/Build/Intermediates.noindex/WebDriverAgent.build/Debug-iphonesimulator/WebDriverAgentLib.build/StaticAnalyzer/WebDriverAgent/WebDriverAgentLib/normal/arm64/FBXMLGenerationOptions.d --analyze <host-path>/qualification/compatibility-smoke/harness/node_modules/appium-xcuitest-driver/node_modules/appium-webdriveragent/WebDriverAgentLib/Utilities/FBXMLGenerationOptions.m -o <host-path>/Library/Developer/Xcode/DerivedData/WebDriverAgent-gvnbbobaqwdgeeepwfrffrnyucio/Build/Intermediates.noindex/WebDriverAgent.build/Debug-iphonesimulator/WebDriverAgentLib.build/StaticAnalyzer/WebDriverAgent/WebDriverAgentLib/normal/arm64/FBXMLGenerationOptions.plist
2026-09-29 08:08:39:923 [790e2ec9][Xcode] 
2026-09-29 08:08:39:923 [790e2ec9][Xcode] PrecompileModule <host-path>/Library/Developer/Xcode/DerivedData/WebDriverAgent-gvnbbobaqwdgeeepwfrffrnyucio/Build/Intermediates.noindex/ExplicitPrecompiledModules/CoreFoundation-5A7Y7BGV65VQC3NTK5VBMNWSN.scan
2026-09-29 08:08:39:923 [790e2ec9][Xcode]     cd <host-path>/qualification/compatibility-smoke/harness/node_modules/appium-xcuitest-driver/node_modules/appium-webdriveragent
2026-09-29 08:08:39:923 [790e2ec9][Xcode]     builtin-precompileModule <host-path>/Library/Developer/Xcode/DerivedData/WebDriverAgent-gvnbbobaqwdgeeepwfrffrnyucio/Build/Intermediates.noindex/ExplicitPrecompiledModules/CoreFoundation-5A7Y7BGV65VQC3NTK5VBMNWSN.scan
2026-09-29 08:08:39:923 [790e2ec9][Xcode] 
2026-09-29 08:08:39:923 [790e2ec9][XCUITestDriver@b322] connect ECONNREFUSED 127.0.0.1:8100
2026-09-29 08:08:39:923 [790e2ec9][Xcode] PrecompileModule <host-path>/Library/Developer/Xcode/DerivedData/WebDriverAgent-gvnbbobaqwdgeeepwfrffrnyucio/Build/Intermediates.noindex/ExplicitPrecompiledModules/XPC-H5W2Z2UPIXH2TA1SNRTPBIRE.scan
2026-09-29 08:08:39:924 [790e2ec9][Xcode]     cd <host-path>/qualification/compatibility-smoke/harness/node_modules/appium-xcuitest-driver/node_modules/appium-webdriveragent
2026-09-29 08:08:39:924 [790e2ec9][Xcode]     builtin-precompileModule <host-path>/Library/Developer/Xcode/DerivedData/WebDriverAgent-gvnbbobaqwdgeeepwfrffrnyucio/Build/Intermediates.noindex/ExplicitPrecompiledModules/XPC-H5W2Z2UPIXH2TA1SNRTPBIRE.scan
2026-09-29 08:08:39:924 [790e2ec9][Xcode] 
2026-09-29 08:08:39:924 [790e2ec9][Xcode] PrecompileModule <host-path>/Library/Developer/Xcode/DerivedData/WebDriverAgent-gvnbbobaqwdgeeepwfrffrnyucio/Build/Intermediates.noindex/ExplicitPrecompiledModules/ObjectiveC-C73ARPYU2VYPBWBWQCCKBTUXD.scan
2026-09-29 08:08:39:924 [790e2ec9][Xcode]     cd <host-path>/qualification/compatibility-smoke/harness/node_modules/appium-xcuitest-driver/node_modules/appium-webdriveragent
2026-09-29 08:08:39:924 [790e2ec9][Xcode]     builtin-precompileModule <host-path>/Library/Developer/Xcode/DerivedData/WebDriverAgent-gvnbbobaqwdgeeepwfrffrnyucio/Build/Intermediates.noindex/ExplicitPrecompiledModules/ObjectiveC-C73ARPYU2VYPBWBWQCCKBTUXD.scan
2026-09-29 08:08:39:924 [790e2ec9][Xcode] 
2026-09-29 08:08:39:924 [790e2ec9][Xcode] ScanDependencies Analyze <host-path>/qualification/compatibility-smoke/harness/node_modules/appium-xcuitest-driver/node_modules/appium-webdriveragent/WebDriverAgentLib/Utilities/FBXCodeCompatibility.m normal arm64 (in target 'WebDriverAgentLib' from project 'WebDriverAgent')
2026-09-29 08:08:39:925 [790e2ec9][Xcode]     cd <host-path>/qualification/compatibility-smoke/harness/node_modules/appium-xcuitest-driver/node_modules/appium-webdriveragent
2026-09-29 08:08:39:925 [790e2ec9][Xcode]     
2026-09-29 08:08:39:925 [790e2ec9][Xcode]     Using response file: <host-path>/Library/Developer/Xcode/DerivedData/WebDriverAgent-gvnbbobaqwdgeeepwfrffrnyucio/Build/Intermediates.noindex/WebDriverAgent.build/Debug-iphonesimulator/WebDriverAgentLib.build/Objects-normal/arm64/22a6d426986e98cf1a8e0c880c6a22df-common-args.resp
2026-09-29 08:08:39:925 [790e2ec9][Xcode]     
2026-09-29 08:08:39:925 [790e2ec9][Xcode]     builtin-ScanDependencies -o <host-path>/Library/Developer/Xcode/DerivedData/WebDriverAgent-gvnbbobaqwdgeeepwfrffrnyucio/Build/Intermediates.noindex/WebDriverAgent.build/Debug-iphonesimulator/WebDriverAgentLib.build/StaticAnalyzer/WebDriverAgent/WebDriverAgentLib/normal/arm64/FBXCodeCompatibility.plist.scan -- /Applications/Xcode_16.4.app/Contents/Developer/Toolchains/XcodeDefault.xctoolchain/usr/bin/clang -x objective-c -ivfsstatcache <host-path>/Library/Developer/Xcode/DerivedData/SDKStatCaches.noindex/iphonesimulator18.5-22F76-96ae0914227b19deccb34b33ba7b5dea.sdkstatcache -fmessage-length\=0 -fdiagnostics-show-note-include-stack -fmacro-backtrace-limit\=0 -fno-color-diagnostics -fmodules-prune-interval\=86400 -fmodules-prune-after\=345600 -fbuild-session-file\=<host-path>/Library/Developer/Xcode/DerivedData/ModuleCache.noindex/Session.modulevalidation -fmodules-validate-once-per-build-session -Wno-trigraphs -Wmissing-field-initializers -Wno-missing-prototypes -Werror\=return-type -Wunreachable-code -Wquoted-include-in-framework-header -Wno-implicit-atomic-properties -Werror\=deprecated-objc-isa-usage -Wno-objc-interface-ivars -Werror\=objc-root-class -Warc-repeated-use-of-weak -Wno-arc-maybe-repeated-use-of-weak -Wimplicit-retain-self -Wduplicate-method-match -Wno-missing-braces -Wparentheses -Wswitch -Wunused-function -Wno-unused-label -Wunused-parameter -Wunused-variable -Wunused-value -Wempty-body -Wuninitialized -Wconditional-uninitialized -Wno-unknown-pragmas -Wshadow -Wno-four-char-constants -Wconversion -Wconstant-conversion -Wint-conversion -Wbool-conversion -Wenum-conversion -Wfloat-conversion -Wnon-literal-null-conversion -Wobjc-literal-conversion -Wassign-enum -Wsign-compare -Wshorten-64-to-32 -Wpointer-sign -Wno-newline-eof -Wno-selector -Wno-strict-selector-match -Wundeclared-selector -Wdeprecated-implementations -Wno-implicit-fallthrough -fstrict-aliasing -Wprotocol -Wdeprecated-declarations -Wno-sign-conversion -Winfinite-recursion -Wcomma -Wblock-capture-autoreleasing -Wstrict-prototypes -Wno-semicolon-before-method-body -Weverything -Wno-objc-missing-property-synthesis -Wno-unused-macros -Wno-disabled-macro-expansion -Wno-gnu-statement-expression -Wno-language-extension-token -Wno-overriding-method-mismatch -Wno-missing-variable-declarations -Wno-auto-import -Wno-objc-interface-ivars -Wno-documentation-unknown-command -Wno-reserved-id-macro -Wno-unused-parameter -Wno-gnu-conditional-omitted-operand -Wno-explicit-ownership-type -Wno-date-time -Wno-cast-align -Wno-cstring-format-directive -Wno-double-promotion -Wno-partial-availability -Wno-declaration-after-statement -Wno-objc-messaging-id -Wno-direct-ivar-access -Wno-cast-qual -Wno-deprecated-declarations -Wno-reserved-identifier -Weverything -Wno-objc-missing-property-synthesis -Wno-unused-macros -Wno-disabled-macro-expansion -Wno-gnu-statement-expression -Wno-language-extension-token -Wno-overriding-method-mismatch -Wno-missing-variable-declarations -Wno-auto-import -Wno-objc-interface-ivars -Wno-documentation-unknown-command -Wno-reserved-id-macro -Wno-unused-parameter -Wno-gnu-conditional-omitted-operand -Wno-explicit-ownership-type -Wno-date-time -Wno-cast-align -Wno-cstring-format-directive -Wno-double-promotion -Wno-partial-availability -Wno-objc-messaging-id -Wno-direct-ivar-access -Wno-cast-qual -Wno-declaration-after-statement @<host-path>/Library/Developer/Xcode/DerivedData/WebDriverAgent-gvnbbobaqwdgeeepwfrffrnyucio/Build/Intermediates.noindex/WebDriverAgent.build/Debug-iphonesimulator/WebDriverAgentLib.build/Objects-normal/arm64/22a6d426986e98cf1a8e0c880c6a22df-common-args.resp -MMD -MT dependencies -MF <host-path>/Library/Developer/Xcode/DerivedData/WebDriverAgent-gvnbbobaqwdgeeepwfrffrnyucio/Build/Intermediates.noindex/WebDriverAgent.build/Debug-iphonesimulator/WebDriverAgentLib.build/StaticAnalyzer/WebDriverAgent/WebDriverAgentLib/normal/arm64/FBXCodeCompatibility.d --analyze <host-path>/qualification/compatibility-smoke/harness/node_modules/appium-xcuitest-driver/node_modules/appium-webdriveragent/WebDriverAgentLib/Utilities/FBXCodeCompatibility.m -o <host-path>/Library/Developer/Xcode/DerivedData/WebDriverAgent-gvnbbobaqwdgeeepwfrffrnyucio/Build/Intermediates.noindex/WebDriverAgent.build/Debug-iphonesimulator/WebDriverAgentLib.build/StaticAnalyzer/WebDriverAgent/WebDriverAgentLib/normal/arm64/FBXCodeCompatibility.plist
2026-09-29 08:08:39:925 [790e2ec9][Xcode] 
2026-09-29 08:08:40:063 [790e2ec9][Xcode] PrecompileModule <host-path>/Library/Developer/Xcode/DerivedData/WebDriverAgent-gvnbbobaqwdgeeepwfrffrnyucio/Build/Intermediates.noindex/ExplicitPrecompiledModules/Security-EQIUN8408E843T1GQZEEJHCQT.scan
2026-09-29 08:08:40:063 [790e2ec9][Xcode]     cd <host-path>/qualification/compatibility-smoke/harness/node_modules/appium-xcuitest-driver/node_modules/appium-webdriveragent
2026-09-29 08:08:40:063 [790e2ec9][Xcode]     builtin-precompileModule <host-path>/Library/Developer/Xcode/DerivedData/WebDriverAgent-gvnbbobaqwdgeeepwfrffrnyucio/Build/Intermediates.noindex/ExplicitPrecompiledModules/Security-EQIUN8408E843T1GQZEEJHCQT.scan
2026-09-29 08:08:40:064 [790e2ec9][Xcode] 
2026-09-29 08:08:40:064 [790e2ec9][Xcode] PrecompileModule <host-path>/Library/Developer/Xcode/DerivedData/WebDriverAgent-gvnbbobaqwdgeeepwfrffrnyucio/Build/Intermediates.noindex/ExplicitPrecompiledModules/CFNetwork-1ZYLG7A7RDB11HNWA7D6YNIMG.scan
2026-09-29 08:08:40:064 [790e2ec9][Xcode]     cd <host-path>/qualification/compatibility-smoke/harness/node_modules/appium-xcuitest-driver/node_modules/appium-webdriveragent
2026-09-29 08:08:40:064 [790e2ec9][Xcode]     builtin-precompileModule <host-path>/Library/Developer/Xcode/DerivedData/WebDriverAgent-gvnbbobaqwdgeeepwfrffrnyucio/Build/Intermediates.noindex/ExplicitPrecompiledModules/CFNetwork-1ZYLG7A7RDB11HNWA7D6YNIMG.scan
2026-09-29 08:08:40:064 [790e2ec9][Xcode] 
2026-09-29 08:08:40:088 [790e2ec9][Xcode] PrecompileModule <host-path>/Library/Developer/Xcode/DerivedData/WebDriverAgent-gvnbbobaqwdgeeepwfrffrnyucio/Build/Intermediates.noindex/ExplicitPrecompiledModules/CoreGraphics-AAZV55TUIE07RJ2VMS36PDNWR.scan
2026-09-29 08:08:40:088 [790e2ec9][Xcode]     cd <host-path>/qualification/compatibility-smoke/harness/node_modules/appium-xcuitest-driver/node_modules/appium-webdriveragent
2026-09-29 08:08:40:088 [790e2ec9][Xcode]     builtin-precompileModule <host-path>/Library/Developer/Xcode/DerivedData/WebDriverAgent-gvnbbobaqwdgeeepwfrffrnyucio/Build/Intermediates.noindex/ExplicitPrecompiledModules/CoreGraphics-AAZV55TUIE07RJ2VMS36PDNWR.scan
2026-09-29 08:08:40:089 [790e2ec9][Xcode] 
2026-09-29 08:08:40:089 [790e2ec9][Xcode] PrecompileModule <host-path>/Library/Developer/Xcode/DerivedData/WebDriverAgent-gvnbbobaqwdgeeepwfrffrnyucio/Build/Intermediates.noindex/ExplicitPrecompiledModules/os_object-9ZU6L0QOH87IV1CKHZ8XEE12S.scan
2026-09-29 08:08:40:089 [790e2ec9][Xcode]     cd <host-path>/qualification/compatibility-smoke/harness/node_modules/appium-xcuitest-driver/node_modules/appium-webdriveragent
2026-09-29 08:08:40:089 [790e2ec9][Xcode]     builtin-precompileModule <host-path>/Library/Developer/Xcode/DerivedData/WebDriverAgent-gvnbbobaqwdgeeepwfrffrnyucio/Build/Intermediates.noindex/ExplicitPrecompiledModules/os_object-9ZU6L0QOH87IV1CKHZ8XEE12S.scan
2026-09-29 08:08:40:090 [790e2ec9][Xcode] 
2026-09-29 08:08:40:090 [790e2ec9][Xcode] PrecompileModule <host-path>/Library/Developer/Xcode/DerivedData/WebDriverAgent-gvnbbobaqwdgeeepwfrffrnyucio/Build/Intermediates.noindex/ExplicitPrecompiledModules/Foundation-9AVPW8LLTEHBBOXZEF2V81DY1.scan
2026-09-29 08:08:40:090 [790e2ec9][Xcode]     cd <host-path>/qualification/compatibility-smoke/harness/node_modules/appium-xcuitest-driver/node_modules/appium-webdriveragent
2026-09-29 08:08:40:090 [790e2ec9][Xcode]     builtin-precompileModule <host-path>/Library/Developer/Xcode/DerivedData/WebDriverAgent-gvnbbobaqwdgeeepwfrffrnyucio/Build/Intermediates.noindex/ExplicitPrecompiledModules/Foundation-9AVPW8LLTEHBBOXZEF2V81DY1.scan
2026-09-29 08:08:40:090 [790e2ec9][Xcode] 
2026-09-29 08:08:40:090 [790e2ec9][Xcode] PrecompileModule <host-path>/Library/Developer/Xcode/DerivedData/WebDriverAgent-gvnbbobaqwdgeeepwfrffrnyucio/Build/Intermediates.noindex/ExplicitPrecompiledModules/os_workgroup-CGA43ZA25O0AA4U9H7GK8UV39.scan
2026-09-29 08:08:40:090 [790e2ec9][Xcode]     cd <host-path>/qualification/compatibility-smoke/harness/node_modules/appium-xcuitest-driver/node_modules/appium-webdriveragent
2026-09-29 08:08:40:090 [790e2ec9][Xcode]     builtin-precompileModule <host-path>/Library/Developer/Xcode/DerivedData/WebDriverAgent-gvnbbobaqwdgeeepwfrffrnyucio/Build/Intermediates.noindex/ExplicitPrecompiledModules/os_workgroup-CGA43ZA25O0AA4U9H7GK8UV39.scan
2026-09-29 08:08:40:091 [790e2ec9][Xcode] 
2026-09-29 08:08:40:091 [790e2ec9][Xcode] PrecompileModule <host-path>/Library/Developer/Xcode/DerivedData/WebDriverAgent-gvnbbobaqwdgeeepwfrffrnyucio/Build/Intermediates.noindex/ExplicitPrecompiledModules/ImageIO-A7B8C7XT02Z33I1N9ZVZQFUF2.scan
2026-09-29 08:08:40:091 [790e2ec9][Xcode]     cd <host-path>/qualification/compatibility-smoke/harness/node_modules/appium-xcuitest-driver/node_modules/appium-webdriveragent
2026-09-29 08:08:40:091 [790e2ec9][Xcode]     builtin-precompileModule <host-path>/Library/Developer/Xcode/DerivedData/WebDriverAgent-gvnbbobaqwdgeeepwfrffrnyucio/Build/Intermediates.noindex/ExplicitPrecompiledModules/ImageIO-A7B8C7XT02Z33I1N9ZVZQFUF2.scan
2026-09-29 08:08:40:091 [790e2ec9][Xcode] 
2026-09-29 08:08:40:091 [790e2ec9][Xcode] PrecompileModule <host-path>/Library/Developer/Xcode/DerivedData/WebDriverAgent-gvnbbobaqwdgeeepwfrffrnyucio/Build/Intermediates.noindex/ExplicitPrecompiledModules/Dispatch-72TPRT2UJY01QTGLQFB0FMFIC.scan
2026-09-29 08:08:40:091 [790e2ec9][Xcode]     cd <host-path>/qualification/compatibility-smoke/harness/node_modules/appium-xcuitest-driver/node_modules/appium-webdriveragent
2026-09-29 08:08:40:091 [790e2ec9][Xcode]     builtin-precompileModule <host-path>/Library/Developer/Xcode/DerivedData/WebDriverAgent-gvnbbobaqwdgeeepwfrffrnyucio/Build/Intermediates.noindex/ExplicitPrecompiledModules/Dispatch-72TPRT2UJY01QTGLQFB0FMFIC.scan
2026-09-29 08:08:40:091 [790e2ec9][Xcode] 
2026-09-29 08:08:40:091 [790e2ec9][Xcode] PrecompileModule <host-path>/Library/Developer/Xcode/DerivedData/WebDriverAgent-gvnbbobaqwdgeeepwfrffrnyucio/Build/Intermediates.noindex/ExplicitPrecompiledModules/CoreText-8RZNHSDCB271BFAFYMV6BGCEN.scan
2026-09-29 08:08:40:091 [790e2ec9][Xcode]     cd <host-path>/qualification/compatibility-smoke/harness/node_modules/appium-xcuitest-driver/node_modules/appium-webdriveragent
2026-09-29 08:08:40:091 [790e2ec9][Xcode]     builtin-precompileModule <host-path>/Library/Developer/Xcode/DerivedData/WebDriverAgent-gvnbbobaqwdgeeepwfrffrnyucio/Build/Intermediates.noindex/ExplicitPrecompiledModules/CoreText-8RZNHSDCB271BFAFYMV6BGCEN.scan
2026-09-29 08:08:40:091 [790e2ec9][Xcode] 
2026-09-29 08:08:40:091 [790e2ec9][Xcode] PrecompileModule <host-path>/Library/Developer/Xcode/DerivedData/WebDriverAgent-gvnbbobaqwdgeeepwfrffrnyucio/Build/Intermediates.noindex/ExplicitPrecompiledModules/CoreFoundation-SB80AD6I0EK2404BHERM2PUH.scan
2026-09-29 08:08:40:091 [790e2ec9][Xcode]     cd <host-path>/qualification/compatibility-smoke/harness/node_modules/appium-xcuitest-driver/node_modules/appium-webdriveragent
2026-09-29 08:08:40:091 [790e2ec9][Xcode]     builtin-precompileModule <host-path>/Library/Developer/Xcode/DerivedData/WebDriverAgent-gvnbbobaqwdgeeepwfrffrnyucio/Build/Intermediates.noindex/ExplicitPrecompiledModules/CoreFoundation-SB80AD6I0EK2404BHERM2PUH.scan
2026-09-29 08:08:40:091 [790e2ec9][Xcode] 
2026-09-29 08:08:40:091 [790e2ec9][Xcode] PrecompileModule <host-path>/Library/Developer/Xcode/DerivedData/WebDriverAgent-gvnbbobaqwdgeeepwfrffrnyucio/Build/Intermediates.noindex/ExplicitPrecompiledModules/XPC-2ECTNBTV7EQR5LQE4UXNPTS0T.scan
2026-09-29 08:08:40:510 [790e2ec9][Xcode]     cd <host-path>/qualification/compatibility-smoke/harness/node_modules/appium-xcuitest-driver/node_modules/appium-webdriveragent
2026-09-29 08:08:40:510 [790e2ec9][Xcode]     builtin-precompileModule <host-path>/Library/Developer/Xcode/DerivedData/WebDriverAgent-gvnbbobaqwdgeeepwfrffrnyucio/Build/Intermediates.noindex/ExplicitPrecompiledModules/XPC-2ECTNBTV7EQR5LQE4UXNPTS0T.scan
2026-09-29 08:08:40:510 [790e2ec9][Xcode] 
2026-09-29 08:08:40:510 [790e2ec9][Xcode] Analyze <host-path>/qualification/compatibility-smoke/harness/node_modules/appium-xcuitest-driver/node_modules/appium-webdriveragent/WebDriverAgentLib/Utilities/LRUCache/LRUCacheNode.m normal arm64 (in target 'WebDriverAgentLib' from project 'WebDriverAgent')
2026-09-29 08:08:40:510 [790e2ec9][Xcode]     cd <host-path>/qualification/compatibility-smoke/harness/node_modules/appium-xcuitest-driver/node_modules/appium-webdriveragent
2026-09-29 08:08:40:510 [790e2ec9][Xcode]     
2026-09-29 08:08:40:510 [790e2ec9][Xcode]     Using response file: <host-path>/Library/Developer/Xcode/DerivedData/WebDriverAgent-gvnbbobaqwdgeeepwfrffrnyucio/Build/Intermediates.noindex/WebDriverAgent.build/Debug-iphonesimulator/WebDriverAgentLib.build/Objects-normal/arm64/22a6d426986e98cf1a8e0c880c6a22df-common-args.resp
2026-09-29 08:08:40:510 [790e2ec9][Xcode]     
2026-09-29 08:08:40:510 [790e2ec9][Xcode]     /Applications/Xcode_16.4.app/Contents/Developer/Toolchains/XcodeDefault.xctoolchain/usr/bin/clang -x objective-c -ivfsstatcache <host-path>/Library/Developer/Xcode/DerivedData/SDKStatCaches.noindex/iphonesimulator18.5-22F76-96ae0914227b19deccb34b33ba7b5dea.sdkstatcache -fmessage-length\=0 -fdiagnostics-show-note-include-stack -fmacro-backtrace-limit\=0 -fno-color-diagnostics -fmodules-prune-interval\=86400 -fmodules-prune-after\=345600 -fbuild-session-file\=<host-path>/Library/Developer/Xcode/DerivedData/ModuleCache.noindex/Session.modulevalidation -fmodules-validate-once-per-build-session -Wno-trigraphs -Wmissing-field-initializers -Wno-missing-prototypes -Werror\=return-type -Wunreachable-code -Wquoted-include-in-framework-header -Wno-implicit-atomic-properties -Werror\=deprecated-objc-isa-usage -Wno-objc-interface-ivars -Werror\=objc-root-class -Warc-repeated-use-of-weak -Wno-arc-maybe-repeated-use-of-weak -Wimplicit-retain-self -Wduplicate-method-match -Wno-missing-braces -Wparentheses -Wswitch -Wunused-function -Wno-unused-label -Wunused-parameter -Wunused-variable -Wunused-value -Wempty-body -Wuninitialized -Wconditional-uninitialized -Wno-unknown-pragmas -Wshadow -Wno-four-char-constants -Wconversion -Wconstant-conversion -Wint-conversion -Wbool-conversion -Wenum-conversion -Wfloat-conversion -Wnon-literal-null-conversion -Wobjc-literal-conversion -Wassign-enum -Wsign-compare -Wshorten-64-to-32 -Wpointer-sign -Wno-newline-eof -Wno-selector -Wno-strict-selector-match -Wundeclared-selector -Wdeprecated-implementations -Wno-implicit-fallthrough -fstrict-aliasing -Wprotocol -Wdeprecated-declarations -Wno-sign-conversion -Winfinite-recursion -Wcomma -Wblock-capture-autoreleasing -Wstrict-prototypes -Wno-semicolon-before-method-body -Weverything -Wno-objc-missing-property-synthesis -Wno-unused-macros -Wno-disabled-macro-expansion -Wno-gnu-statement-expression -Wno-language-extension-token -Wno-overriding-method-mismatch -Wno-missing-variable-declarations -Wno-auto-import -Wno-objc-interface-ivars -Wno-documentation-unknown-command -Wno-reserved-id-macro -Wno-unused-parameter -Wno-gnu-conditional-omitted-operand -Wno-explicit-ownership-type -Wno-date-time -Wno-cast-align -Wno-cstring-format-directive -Wno-double-promotion -Wno-partial-availability -Wno-declaration-after-statement -Wno-objc-messaging-id -Wno-direct-ivar-access -Wno-cast-qual -Wno-deprecated-declarations -Wno-reserved-identifier -Weverything -Wno-objc-missing-property-synthesis -Wno-unused-macros -Wno-disabled-macro-expansion -Wno-gnu-statement-expression -Wno-language-extension-token -Wno-overriding-method-mismatch -Wno-missing-variable-declarations -Wno-auto-import -Wno-objc-interface-ivars -Wno-documentation-unknown-command -Wno-reserved-id-macro -Wno-unused-parameter -Wno-gnu-conditional-omitted-operand -Wno-explicit-ownership-type -Wno-date-time -Wno-cast-align -Wno-cstring-format-directive -Wno-double-promotion -Wno-partial-availability -Wno-objc-messaging-id -Wno-direct-ivar-access -Wno-cast-qual -Wno-declaration-after-statement @<host-path>/Library/Developer/Xcode/DerivedData/WebDriverAgent-gvnbbobaqwdgeeepwfrffrnyucio/Build/Intermediates.noindex/WebDriverAgent.build/Debug-iphonesimulator/WebDriverAgentLib.build/Objects-normal/arm64/22a6d426986e98cf1a8e0c880c6a22df-common-args.resp -MMD -MT dependencies -MF <host-path>/Library/Developer/Xcode/DerivedData/WebDriverAgent-gvnbbobaqwdgeeepwfrffrnyucio/Build/Intermediates.noindex/WebDriverAgent.build/Debug-iphonesimulator/WebDriverAgentLib.build/StaticAnalyzer/WebDriverAgent/WebDriverAgentLib/normal/arm64/LRUCacheNode.d --analyze <host-path>/qualification/compatibility-smoke/harness/node_modules/appium-xcuitest-driver/node_modules/appium-webdriveragent/WebDriverAgentLib/Utilities/LRUCache/LRUCacheNode.m -o <host-path>/Library/Developer/Xcode/DerivedData/WebDriverAgent-gvnbbobaqwdgeeepwfrffrnyucio/Build/Intermediates.noindex/WebDriverAgent.build/Debug-iphonesimulator/WebDriverAgentLib.build/StaticAnalyzer/WebDriverAgent/WebDriverAgentLib/normal/arm64/LRUCacheNode.plist
2026-09-29 08:08:40:941 [790e2ec9][XCUITestDriver@b322] Matched '/status' to command name 'getStatus'
2026-09-29 08:08:40:942 [790e2ec9][XCUITestDriver@b322] Proxying [GET /status] to [GET http://127.0.0.1:8100/status] with no body
2026-09-29 08:08:40:950 [790e2ec9][XCUITestDriver@b322] connect ECONNREFUSED 127.0.0.1:8100
2026-09-29 08:08:42:057 [790e2ec9][XCUITestDriver@b322] Matched '/status' to command name 'getStatus'
2026-09-29 08:08:42:075 [790e2ec9][XCUITestDriver@b322] Proxying [GET /status] to [GET http://127.0.0.1:8100/status] with no body
2026-09-29 08:08:42:110 [790e2ec9][XCUITestDriver@b322] connect ECONNREFUSED 127.0.0.1:8100
2026-09-29 08:08:42:593 [790e2ec9][Xcode] 
2026-09-29 08:08:42:593 [790e2ec9][Xcode] Analyze <host-path>/qualification/compatibility-smoke/harness/node_modules/appium-xcuitest-driver/node_modules/appium-webdriveragent/WebDriverAgentLib/Utilities/LRUCache/LRUCache.m normal arm64 (in target 'WebDriverAgentLib' from project 'WebDriverAgent')
2026-09-29 08:08:42:594 [790e2ec9][Xcode]     cd <host-path>/qualification/compatibility-smoke/harness/node_modules/appium-xcuitest-driver/node_modules/appium-webdriveragent
2026-09-29 08:08:42:594 [790e2ec9][Xcode]     
2026-09-29 08:08:42:594 [790e2ec9][Xcode]     Using response file: <host-path>/Library/Developer/Xcode/DerivedData/WebDriverAgent-gvnbbobaqwdgeeepwfrffrnyucio/Build/Intermediates.noindex/WebDriverAgent.build/Debug-iphonesimulator/WebDriverAgentLib.build/Objects-normal/arm64/22a6d426986e98cf1a8e0c880c6a22df-common-args.resp
2026-09-29 08:08:42:594 [790e2ec9][Xcode]     
2026-09-29 08:08:42:594 [790e2ec9][Xcode]     /Applications/Xcode_16.4.app/Contents/Developer/Toolchains/XcodeDefault.xctoolchain/usr/bin/clang -x objective-c -ivfsstatcache <host-path>/Library/Developer/Xcode/DerivedData/SDKStatCaches.noindex/iphonesimulator18.5-22F76-96ae0914227b19deccb34b33ba7b5dea.sdkstatcache -fmessage-length\=0 -fdiagnostics-show-note-include-stack -fmacro-backtrace-limit\=0 -fno-color-diagnostics -fmodules-prune-interval\=86400 -fmodules-prune-after\=345600 -fbuild-session-file\=<host-path>/Library/Developer/Xcode/DerivedData/ModuleCache.noindex/Session.modulevalidation -fmodules-validate-once-per-build-session -Wno-trigraphs -Wmissing-field-initializers -Wno-missing-prototypes -Werror\=return-type -Wunreachable-code -Wquoted-include-in-framework-header -Wno-implicit-atomic-properties -Werror\=deprecated-objc-isa-usage -Wno-objc-interface-ivars -Werror\=objc-root-class -Warc-repeated-use-of-weak -Wno-arc-maybe-repeated-use-of-weak -Wimplicit-retain-self -Wduplicate-method-match -Wno-missing-braces -Wparentheses -Wswitch -Wunused-function -Wno-unused-label -Wunused-parameter -Wunused-variable -Wunused-value -Wempty-body -Wuninitialized -Wconditional-uninitialized -Wno-unknown-pragmas -Wshadow -Wno-four-char-constants -Wconversion -Wconstant-conversion -Wint-conversion -Wbool-conversion -Wenum-conversion -Wfloat-conversion -Wnon-literal-null-conversion -Wobjc-literal-conversion -Wassign-enum -Wsign-compare -Wshorten-64-to-32 -Wpointer-sign -Wno-newline-eof -Wno-selector -Wno-strict-selector-match -Wundeclared-selector -Wdeprecated-implementations -Wno-implicit-fallthrough -fstrict-aliasing -Wprotocol -Wdeprecated-declarations -Wno-sign-conversion -Winfinite-recursion -Wcomma -Wblock-capture-autoreleasing -Wstrict-prototypes -Wno-semicolon-before-method-body -Weverything -Wno-objc-missing-property-synthesis -Wno-unused-macros -Wno-disabled-macro-expansion -Wno-gnu-statement-expression -Wno-language-extension-token -Wno-overriding-method-mismatch -Wno-missing-variable-declarations -Wno-auto-import -Wno-objc-interface-ivars -Wno-documentation-unknown-command -Wno-reserved-id-macro -Wno-unused-parameter -Wno-gnu-conditional-omitted-operand -Wno-explicit-ownership-type -Wno-date-time -Wno-cast-align -Wno-cstring-format-directive -Wno-double-promotion -Wno-partial-availability -Wno-declaration-after-statement -Wno-objc-messaging-id -Wno-direct-ivar-access -Wno-cast-qual -Wno-deprecated-declarations -Wno-reserved-identifier -Weverything -Wno-objc-missing-property-synthesis -Wno-unused-macros -Wno-disabled-macro-expansion -Wno-gnu-statement-expression -Wno-language-extension-token -Wno-overriding-method-mismatch -Wno-missing-variable-declarations -Wno-auto-import -Wno-objc-interface-ivars -Wno-documentation-unknown-command -Wno-reserved-id-macro -Wno-unused-parameter -Wno-gnu-conditional-omitted-operand -Wno-explicit-ownership-type -Wno-date-time -Wno-cast-align -Wno-cstring-format-directive -Wno-double-promotion -Wno-partial-availability -Wno-objc-messaging-id -Wno-direct-ivar-access -Wno-cast-qual -Wno-declaration-after-statement @<host-path>/Library/Developer/Xcode/DerivedData/WebDriverAgent-gvnbbobaqwdgeeepwfrffrnyucio/Build/Intermediates.noindex/WebDriverAgent.build/Debug-iphonesimulator/WebDriverAgentLib.build/Objects-normal/arm64/22a6d426986e98cf1a8e0c880c6a22df-common-args.resp -MMD -MT dependencies -MF <host-path>/Library/Developer/Xcode/DerivedData/WebDriverAgent-gvnbbobaqwdgeeepwfrffrnyucio/Build/Intermediates.noindex/WebDriverAgent.build/Debug-iphonesimulator/WebDriverAgentLib.build/StaticAnalyzer/WebDriverAgent/WebDriverAgentLib/normal/arm64/LRUCache.d --analyze <host-path>/qualification/compatibility-smoke/harness/node_modules/appium-xcuitest-driver/node_modules/appium-webdriveragent/WebDriverAgentLib/Utilities/LRUCache/LRUCache.m -o <host-path>/Library/Developer/Xcode/DerivedData/WebDriverAgent-gvnbbobaqwdgeeepwfrffrnyucio/Build/Intermediates.noindex/WebDriverAgent.build/Debug-iphonesimulator/WebDriverAgentLib.build/StaticAnalyzer/WebDriverAgent/WebDriverAgentLib/normal/arm64/LRUCache.plist
2026-09-29 08:08:43:113 [790e2ec9][XCUITestDriver@b322] Matched '/status' to command name 'getStatus'
2026-09-29 08:08:43:113 [790e2ec9][XCUITestDriver@b322] Proxying [GET /status] to [GET http://127.0.0.1:8100/status] with no body
2026-09-29 08:08:43:116 [790e2ec9][XCUITestDriver@b322] connect ECONNREFUSED 127.0.0.1:8100
2026-09-29 08:08:44:183 [790e2ec9][XCUITestDriver@b322] Matched '/status' to command name 'getStatus'
2026-09-29 08:08:44:186 [790e2ec9][XCUITestDriver@b322] Proxying [GET /status] to [GET http://127.0.0.1:8100/status] with no body
2026-09-29 08:08:44:223 [790e2ec9][XCUITestDriver@b322] connect ECONNREFUSED 127.0.0.1:8100
2026-09-29 08:08:45:270 [790e2ec9][XCUITestDriver@b322] Matched '/status' to command name 'getStatus'
2026-09-29 08:08:45:270 [790e2ec9][XCUITestDriver@b322] Proxying [GET /status] to [GET http://127.0.0.1:8100/status] with no body
2026-09-29 08:08:45:380 [790e2ec9][Xcode] 
2026-09-29 08:08:45:380 [790e2ec9][Xcode] Analyze <host-path>/qualification/compatibility-smoke/harness/node_modules/appium-xcuitest-driver/node_modules/appium-webdriveragent/WebDriverAgentLib/Utilities/FBXPathExtensions.m normal arm64 (in target 'WebDriverAgentLib' from project 'WebDriverAgent')
2026-09-29 08:08:45:380 [790e2ec9][Xcode]     cd <host-path>/qualification/compatibility-smoke/harness/node_modules/appium-xcuitest-driver/node_modules/appium-webdriveragent
2026-09-29 08:08:45:380 [790e2ec9][Xcode]     
2026-09-29 08:08:45:380 [790e2ec9][Xcode]     Using response file: <host-path>/Library/Developer/Xcode/DerivedData/WebDriverAgent-gvnbbobaqwdgeeepwfrffrnyucio/Build/Intermediates.noindex/WebDriverAgent.build/Debug-iphonesimulator/WebDriverAgentLib.build/Objects-normal/arm64/22a6d426986e98cf1a8e0c880c6a22df-common-args.resp
2026-09-29 08:08:45:381 [790e2ec9][Xcode]     
2026-09-29 08:08:45:381 [790e2ec9][Xcode]     /Applications/Xcode_16.4.app/Contents/Developer/Toolchains/XcodeDefault.xctoolchain/usr/bin/clang -x objective-c -ivfsstatcache <host-path>/Library/Developer/Xcode/DerivedData/SDKStatCaches.noindex/iphonesimulator18.5-22F76-96ae0914227b19deccb34b33ba7b5dea.sdkstatcache -fmessage-length\=0 -fdiagnostics-show-note-include-stack -fmacro-backtrace-limit\=0 -fno-color-diagnostics -fmodules-prune-interval\=86400 -fmodules-prune-after\=345600 -fbuild-session-file\=<host-path>/Library/Developer/Xcode/DerivedData/ModuleCache.noindex/Session.modulevalidation -fmodules-validate-once-per-build-session -Wno-trigraphs -Wmissing-field-initializers -Wno-missing-prototypes -Werror\=return-type -Wunreachable-code -Wquoted-include-in-framework-header -Wno-implicit-atomic-properties -Werror\=deprecated-objc-isa-usage -Wno-objc-interface-ivars -Werror\=objc-root-class -Warc-repeated-use-of-weak -Wno-arc-maybe-repeated-use-of-weak -Wimplicit-retain-self -Wduplicate-method-match -Wno-missing-braces -Wparentheses -Wswitch -Wunused-function -Wno-unused-label -Wunused-parameter -Wunused-variable -Wunused-value -Wempty-body -Wuninitialized -Wconditional-uninitialized -Wno-unknown-pragmas -Wshadow -Wno-four-char-constants -Wconversion -Wconstant-conversion -Wint-conversion -Wbool-conversion -Wenum-conversion -Wfloat-conversion -Wnon-literal-null-conversion -Wobjc-literal-conversion -Wassign-enum -Wsign-compare -Wshorten-64-to-32 -Wpointer-sign -Wno-newline-eof -Wno-selector -Wno-strict-selector-match -Wundeclared-selector -Wdeprecated-implementations -Wno-implicit-fallthrough -fstrict-aliasing -Wprotocol -Wdeprecated-declarations -Wno-sign-conversion -Winfinite-recursion -Wcomma -Wblock-capture-autoreleasing -Wstrict-prototypes -Wno-semicolon-before-method-body -Weverything -Wno-objc-missing-property-synthesis -Wno-unused-macros -Wno-disabled-macro-expansion -Wno-gnu-statement-expression -Wno-language-extension-token -Wno-overriding-method-mismatch -Wno-missing-variable-declarations -Wno-auto-import -Wno-objc-interface-ivars -Wno-documentation-unknown-command -Wno-reserved-id-macro -Wno-unused-parameter -Wno-gnu-conditional-omitted-operand -Wno-explicit-ownership-type -Wno-date-time -Wno-cast-align -Wno-cstring-format-directive -Wno-double-promotion -Wno-partial-availability -Wno-declaration-after-statement -Wno-objc-messaging-id -Wno-direct-ivar-access -Wno-cast-qual -Wno-deprecated-declarations -Wno-reserved-identifier -Weverything -Wno-objc-missing-property-synthesis -Wno-unused-macros -Wno-disabled-macro-expansion -Wno-gnu-statement-expression -Wno-language-extension-token -Wno-overriding-method-mismatch -Wno-missing-variable-declarations -Wno-auto-import -Wno-objc-interface-ivars -Wno-documentation-unknown-command -Wno-reserved-id-macro -Wno-unused-parameter -Wno-gnu-conditional-omitted-operand -Wno-explicit-ownership-type -Wno-date-time -Wno-cast-align -Wno-cstring-format-directive -Wno-double-promotion -Wno-partial-availability -Wno-objc-messaging-id -Wno-direct-ivar-access -Wno-cast-qual -Wno-declaration-after-statement @<host-path>/Library/Developer/Xcode/DerivedData/WebDriverAgent-gvnbbobaqwdgeeepwfrffrnyucio/Build/Intermediates.noindex/WebDriverAgent.build/Debug-iphonesimulator/WebDriverAgentLib.build/Objects-normal/arm64/22a6d426986e98cf1a8e0c880c6a22df-common-args.resp -MMD -MT dependencies -MF <host-path>/Library/Developer/Xcode/DerivedData/WebDriverAgent-gvnbbobaqwdgeeepwfrffrnyucio/Build/Intermediates.noindex/WebDriverAgent.build/Debug-iphonesimulator/WebDriverAgentLib.build/StaticAnalyzer/WebDriverAgent/WebDriverAgentLib/normal/arm64/FBXPathExtensions.d --analyze <host-path>/qualification/compatibility-smoke/harness/node_modules/appium-xcuitest-driver/node_modules/appium-webdriveragent/WebDriverAgentLib/Utilities/FBXPathExtensions.m -o <host-path>/Library/Developer/Xcode/DerivedData/WebDriverAgent-gvnbbobaqwdgeeepwfrffrnyucio/Build/Intermediates.noindex/WebDriverAgent.build/Debug-iphonesimulator/WebDriverAgentLib.build/StaticAnalyzer/WebDriverAgent/WebDriverAgentLib/normal/arm64/FBXPathExtensions.plist
2026-09-29 08:08:45:395 [790e2ec9][XCUITestDriver@b322] connect ECONNREFUSED 127.0.0.1:8100
2026-09-29 08:08:46:423 [790e2ec9][XCUITestDriver@b322] Matched '/status' to command name 'getStatus'
2026-09-29 08:08:46:423 [790e2ec9][XCUITestDriver@b322] Proxying [GET /status] to [GET http://127.0.0.1:8100/status] with no body
2026-09-29 08:08:46:666 [790e2ec9][XCUITestDriver@b322] connect ECONNREFUSED 127.0.0.1:8100
2026-09-29 08:08:47:777 [790e2ec9][XCUITestDriver@b322] Matched '/status' to command name 'getStatus'
2026-09-29 08:08:47:801 [790e2ec9][XCUITestDriver@b322] Proxying [GET /status] to [GET http://127.0.0.1:8100/status] with no body
2026-09-29 08:08:47:941 [790e2ec9][XCUITestDriver@b322] connect ECONNREFUSED 127.0.0.1:8100
2026-09-29 08:08:49:031 [790e2ec9][XCUITestDriver@b322] Matched '/status' to command name 'getStatus'
2026-09-29 08:08:49:032 [790e2ec9][XCUITestDriver@b322] Proxying [GET /status] to [GET http://127.0.0.1:8100/status] with no body
2026-09-29 08:08:49:250 [790e2ec9][XCUITestDriver@b322] connect ECONNREFUSED 127.0.0.1:8100
2026-09-29 08:08:50:340 [790e2ec9][XCUITestDriver@b322] Matched '/status' to command name 'getStatus'
2026-09-29 08:08:50:340 [790e2ec9][XCUITestDriver@b322] Proxying [GET /status] to [GET http://127.0.0.1:8100/status] with no body
2026-09-29 08:08:50:344 [790e2ec9][Xcode] 
2026-09-29 08:08:50:346 [790e2ec9][Xcode] Analyze <host-path>/qualification/compatibility-smoke/harness/node_modules/appium-xcuitest-driver/node_modules/appium-webdriveragent/WebDriverAgentLib/Utilities/FBXMLGenerationOptions.m normal arm64 (in target 'WebDriverAgentLib' from project 'WebDriverAgent')
2026-09-29 08:08:50:346 [790e2ec9][Xcode]     cd <host-path>/qualification/compatibility-smoke/harness/node_modules/appium-xcuitest-driver/node_modules/appium-webdriveragent
2026-09-29 08:08:50:347 [790e2ec9][Xcode]     
2026-09-29 08:08:50:347 [790e2ec9][Xcode]     Using response file: <host-path>/Library/Developer/Xcode/DerivedData/WebDriverAgent-gvnbbobaqwdgeeepwfrffrnyucio/Build/Intermediates.noindex/WebDriverAgent.build/Debug-iphonesimulator/WebDriverAgentLib.build/Objects-normal/arm64/22a6d426986e98cf1a8e0c880c6a22df-common-args.resp
2026-09-29 08:08:50:347 [790e2ec9][Xcode]     
2026-09-29 08:08:50:348 [790e2ec9][Xcode]     /Applications/Xcode_16.4.app/Contents/Developer/Toolchains/XcodeDefault.xctoolchain/usr/bin/clang -x objective-c -ivfsstatcache <host-path>/Library/Developer/Xcode/DerivedData/SDKStatCaches.noindex/iphonesimulator18.5-22F76-96ae0914227b19deccb34b33ba7b5dea.sdkstatcache -fmessage-length\=0 -fdiagnostics-show-note-include-stack -fmacro-backtrace-limit\=0 -fno-color-diagnostics -fmodules-prune-interval\=86400 -fmodules-prune-after\=345600 -fbuild-session-file\=<host-path>/Library/Developer/Xcode/DerivedData/ModuleCache.noindex/Session.modulevalidation -fmodules-validate-once-per-build-session -Wno-trigraphs -Wmissing-field-initializers -Wno-missing-prototypes -Werror\=return-type -Wunreachable-code -Wquoted-include-in-framework-header -Wno-implicit-atomic-properties -Werror\=deprecated-objc-isa-usage -Wno-objc-interface-ivars -Werror\=objc-root-class -Warc-repeated-use-of-weak -Wno-arc-maybe-repeated-use-of-weak -Wimplicit-retain-self -Wduplicate-method-match -Wno-missing-braces -Wparentheses -Wswitch -Wunused-function -Wno-unused-label -Wunused-parameter -Wunused-variable -Wunused-value -Wempty-body -Wuninitialized -Wconditional-uninitialized -Wno-unknown-pragmas -Wshadow -Wno-four-char-constants -Wconversion -Wconstant-conversion -Wint-conversion -Wbool-conversion -Wenum-conversion -Wfloat-conversion -Wnon-literal-null-conversion -Wobjc-literal-conversion -Wassign-enum -Wsign-compare -Wshorten-64-to-32 -Wpointer-sign -Wno-newline-eof -Wno-selector -Wno-strict-selector-match -Wundeclared-selector -Wdeprecated-implementations -Wno-implicit-fallthrough -fstrict-aliasing -Wprotocol -Wdeprecated-declarations -Wno-sign-conversion -Winfinite-recursion -Wcomma -Wblock-capture-autoreleasing -Wstrict-prototypes -Wno-semicolon-before-method-body -Weverything -Wno-objc-missing-property-synthesis -Wno-unused-macros -Wno-disabled-macro-expansion -Wno-gnu-statement-expression -Wno-language-extension-token -Wno-overriding-method-mismatch -Wno-missing-variable-declarations -Wno-auto-import -Wno-objc-interface-ivars -Wno-documentation-unknown-command -Wno-reserved-id-macro -Wno-unused-parameter -Wno-gnu-conditional-omitted-operand -Wno-explicit-ownership-type -Wno-date-time -Wno-cast-align -Wno-cstring-format-directive -Wno-double-promotion -Wno-partial-availability -Wno-declaration-after-statement -Wno-objc-messaging-id -Wno-direct-ivar-access -Wno-cast-qual -Wno-deprecated-declarations -Wno-reserved-identifier -Weverything -Wno-objc-missing-property-synthesis -Wno-unused-macros -Wno-disabled-macro-expansion -Wno-gnu-statement-expression -Wno-language-extension-token -Wno-overriding-method-mismatch -Wno-missing-variable-declarations -Wno-auto-import -Wno-objc-interface-ivars -Wno-documentation-unknown-command -Wno-reserved-id-macro -Wno-unused-parameter -Wno-gnu-conditional-omitted-operand -Wno-explicit-ownership-type -Wno-date-time -Wno-cast-align -Wno-cstring-format-directive -Wno-double-promotion -Wno-partial-availability -Wno-objc-messaging-id -Wno-direct-ivar-access -Wno-cast-qual -Wno-declaration-after-statement @<host-path>/Library/Developer/Xcode/DerivedData/WebDriverAgent-gvnbbobaqwdgeeepwfrffrnyucio/Build/Intermediates.noindex/WebDriverAgent.build/Debug-iphonesimulator/WebDriverAgentLib.build/Objects-normal/arm64/22a6d426986e98cf1a8e0c880c6a22df-common-args.resp -MMD -MT dependencies -MF <host-path>/Library/Developer/Xcode/DerivedData/WebDriverAgent-gvnbbobaqwdgeeepwfrffrnyucio/Build/Intermediates.noindex/WebDriverAgent.build/Debug-iphonesimulator/WebDriverAgentLib.build/StaticAnalyzer/WebDriverAgent/WebDriverAgentLib/normal/arm64/FBXMLGenerationOptions.d --analyze <host-path>/qualification/compatibility-smoke/harness/node_modules/appium-xcuitest-driver/node_modules/appium-webdriveragent/WebDriverAgentLib/Utilities/FBXMLGenerationOptions.m -o <host-path>/Library/Developer/Xcode/DerivedData/WebDriverAgent-gvnbbobaqwdgeeepwfrffrnyucio/Build/Intermediates.noindex/WebDriverAgent.build/Debug-iphonesimulator/WebDriverAgentLib.build/StaticAnalyzer/WebDriverAgent/WebDriverAgentLib/normal/arm64/FBXMLGenerationOptions.plist
2026-09-29 08:08:50:348 [790e2ec9][Xcode] 
2026-09-29 08:08:50:348 [790e2ec9][Xcode] PrecompileModule <host-path>/Library/Developer/Xcode/DerivedData/WebDriverAgent-gvnbbobaqwdgeeepwfrffrnyucio/Build/Intermediates.noindex/ExplicitPrecompiledModules/UserNotifications-23XP2KM870ALMHDT8MNW0C08I.scan
2026-09-29 08:08:50:380 [790e2ec9][Xcode]     cd <host-path>/qualification/compatibility-smoke/harness/node_modules/appium-xcuitest-driver/node_modules/appium-webdriveragent
2026-09-29 08:08:50:380 [790e2ec9][Xcode]     builtin-precompileModule <host-path>/Library/Developer/Xcode/DerivedData/WebDriverAgent-gvnbbobaqwdgeeepwfrffrnyucio/Build/Intermediates.noindex/ExplicitPrecompiledModules/UserNotifications-23XP2KM870ALMHDT8MNW0C08I.scan
2026-09-29 08:08:50:380 [790e2ec9][Xcode] 
2026-09-29 08:08:50:380 [790e2ec9][Xcode] PrecompileModule <host-path>/Library/Developer/Xcode/DerivedData/WebDriverAgent-gvnbbobaqwdgeeepwfrffrnyucio/Build/Intermediates.noindex/ExplicitPrecompiledModules/CoreGraphics-BST04H6DVD4I5KA1IB5J67B3M.scan
2026-09-29 08:08:50:380 [790e2ec9][Xcode]     cd <host-path>/qualification/compatibility-smoke/harness/node_modules/appium-xcuitest-driver/node_modules/appium-webdriveragent
2026-09-29 08:08:50:380 [790e2ec9][Xcode]     builtin-precompileModule <host-path>/Library/Developer/Xcode/DerivedData/WebDriverAgent-gvnbbobaqwdgeeepwfrffrnyucio/Build/Intermediates.noindex/ExplicitPrecompiledModules/CoreGraphics-BST04H6DVD4I5KA1IB5J67B3M.scan
2026-09-29 08:08:50:381 [790e2ec9][Xcode] 
2026-09-29 08:08:50:381 [790e2ec9][Xcode] PrecompileModule <host-path>/Library/Developer/Xcode/DerivedData/WebDriverAgent-gvnbbobaqwdgeeepwfrffrnyucio/Build/Intermediates.noindex/ExplicitPrecompiledModules/CoreLocation-6PRDDIKMPRYWVFHBIFT2Z6BDS.scan
2026-09-29 08:08:50:381 [790e2ec9][Xcode]     cd <host-path>/qualification/compatibility-smoke/harness/node_modules/appium-xcuitest-driver/node_modules/appium-webdriveragent
2026-09-29 08:08:50:381 [790e2ec9][Xcode]     builtin-precompileModule <host-path>/Library/Developer/Xcode/DerivedData/WebDriverAgent-gvnbbobaqwdgeeepwfrffrnyucio/Build/Intermediates.noindex/ExplicitPrecompiledModules/CoreLocation-6PRDDIKMPRYWVFHBIFT2Z6BDS.scan
2026-09-29 08:08:50:382 [790e2ec9][XCUITestDriver@b322] connect ECONNREFUSED 127.0.0.1:8100
2026-09-29 08:08:51:238 [790e2ec9][Xcode] 
2026-09-29 08:08:51:238 [790e2ec9][Xcode] PrecompileModule <host-path>/Library/Developer/Xcode/DerivedData/WebDriverAgent-gvnbbobaqwdgeeepwfrffrnyucio/Build/Intermediates.noindex/ExplicitPrecompiledModules/Security-5S4RQT1673VECGUTEQB3CWQ6F.scan
2026-09-29 08:08:51:238 [790e2ec9][Xcode]     cd <host-path>/qualification/compatibility-smoke/harness/node_modules/appium-xcuitest-driver/node_modules/appium-webdriveragent
2026-09-29 08:08:51:239 [790e2ec9][Xcode]     builtin-precompileModule <host-path>/Library/Developer/Xcode/DerivedData/WebDriverAgent-gvnbbobaqwdgeeepwfrffrnyucio/Build/Intermediates.noindex/ExplicitPrecompiledModules/Security-5S4RQT1673VECGUTEQB3CWQ6F.scan
2026-09-29 08:08:51:396 [790e2ec9][XCUITestDriver@b322] Matched '/status' to command name 'getStatus'
2026-09-29 08:08:51:397 [790e2ec9][XCUITestDriver@b322] Proxying [GET /status] to [GET http://127.0.0.1:8100/status] with no body
2026-09-29 08:08:51:459 [790e2ec9][XCUITestDriver@b322] connect ECONNREFUSED 127.0.0.1:8100
2026-09-29 08:08:51:577 [790e2ec9][Xcode] 
2026-09-29 08:08:51:577 [790e2ec9][Xcode] PrecompileModule <host-path>/Library/Developer/Xcode/DerivedData/WebDriverAgent-gvnbbobaqwdgeeepwfrffrnyucio/Build/Intermediates.noindex/ExplicitPrecompiledModules/CoreText-B5FFF9RZ27SEWNSSJSRHUE5AE.scan
2026-09-29 08:08:51:578 [790e2ec9][Xcode]     cd <host-path>/qualification/compatibility-smoke/harness/node_modules/appium-xcuitest-driver/node_modules/appium-webdriveragent
2026-09-29 08:08:51:578 [790e2ec9][Xcode]     builtin-precompileModule <host-path>/Library/Developer/Xcode/DerivedData/WebDriverAgent-gvnbbobaqwdgeeepwfrffrnyucio/Build/Intermediates.noindex/ExplicitPrecompiledModules/CoreText-B5FFF9RZ27SEWNSSJSRHUE5AE.scan
2026-09-29 08:08:52:296 [790e2ec9][Xcode] 
2026-09-29 08:08:52:296 [790e2ec9][Xcode] PrecompileModule <host-path>/Library/Developer/Xcode/DerivedData/WebDriverAgent-gvnbbobaqwdgeeepwfrffrnyucio/Build/Intermediates.noindex/ExplicitPrecompiledModules/FileProvider-BX6EEU6Y17ZG9CTAPF47BYQ1E.scan
2026-09-29 08:08:52:296 [790e2ec9][Xcode]     cd <host-path>/qualification/compatibility-smoke/harness/node_modules/appium-xcuitest-driver/node_modules/appium-webdriveragent
2026-09-29 08:08:52:296 [790e2ec9][Xcode]     builtin-precompileModule <host-path>/Library/Developer/Xcode/DerivedData/WebDriverAgent-gvnbbobaqwdgeeepwfrffrnyucio/Build/Intermediates.noindex/ExplicitPrecompiledModules/FileProvider-BX6EEU6Y17ZG9CTAPF47BYQ1E.scan
2026-09-29 08:08:52:460 [790e2ec9][XCUITestDriver@b322] Matched '/status' to command name 'getStatus'
2026-09-29 08:08:52:460 [790e2ec9][XCUITestDriver@b322] Proxying [GET /status] to [GET http://127.0.0.1:8100/status] with no body
2026-09-29 08:08:52:464 [790e2ec9][XCUITestDriver@b322] connect ECONNREFUSED 127.0.0.1:8100
2026-09-29 08:08:52:538 [790e2ec9][Xcode] 
2026-09-29 08:08:52:699 [790e2ec9][Xcode] PrecompileModule <host-path>/Library/Developer/Xcode/DerivedData/WebDriverAgent-gvnbbobaqwdgeeepwfrffrnyucio/Build/Intermediates.noindex/ExplicitPrecompiledModules/IOSurface-4U5U2W5BSCG1AJ4MHMQHXNJK1.scan
2026-09-29 08:08:52:699 [790e2ec9][Xcode]     cd <host-path>/qualification/compatibility-smoke/harness/node_modules/appium-xcuitest-driver/node_modules/appium-webdriveragent
2026-09-29 08:08:52:699 [790e2ec9][Xcode]     builtin-precompileModule <host-path>/Library/Developer/Xcode/DerivedData/WebDriverAgent-gvnbbobaqwdgeeepwfrffrnyucio/Build/Intermediates.noindex/ExplicitPrecompiledModules/IOSurface-4U5U2W5BSCG1AJ4MHMQHXNJK1.scan
2026-09-29 08:08:53:155 [790e2ec9][Xcode] 
2026-09-29 08:08:53:156 [790e2ec9][Xcode] PrecompileModule <host-path>/Library/Developer/Xcode/DerivedData/WebDriverAgent-gvnbbobaqwdgeeepwfrffrnyucio/Build/Intermediates.noindex/ExplicitPrecompiledModules/Symbols-602E2RWX7PRXZC7HPSZANBC1U.scan
2026-09-29 08:08:53:157 [790e2ec9][Xcode]     cd <host-path>/qualification/compatibility-smoke/harness/node_modules/appium-xcuitest-driver/node_modules/appium-webdriveragent
2026-09-29 08:08:53:164 [790e2ec9][Xcode]     builtin-precompileModule <host-path>/Library/Developer/Xcode/DerivedData/WebDriverAgent-gvnbbobaqwdgeeepwfrffrnyucio/Build/Intermediates.noindex/ExplicitPrecompiledModules/Symbols-602E2RWX7PRXZC7HPSZANBC1U.scan
2026-09-29 08:08:53:705 [790e2ec9][XCUITestDriver@b322] Matched '/status' to command name 'getStatus'
2026-09-29 08:08:53:705 [790e2ec9][XCUITestDriver@b322] Proxying [GET /status] to [GET http://127.0.0.1:8100/status] with no body
2026-09-29 08:08:53:817 [790e2ec9][Xcode] 
2026-09-29 08:08:53:817 [790e2ec9][Xcode] PrecompileModule <host-path>/Library/Developer/Xcode/DerivedData/WebDriverAgent-gvnbbobaqwdgeeepwfrffrnyucio/Build/Intermediates.noindex/ExplicitPrecompiledModules/CFNetwork-AP0KJRH421TQIPON4LWZPOEK1.scan
2026-09-29 08:08:53:817 [790e2ec9][Xcode]     cd <host-path>/qualification/compatibility-smoke/harness/node_modules/appium-xcuitest-driver/node_modules/appium-webdriveragent
2026-09-29 08:08:53:817 [790e2ec9][Xcode]     builtin-precompileModule <host-path>/Library/Developer/Xcode/DerivedData/WebDriverAgent-gvnbbobaqwdgeeepwfrffrnyucio/Build/Intermediates.noindex/ExplicitPrecompiledModules/CFNetwork-AP0KJRH421TQIPON4LWZPOEK1.scan
2026-09-29 08:08:53:895 [790e2ec9][XCUITestDriver@b322] connect ECONNREFUSED 127.0.0.1:8100
2026-09-29 08:08:54:535 [790e2ec9][Xcode] 
2026-09-29 08:08:54:536 [790e2ec9][Xcode] PrecompileModule <host-path>/Library/Developer/Xcode/DerivedData/WebDriverAgent-gvnbbobaqwdgeeepwfrffrnyucio/Build/Intermediates.noindex/ExplicitPrecompiledModules/ImageIO-3DLVNOAIDX0YT3UEWGU7RVK2I.scan
2026-09-29 08:08:54:537 [790e2ec9][Xcode]     cd <host-path>/qualification/compatibility-smoke/harness/node_modules/appium-xcuitest-driver/node_modules/appium-webdriveragent
2026-09-29 08:08:54:808 [790e2ec9][Xcode]     builtin-precompileModule <host-path>/Library/Developer/Xcode/DerivedData/WebDriverAgent-gvnbbobaqwdgeeepwfrffrnyucio/Build/Intermediates.noindex/ExplicitPrecompiledModules/ImageIO-3DLVNOAIDX0YT3UEWGU7RVK2I.scan
2026-09-29 08:08:54:881 [790e2ec9][Xcode] 
2026-09-29 08:08:54:881 [790e2ec9][Xcode] PrecompileModule <host-path>/Library/Developer/Xcode/DerivedData/WebDriverAgent-gvnbbobaqwdgeeepwfrffrnyucio/Build/Intermediates.noindex/ExplicitPrecompiledModules/Metal-9PIQXV6R90BCUZZBMS63WI7T1.scan
2026-09-29 08:08:54:881 [790e2ec9][Xcode]     cd <host-path>/qualification/compatibility-smoke/harness/node_modules/appium-xcuitest-driver/node_modules/appium-webdriveragent
2026-09-29 08:08:54:881 [790e2ec9][Xcode]     builtin-precompileModule <host-path>/Library/Developer/Xcode/DerivedData/WebDriverAgent-gvnbbobaqwdgeeepwfrffrnyucio/Build/Intermediates.noindex/ExplicitPrecompiledModules/Metal-9PIQXV6R90BCUZZBMS63WI7T1.scan
2026-09-29 08:08:54:941 [790e2ec9][XCUITestDriver@b322] Matched '/status' to command name 'getStatus'
2026-09-29 08:08:55:066 [790e2ec9][XCUITestDriver@b322] Proxying [GET /status] to [GET http://127.0.0.1:8100/status] with no body
2026-09-29 08:08:55:111 [790e2ec9][XCUITestDriver@b322] connect ECONNREFUSED 127.0.0.1:8100
2026-09-29 08:08:56:198 [790e2ec9][XCUITestDriver@b322] Matched '/status' to command name 'getStatus'
2026-09-29 08:08:56:199 [790e2ec9][XCUITestDriver@b322] Proxying [GET /status] to [GET http://127.0.0.1:8100/status] with no body
2026-09-29 08:08:56:206 [790e2ec9][XCUITestDriver@b322] connect ECONNREFUSED 127.0.0.1:8100
2026-09-29 08:08:57:101 [790e2ec9][Xcode] 
2026-09-29 08:08:57:101 [790e2ec9][Xcode] PrecompileModule <host-path>/Library/Developer/Xcode/DerivedData/WebDriverAgent-gvnbbobaqwdgeeepwfrffrnyucio/Build/Intermediates.noindex/ExplicitPrecompiledModules/OpenGLES-84MKKB2NP3MQ8BL6L8DGJ8US5.scan
2026-09-29 08:08:57:101 [790e2ec9][Xcode]     cd <host-path>/qualification/compatibility-smoke/harness/node_modules/appium-xcuitest-driver/node_modules/appium-webdriveragent
2026-09-29 08:08:57:101 [790e2ec9][Xcode]     builtin-precompileModule <host-path>/Library/Developer/Xcode/DerivedData/WebDriverAgent-gvnbbobaqwdgeeepwfrffrnyucio/Build/Intermediates.noindex/ExplicitPrecompiledModules/OpenGLES-84MKKB2NP3MQ8BL6L8DGJ8US5.scan
2026-09-29 08:08:57:130 [790e2ec9][Xcode] 
2026-09-29 08:08:57:159 [790e2ec9][Xcode] LinkAssetCatalog <host-path>/qualification/compatibility-smoke/harness/node_modules/appium-xcuitest-driver/node_modules/appium-webdriveragent/WebDriverAgentRunner/Assets.xcassets (in target 'WebDriverAgentRunner' from project 'WebDriverAgent')
2026-09-29 08:08:57:161 [790e2ec9][Xcode]     cd <host-path>/qualification/compatibility-smoke/harness/node_modules/appium-xcuitest-driver/node_modules/appium-webdriveragent
2026-09-29 08:08:57:170 [790e2ec9][Xcode]     builtin-linkAssetCatalog --thinned <host-path>/Library/Developer/Xcode/DerivedData/WebDriverAgent-gvnbbobaqwdgeeepwfrffrnyucio/Build/Intermediates.noindex/WebDriverAgent.build/Debug-iphonesimulator/WebDriverAgentRunner.build/assetcatalog_output/thinned --thinned-dependencies <host-path>/Library/Developer/Xcode/DerivedData/WebDriverAgent-gvnbbobaqwdgeeepwfrffrnyucio/Build/Intermediates.noindex/WebDriverAgent.build/Debug-iphonesimulator/WebDriverAgentRunner.build/assetcatalog_dependencies_thinned --thinned-info-plist-content <host-path>/Library/Developer/Xcode/DerivedData/WebDriverAgent-gvnbbobaqwdgeeepwfrffrnyucio/Build/Intermediates.noindex/WebDriverAgent.build/Debug-iphonesimulator/WebDriverAgentRunner.build/assetcatalog_generated_info.plist_thinned --unthinned <host-path>/Library/Developer/Xcode/DerivedData/WebDriverAgent-gvnbbobaqwdgeeepwfrffrnyucio/Build/Intermediates.noindex/WebDriverAgent.build/Debug-iphonesimulator/WebDriverAgentRunner.build/assetcatalog_output/unthinned --unthinned-dependencies <host-path>/Library/Developer/Xcode/DerivedData/WebDriverAgent-gvnbbobaqwdgeeepwfrffrnyucio/Build/Intermediates.noindex/WebDriverAgent.build/Debug-iphonesimulator/WebDriverAgentRunner.build/assetcatalog_dependencies_unthinned --unthinned-info-plist-content <host-path>/Library/Developer/Xcode/DerivedData/WebDriverAgent-gvnbbobaqwdgeeepwfrffrnyucio/Build/Intermediates.noindex/WebDriverAgent.build/Debug-iphonesimulator/WebDriverAgentRunner.build/assetcatalog_generated_info.plist_unthinned --output <host-path>/Library/Developer/Xcode/DerivedData/WebDriverAgent-gvnbbobaqwdgeeepwfrffrnyucio/Build/Products/Debug-iphonesimulator/WebDriverAgentRunner-Runner.app/PlugIns/WebDriverAgentRunner.xctest --plist-output <host-path>/Library/Developer/Xcode/DerivedData/WebDriverAgent-gvnbbobaqwdgeeepwfrffrnyucio/Build/Intermediates.noindex/WebDriverAgent.build/Debug-iphonesimulator/WebDriverAgentRunner.build/assetcatalog_generated_info.plist
2026-09-29 08:08:57:170 [790e2ec9][Xcode] note: Emplaced <host-path>/Library/Developer/Xcode/DerivedData/WebDriverAgent-gvnbbobaqwdgeeepwfrffrnyucio/Build/Products/Debug-iphonesimulator/WebDriverAgentRunner-Runner.app/PlugIns/WebDriverAgentRunner.xctest/AppIcon60x60@2x.png (in target 'WebDriverAgentRunner' from project 'WebDriverAgent')
2026-09-29 08:08:57:170 [790e2ec9][Xcode] note: Emplaced <host-path>/Library/Developer/Xcode/DerivedData/WebDriverAgent-gvnbbobaqwdgeeepwfrffrnyucio/Build/Products/Debug-iphonesimulator/WebDriverAgentRunner-Runner.app/PlugIns/WebDriverAgentRunner.xctest/Assets.car (in target 'WebDriverAgentRunner' from project 'WebDriverAgent')
2026-09-29 08:08:57:171 [790e2ec9][Xcode] note: Emplaced <host-path>/Library/Developer/Xcode/DerivedData/WebDriverAgent-gvnbbobaqwdgeeepwfrffrnyucio/Build/Products/Debug-iphonesimulator/WebDriverAgentRunner-Runner.app/PlugIns/WebDriverAgentRunner.xctest/AppIcon76x76@2x~ipad.png (in target 'WebDriverAgentRunner' from project 'WebDriverAgent')
2026-09-29 08:08:57:171 [790e2ec9][Xcode] 
2026-09-29 08:08:57:172 [790e2ec9][Xcode] PrecompileModule <host-path>/Library/Developer/Xcode/DerivedData/WebDriverAgent-gvnbbobaqwdgeeepwfrffrnyucio/Build/Intermediates.noindex/ExplicitPrecompiledModules/Foundation-6GHACM0ZW413OPSJ9F2V0VOM0.scan
2026-09-29 08:08:57:173 [790e2ec9][Xcode]     cd <host-path>/qualification/compatibility-smoke/harness/node_modules/appium-xcuitest-driver/node_modules/appium-webdriveragent
2026-09-29 08:08:57:174 [790e2ec9][Xcode]     builtin-precompileModule <host-path>/Library/Developer/Xcode/DerivedData/WebDriverAgent-gvnbbobaqwdgeeepwfrffrnyucio/Build/Intermediates.noindex/ExplicitPrecompiledModules/Foundation-6GHACM0ZW413OPSJ9F2V0VOM0.scan
2026-09-29 08:08:57:580 [790e2ec9][XCUITestDriver@b322] Matched '/status' to command name 'getStatus'
2026-09-29 08:08:57:580 [790e2ec9][XCUITestDriver@b322] Proxying [GET /status] to [GET http://127.0.0.1:8100/status] with no body
2026-09-29 08:08:57:607 [790e2ec9][XCUITestDriver@b322] connect ECONNREFUSED 127.0.0.1:8100
2026-09-29 08:08:58:609 [790e2ec9][XCUITestDriver@b322] Matched '/status' to command name 'getStatus'
2026-09-29 08:08:58:610 [790e2ec9][XCUITestDriver@b322] Proxying [GET /status] to [GET http://127.0.0.1:8100/status] with no body
2026-09-29 08:08:58:635 [790e2ec9][XCUITestDriver@b322] connect ECONNREFUSED 127.0.0.1:8100
2026-09-29 08:08:59:639 [790e2ec9][XCUITestDriver@b322] Matched '/status' to command name 'getStatus'
2026-09-29 08:08:59:640 [790e2ec9][XCUITestDriver@b322] Proxying [GET /status] to [GET http://127.0.0.1:8100/status] with no body
2026-09-29 08:08:59:676 [790e2ec9][XCUITestDriver@b322] connect ECONNREFUSED 127.0.0.1:8100
2026-09-29 08:09:00:699 [790e2ec9][XCUITestDriver@b322] Matched '/status' to command name 'getStatus'
2026-09-29 08:09:00:700 [790e2ec9][XCUITestDriver@b322] Proxying [GET /status] to [GET http://127.0.0.1:8100/status] with no body
2026-09-29 08:09:01:106 [790e2ec9][XCUITestDriver@b322] connect ECONNREFUSED 127.0.0.1:8100
2026-09-29 08:09:02:112 [790e2ec9][XCUITestDriver@b322] Matched '/status' to command name 'getStatus'
2026-09-29 08:09:02:113 [790e2ec9][XCUITestDriver@b322] Proxying [GET /status] to [GET http://127.0.0.1:8100/status] with no body
2026-09-29 08:09:02:118 [790e2ec9][XCUITestDriver@b322] connect ECONNREFUSED 127.0.0.1:8100
2026-09-29 08:09:03:160 [790e2ec9][XCUITestDriver@b322] Matched '/status' to command name 'getStatus'
2026-09-29 08:09:03:161 [790e2ec9][XCUITestDriver@b322] Proxying [GET /status] to [GET http://127.0.0.1:8100/status] with no body
2026-09-29 08:09:03:244 [790e2ec9][XCUITestDriver@b322] connect ECONNREFUSED 127.0.0.1:8100
2026-09-29 08:09:04:412 [790e2ec9][XCUITestDriver@b322] Matched '/status' to command name 'getStatus'
2026-09-29 08:09:04:413 [790e2ec9][XCUITestDriver@b322] Proxying [GET /status] to [GET http://127.0.0.1:8100/status] with no body
2026-09-29 08:09:04:418 [790e2ec9][XCUITestDriver@b322] connect ECONNREFUSED 127.0.0.1:8100
2026-09-29 08:09:05:420 [790e2ec9][XCUITestDriver@b322] Matched '/status' to command name 'getStatus'
2026-09-29 08:09:05:420 [790e2ec9][XCUITestDriver@b322] Proxying [GET /status] to [GET http://127.0.0.1:8100/status] with no body
2026-09-29 08:09:05:653 [790e2ec9][XCUITestDriver@b322] connect ECONNREFUSED 127.0.0.1:8100
2026-09-29 08:09:06:834 [790e2ec9][XCUITestDriver@b322] Matched '/status' to command name 'getStatus'
2026-09-29 08:09:06:839 [790e2ec9][XCUITestDriver@b322] Proxying [GET /status] to [GET http://127.0.0.1:8100/status] with no body
2026-09-29 08:09:06:843 [790e2ec9][XCUITestDriver@b322] connect ECONNREFUSED 127.0.0.1:8100
2026-09-29 08:09:07:027 [790e2ec9][Xcode] 
2026-09-29 08:09:07:028 [790e2ec9][Xcode] ScanDependencies Analyze <host-path>/qualification/compatibility-smoke/harness/node_modules/appium-xcuitest-driver/node_modules/appium-webdriveragent/WebDriverAgentLib/Utilities/FBXCTestDaemonsProxy.m normal arm64 (in target 'WebDriverAgentLib' from project 'WebDriverAgent')
2026-09-29 08:09:07:028 [790e2ec9][Xcode]     cd <host-path>/qualification/compatibility-smoke/harness/node_modules/appium-xcuitest-driver/node_modules/appium-webdriveragent
2026-09-29 08:09:07:028 [790e2ec9][Xcode]     
2026-09-29 08:09:07:028 [790e2ec9][Xcode]     Using response file: <host-path>/Library/Developer/Xcode/DerivedData/WebDriverAgent-gvnbbobaqwdgeeepwfrffrnyucio/Build/Intermediates.noindex/WebDriverAgent.build/Debug-iphonesimulator/WebDriverAgentLib.build/Objects-normal/arm64/22a6d426986e98cf1a8e0c880c6a22df-common-args.resp
2026-09-29 08:09:07:028 [790e2ec9][Xcode]     
2026-09-29 08:09:07:028 [790e2ec9][Xcode]     builtin-ScanDependencies -o <host-path>/Library/Developer/Xcode/DerivedData/WebDriverAgent-gvnbbobaqwdgeeepwfrffrnyucio/Build/Intermediates.noindex/WebDriverAgent.build/Debug-iphonesimulator/WebDriverAgentLib.build/StaticAnalyzer/WebDriverAgent/WebDriverAgentLib/normal/arm64/FBXCTestDaemonsProxy.plist.scan -- /Applications/Xcode_16.4.app/Contents/Developer/Toolchains/XcodeDefault.xctoolchain/usr/bin/clang -x objective-c -ivfsstatcache <host-path>/Library/Developer/Xcode/DerivedData/SDKStatCaches.noindex/iphonesimulator18.5-22F76-96ae0914227b19deccb34b33ba7b5dea.sdkstatcache -fmessage-length\=0 -fdiagnostics-show-note-include-stack -fmacro-backtrace-limit\=0 -fno-color-diagnostics -fmodules-prune-interval\=86400 -fmodules-prune-after\=345600 -fbuild-session-file\=<host-path>/Library/Developer/Xcode/DerivedData/ModuleCache.noindex/Session.modulevalidation -fmodules-validate-once-per-build-session -Wno-trigraphs -Wmissing-field-initializers -Wno-missing-prototypes -Werror\=return-type -Wunreachable-code -Wquoted-include-in-framework-header -Wno-implicit-atomic-properties -Werror\=deprecated-objc-isa-usage -Wno-objc-interface-ivars -Werror\=objc-root-class -Warc-repeated-use-of-weak -Wno-arc-maybe-repeated-use-of-weak -Wimplicit-retain-self -Wduplicate-method-match -Wno-missing-braces -Wparentheses -Wswitch -Wunused-function -Wno-unused-label -Wunused-parameter -Wunused-variable -Wunused-value -Wempty-body -Wuninitialized -Wconditional-uninitialized -Wno-unknown-pragmas -Wshadow -Wno-four-char-constants -Wconversion -Wconstant-conversion -Wint-conversion -Wbool-conversion -Wenum-conversion -Wfloat-conversion -Wnon-literal-null-conversion -Wobjc-literal-conversion -Wassign-enum -Wsign-compare -Wshorten-64-to-32 -Wpointer-sign -Wno-newline-eof -Wno-selector -Wno-strict-selector-match -Wundeclared-selector -Wdeprecated-implementations -Wno-implicit-fallthrough -fstrict-aliasing -Wprotocol -Wdeprecated-declarations -Wno-sign-conversion -Winfinite-recursion -Wcomma -Wblock-capture-autoreleasing -Wstrict-prototypes -Wno-semicolon-before-method-body -Weverything -Wno-objc-missing-property-synthesis -Wno-unused-macros -Wno-disabled-macro-expansion -Wno-gnu-statement-expression -Wno-language-extension-token -Wno-overriding-method-mismatch -Wno-missing-variable-declarations -Wno-auto-import -Wno-objc-interface-ivars -Wno-documentation-unknown-command -Wno-reserved-id-macro -Wno-unused-parameter -Wno-gnu-conditional-omitted-operand -Wno-explicit-ownership-type -Wno-date-time -Wno-cast-align -Wno-cstring-format-directive -Wno-double-promotion -Wno-partial-availability -Wno-declaration-after-statement -Wno-objc-messaging-id -Wno-direct-ivar-access -Wno-cast-qual -Wno-deprecated-declarations -Wno-reserved-identifier -Weverything -Wno-objc-missing-property-synthesis -Wno-unused-macros -Wno-disabled-macro-expansion -Wno-gnu-statement-expression -Wno-language-extension-token -Wno-overriding-method-mismatch -Wno-missing-variable-declarations -Wno-auto-import -Wno-objc-interface-ivars -Wno-documentation-unknown-command -Wno-reserved-id-macro -Wno-unused-parameter -Wno-gnu-conditional-omitted-operand -Wno-explicit-ownership-type -Wno-date-time -Wno-cast-align -Wno-cstring-format-directive -Wno-double-promotion -Wno-partial-availability -Wno-objc-messaging-id -Wno-direct-ivar-access -Wno-cast-qual -Wno-declaration-after-statement @<host-path>/Library/Developer/Xcode/DerivedData/WebDriverAgent-gvnbbobaqwdgeeepwfrffrnyucio/Build/Intermediates.noindex/WebDriverAgent.build/Debug-iphonesimulator/WebDriverAgentLib.build/Objects-normal/arm64/22a6d426986e98cf1a8e0c880c6a22df-common-args.resp -MMD -MT dependencies -MF <host-path>/Library/Developer/Xcode/DerivedData/WebDriverAgent-gvnbbobaqwdgeeepwfrffrnyucio/Build/Intermediates.noindex/WebDriverAgent.build/Debug-iphonesimulator/WebDriverAgentLib.build/StaticAnalyzer/WebDriverAgent/WebDriverAgentLib/normal/arm64/FBXCTestDaemonsProxy.d --analyze <host-path>/qualification/compatibility-smoke/harness/node_modules/appium-xcuitest-driver/node_modules/appium-webdriveragent/WebDriverAgentLib/Utilities/FBXCTestDaemonsProxy.m -o <host-path>/Library/Developer/Xcode/DerivedData/WebDriverAgent-gvnbbobaqwdgeeepwfrffrnyucio/Build/Intermediates.noindex/WebDriverAgent.build/Debug-iphonesimulator/WebDriverAgentLib.build/StaticAnalyzer/WebDriverAgent/WebDriverAgentLib/normal/arm64/FBXCTestDaemonsProxy.plist
2026-09-29 08:09:07:028 [790e2ec9][Xcode] 
2026-09-29 08:09:07:028 [790e2ec9][Xcode] ScanDependencies Analyze <host-path>/qualification/compatibility-smoke/harness/node_modules/appium-xcuitest-driver/node_modules/appium-webdriveragent/WebDriverAgentLib/Utilities/FBXCAXClientProxy.m normal arm64 (in target 'WebDriverAgentLib' from project 'WebDriverAgent')
2026-09-29 08:09:07:028 [790e2ec9][Xcode]     cd <host-path>/qualification/compatibility-smoke/harness/node_modules/appium-xcuitest-driver/node_modules/appium-webdriveragent
2026-09-29 08:09:07:028 [790e2ec9][Xcode]     
2026-09-29 08:09:07:028 [790e2ec9][Xcode]     Using response file: <host-path>/Library/Developer/Xcode/DerivedData/WebDriverAgent-gvnbbobaqwdgeeepwfrffrnyucio/Build/Intermediates.noindex/WebDriverAgent.build/Debug-iphonesimulator/WebDriverAgentLib.build/Objects-normal/arm64/22a6d426986e98cf1a8e0c880c6a22df-common-args.resp
2026-09-29 08:09:07:028 [790e2ec9][Xcode]     
2026-09-29 08:09:07:055 [790e2ec9][Xcode]     builtin-ScanDependencies -o <host-path>/Library/Developer/Xcode/DerivedData/WebDriverAgent-gvnbbobaqwdgeeepwfrffrnyucio/Build/Intermediates.noindex/WebDriverAgent.build/Debug-iphonesimulator/WebDriverAgentLib.build/StaticAnalyzer/WebDriverAgent/WebDriverAgentLib/normal/arm64/FBXCAXClientProxy.plist.scan -- /Applications/Xcode_16.4.app/Contents/Developer/Toolchains/XcodeDefault.xctoolchain/usr/bin/clang -x objective-c -ivfsstatcache <host-path>/Library/Developer/Xcode/DerivedData/SDKStatCaches.noindex/iphonesimulator18.5-22F76-96ae0914227b19deccb34b33ba7b5dea.sdkstatcache -fmessage-length\=0 -fdiagnostics-show-note-include-stack -fmacro-backtrace-limit\=0 -fno-color-diagnostics -fmodules-prune-interval\=86400 -fmodules-prune-after\=345600 -fbuild-session-file\=<host-path>/Library/Developer/Xcode/DerivedData/ModuleCache.noindex/Session.modulevalidation -fmodules-validate-once-per-build-session -Wno-trigraphs -Wmissing-field-initializers -Wno-missing-prototypes -Werror\=return-type -Wunreachable-code -Wquoted-include-in-framework-header -Wno-implicit-atomic-properties -Werror\=deprecated-objc-isa-usage -Wno-objc-interface-ivars -Werror\=objc-root-class -Warc-repeated-use-of-weak -Wno-arc-maybe-repeated-use-of-weak -Wimplicit-retain-self -Wduplicate-method-match -Wno-missing-braces -Wparentheses -Wswitch -Wunused-function -Wno-unused-label -Wunused-parameter -Wunused-variable -Wunused-value -Wempty-body -Wuninitialized -Wconditional-uninitialized -Wno-unknown-pragmas -Wshadow -Wno-four-char-constants -Wconversion -Wconstant-conversion -Wint-conversion -Wbool-conversion -Wenum-conversion -Wfloat-conversion -Wnon-literal-null-conversion -Wobjc-literal-conversion -Wassign-enum -Wsign-compare -Wshorten-64-to-32 -Wpointer-sign -Wno-newline-eof -Wno-selector -Wno-strict-selector-match -Wundeclared-selector -Wdeprecated-implementations -Wno-implicit-fallthrough -fstrict-aliasing -Wprotocol -Wdeprecated-declarations -Wno-sign-conversion -Winfinite-recursion -Wcomma -Wblock-capture-autoreleasing -Wstrict-prototypes -Wno-semicolon-before-method-body -Weverything -Wno-objc-missing-property-synthesis -Wno-unused-macros -Wno-disabled-macro-expansion -Wno-gnu-statement-expression -Wno-language-extension-token -Wno-overriding-method-mismatch -Wno-missing-variable-declarations -Wno-auto-import -Wno-objc-interface-ivars -Wno-documentation-unknown-command -Wno-reserved-id-macro -Wno-unused-parameter -Wno-gnu-conditional-omitted-operand -Wno-explicit-ownership-type -Wno-date-time -Wno-cast-align -Wno-cstring-format-directive -Wno-double-promotion -Wno-partial-availability -Wno-declaration-after-statement -Wno-objc-messaging-id -Wno-direct-ivar-access -Wno-cast-qual -Wno-deprecated-declarations -Wno-reserved-identifier -Weverything -Wno-objc-missing-property-synthesis -Wno-unused-macros -Wno-disabled-macro-expansion -Wno-gnu-statement-expression -Wno-language-extension-token -Wno-overriding-method-mismatch -Wno-missing-variable-declarations -Wno-auto-import -Wno-objc-interface-ivars -Wno-documentation-unknown-command -Wno-reserved-id-macro -Wno-unused-parameter -Wno-gnu-conditional-omitted-operand -Wno-explicit-ownership-type -Wno-date-time -Wno-cast-align -Wno-cstring-format-directive -Wno-double-promotion -Wno-partial-availability -Wno-objc-messaging-id -Wno-direct-ivar-access -Wno-cast-qual -Wno-declaration-after-statement @<host-path>/Library/Developer/Xcode/DerivedData/WebDriverAgent-gvnbbobaqwdgeeepwfrffrnyucio/Build/Intermediates.noindex/WebDriverAgent.build/Debug-iphonesimulator/WebDriverAgentLib.build/Objects-normal/arm64/22a6d426986e98cf1a8e0c880c6a22df-common-args.resp -MMD -MT dependencies -MF <host-path>/Library/Developer/Xcode/DerivedData/WebDriverAgent-gvnbbobaqwdgeeepwfrffrnyucio/Build/Intermediates.noindex/WebDriverAgent.build/Debug-iphonesimulator/WebDriverAgentLib.build/StaticAnalyzer/WebDriverAgent/WebDriverAgentLib/normal/arm64/FBXCAXClientProxy.d --analyze <host-path>/qualification/compatibility-smoke/harness/node_modules/appium-xcuitest-driver/node_modules/appium-webdriveragent/WebDriverAgentLib/Utilities/FBXCAXClientProxy.m -o <host-path>/Library/Developer/Xcode/DerivedData/WebDriverAgent-gvnbbobaqwdgeeepwfrffrnyucio/Build/Intermediates.noindex/WebDriverAgent.build/Debug-iphonesimulator/WebDriverAgentLib.build/StaticAnalyzer/WebDriverAgent/WebDriverAgentLib/normal/arm64/FBXCAXClientProxy.plist
2026-09-29 08:09:07:060 [790e2ec9][Xcode] 
2026-09-29 08:09:07:061 [790e2ec9][Xcode] PrecompileModule <host-path>/Library/Developer/Xcode/DerivedData/WebDriverAgent-gvnbbobaqwdgeeepwfrffrnyucio/Build/Intermediates.noindex/ExplicitPrecompiledModules/CoreVideo-9HRZ7ZN2IS2VZQL4X2C8LCN7I.scan
2026-09-29 08:09:07:062 [790e2ec9][Xcode]     cd <host-path>/qualification/compatibility-smoke/harness/node_modules/appium-xcuitest-driver/node_modules/appium-webdriveragent
2026-09-29 08:09:07:062 [790e2ec9][Xcode]     builtin-precompileModule <host-path>/Library/Developer/Xcode/DerivedData/WebDriverAgent-gvnbbobaqwdgeeepwfrffrnyucio/Build/Intermediates.noindex/ExplicitPrecompiledModules/CoreVideo-9HRZ7ZN2IS2VZQL4X2C8LCN7I.scan
2026-09-29 08:09:07:062 [790e2ec9][Xcode] 
2026-09-29 08:09:07:062 [790e2ec9][Xcode] ScanDependencies Analyze <host-path>/qualification/compatibility-smoke/harness/node_modules/appium-xcuitest-driver/node_modules/appium-webdriveragent/WebDriverAgentLib/Utilities/FBW3CActionsSynthesizer.m normal arm64 (in target 'WebDriverAgentLib' from project 'WebDriverAgent')
2026-09-29 08:09:07:062 [790e2ec9][Xcode]     cd <host-path>/qualification/compatibility-smoke/harness/node_modules/appium-xcuitest-driver/node_modules/appium-webdriveragent
2026-09-29 08:09:07:062 [790e2ec9][Xcode]     
2026-09-29 08:09:07:062 [790e2ec9][Xcode]     Using response file: <host-path>/Library/Developer/Xcode/DerivedData/WebDriverAgent-gvnbbobaqwdgeeepwfrffrnyucio/Build/Intermediates.noindex/WebDriverAgent.build/Debug-iphonesimulator/WebDriverAgentLib.build/Objects-normal/arm64/22a6d426986e98cf1a8e0c880c6a22df-common-args.resp
2026-09-29 08:09:07:062 [790e2ec9][Xcode]     
2026-09-29 08:09:07:062 [790e2ec9][Xcode]     builtin-ScanDependencies -o <host-path>/Library/Developer/Xcode/DerivedData/WebDriverAgent-gvnbbobaqwdgeeepwfrffrnyucio/Build/Intermediates.noindex/WebDriverAgent.build/Debug-iphonesimulator/WebDriverAgentLib.build/StaticAnalyzer/WebDriverAgent/WebDriverAgentLib/normal/arm64/FBW3CActionsSynthesizer.plist.scan -- /Applications/Xcode_16.4.app/Contents/Developer/Toolchains/XcodeDefault.xctoolchain/usr/bin/clang -x objective-c -ivfsstatcache <host-path>/Library/Developer/Xcode/DerivedData/SDKStatCaches.noindex/iphonesimulator18.5-22F76-96ae0914227b19deccb34b33ba7b5dea.sdkstatcache -fmessage-length\=0 -fdiagnostics-show-note-include-stack -fmacro-backtrace-limit\=0 -fno-color-diagnostics -fmodules-prune-interval\=86400 -fmodules-prune-after\=345600 -fbuild-session-file\=<host-path>/Library/Developer/Xcode/DerivedData/ModuleCache.noindex/Session.modulevalidation -fmodules-validate-once-per-build-session -Wno-trigraphs -Wmissing-field-initializers -Wno-missing-prototypes -Werror\=return-type -Wunreachable-code -Wquoted-include-in-framework-header -Wno-implicit-atomic-properties -Werror\=deprecated-objc-isa-usage -Wno-objc-interface-ivars -Werror\=objc-root-class -Warc-repeated-use-of-weak -Wno-arc-maybe-repeated-use-of-weak -Wimplicit-retain-self -Wduplicate-method-match -Wno-missing-braces -Wparentheses -Wswitch -Wunused-function -Wno-unused-label -Wunused-parameter -Wunused-variable -Wunused-value -Wempty-body -Wuninitialized -Wconditional-uninitialized -Wno-unknown-pragmas -Wshadow -Wno-four-char-constants -Wconversion -Wconstant-conversion -Wint-conversion -Wbool-conversion -Wenum-conversion -Wfloat-conversion -Wnon-literal-null-conversion -Wobjc-literal-conversion -Wassign-enum -Wsign-compare -Wshorten-64-to-32 -Wpointer-sign -Wno-newline-eof -Wno-selector -Wno-strict-selector-match -Wundeclared-selector -Wdeprecated-implementations -Wno-implicit-fallthrough -fstrict-aliasing -Wprotocol -Wdeprecated-declarations -Wno-sign-conversion -Winfinite-recursion -Wcomma -Wblock-capture-autoreleasing -Wstrict-prototypes -Wno-semicolon-before-method-body -Weverything -Wno-objc-missing-property-synthesis -Wno-unused-macros -Wno-disabled-macro-expansion -Wno-gnu-statement-expression -Wno-language-extension-token -Wno-overriding-method-mismatch -Wno-missing-variable-declarations -Wno-auto-import -Wno-objc-interface-ivars -Wno-documentation-unknown-command -Wno-reserved-id-macro -Wno-unused-parameter -Wno-gnu-conditional-omitted-operand -Wno-explicit-ownership-type -Wno-date-time -Wno-cast-align -Wno-cstring-format-directive -Wno-double-promotion -Wno-partial-availability -Wno-declaration-after-statement -Wno-objc-messaging-id -Wno-direct-ivar-access -Wno-cast-qual -Wno-deprecated-declarations -Wno-reserved-identifier -Weverything -Wno-objc-missing-property-synthesis -Wno-unused-macros -Wno-disabled-macro-expansion -Wno-gnu-statement-expression -Wno-language-extension-token -Wno-overriding-method-mismatch -Wno-missing-variable-declarations -Wno-auto-import -Wno-objc-interface-ivars -Wno-documentation-unknown-command -Wno-reserved-id-macro -Wno-unused-parameter -Wno-gnu-conditional-omitted-operand -Wno-explicit-ownership-type -Wno-date-time -Wno-cast-align -Wno-cstring-format-directive -Wno-double-promotion -Wno-partial-availability -Wno-objc-messaging-id -Wno-direct-ivar-access -Wno-cast-qual -Wno-declaration-after-statement @<host-path>/Library/Developer/Xcode/DerivedData/WebDriverAgent-gvnbbobaqwdgeeepwfrffrnyucio/Build/Intermediates.noindex/WebDriverAgent.build/Debug-iphonesimulator/WebDriverAgentLib.build/Objects-normal/arm64/22a6d426986e98cf1a8e0c880c6a22df-common-args.resp -MMD -MT dependencies -MF <host-path>/Library/Developer/Xcode/DerivedData/WebDriverAgent-gvnbbobaqwdgeeepwfrffrnyucio/Build/Intermediates.noindex/WebDriverAgent.build/Debug-iphonesimulator/WebDriverAgentLib.build/StaticAnalyzer/WebDriverAgent/WebDriverAgentLib/normal/arm64/FBW3CActionsSynthesizer.d --analyze <host-path>/qualification/compatibility-smoke/harness/node_modules/appium-xcuitest-driver/node_modules/appium-webdriveragent/WebDriverAgentLib/Utilities/FBW3CActionsSynthesizer.m -o <host-path>/Library/Developer/Xcode/DerivedData/WebDriverAgent-gvnbbobaqwdgeeepwfrffrnyucio/Build/Intermediates.noindex/WebDriverAgent.build/Debug-iphonesimulator/WebDriverAgentLib.build/StaticAnalyzer/WebDriverAgent/WebDriverAgentLib/normal/arm64/FBW3CActionsSynthesizer.plist
2026-09-29 08:09:07:062 [790e2ec9][Xcode] 
2026-09-29 08:09:07:062 [790e2ec9][Xcode] ScanDependencies Analyze <host-path>/qualification/compatibility-smoke/harness/node_modules/appium-xcuitest-driver/node_modules/appium-webdriveragent/WebDriverAgentLib/Utilities/FBW3CActionsHelpers.m normal arm64 (in target 'WebDriverAgentLib' from project 'WebDriverAgent')
2026-09-29 08:09:07:062 [790e2ec9][Xcode]     cd <host-path>/qualification/compatibility-smoke/harness/node_modules/appium-xcuitest-driver/node_modules/appium-webdriveragent
2026-09-29 08:09:07:062 [790e2ec9][Xcode]     
2026-09-29 08:09:07:062 [790e2ec9][Xcode]     Using response file: <host-path>/Library/Developer/Xcode/DerivedData/WebDriverAgent-gvnbbobaqwdgeeepwfrffrnyucio/Build/Intermediates.noindex/WebDriverAgent.build/Debug-iphonesimulator/WebDriverAgentLib.build/Objects-normal/arm64/22a6d426986e98cf1a8e0c880c6a22df-common-args.resp
2026-09-29 08:09:07:062 [790e2ec9][Xcode]     
2026-09-29 08:09:07:062 [790e2ec9][Xcode]     builtin-ScanDependencies -o <host-path>/Library/Developer/Xcode/DerivedData/WebDriverAgent-gvnbbobaqwdgeeepwfrffrnyucio/Build/Intermediates.noindex/WebDriverAgent.build/Debug-iphonesimulator/WebDriverAgentLib.build/StaticAnalyzer/WebDriverAgent/WebDriverAgentLib/normal/arm64/FBW3CActionsHelpers.plist.scan -- /Applications/Xcode_16.4.app/Contents/Developer/Toolchains/XcodeDefault.xctoolchain/usr/bin/clang -x objective-c -ivfsstatcache <host-path>/Library/Developer/Xcode/DerivedData/SDKStatCaches.noindex/iphonesimulator18.5-22F76-96ae0914227b19deccb34b33ba7b5dea.sdkstatcache -fmessage-length\=0 -fdiagnostics-show-note-include-stack -fmacro-backtrace-limit\=0 -fno-color-diagnostics -fmodules-prune-interval\=86400 -fmodules-prune-after\=345600 -fbuild-session-file\=<host-path>/Library/Developer/Xcode/DerivedData/ModuleCache.noindex/Session.modulevalidation -fmodules-validate-once-per-build-session -Wno-trigraphs -Wmissing-field-initializers -Wno-missing-prototypes -Werror\=return-type -Wunreachable-code -Wquoted-include-in-framework-header -Wno-implicit-atomic-properties -Werror\=deprecated-objc-isa-usage -Wno-objc-interface-ivars -Werror\=objc-root-class -Warc-repeated-use-of-weak -Wno-arc-maybe-repeated-use-of-weak -Wimplicit-retain-self -Wduplicate-method-match -Wno-missing-braces -Wparentheses -Wswitch -Wunused-function -Wno-unused-label -Wunused-parameter -Wunused-variable -Wunused-value -Wempty-body -Wuninitialized -Wconditional-uninitialized -Wno-unknown-pragmas -Wshadow -Wno-four-char-constants -Wconversion -Wconstant-conversion -Wint-conversion -Wbool-conversion -Wenum-conversion -Wfloat-conversion -Wnon-literal-null-conversion -Wobjc-literal-conversion -Wassign-enum -Wsign-compare -Wshorten-64-to-32 -Wpointer-sign -Wno-newline-eof -Wno-selector -Wno-strict-selector-match -Wundeclared-selector -Wdeprecated-implementations -Wno-implicit-fallthrough -fstrict-aliasing -Wprotocol -Wdeprecated-declarations -Wno-sign-conversion -Winfinite-recursion -Wcomma -Wblock-capture-autoreleasing -Wstrict-prototypes -Wno-semicolon-before-method-body -Weverything -Wno-objc-missing-property-synthesis -Wno-unused-macros -Wno-disabled-macro-expansion -Wno-gnu-statement-expression -Wno-language-extension-token -Wno-overriding-method-mismatch -Wno-missing-variable-declarations -Wno-auto-import -Wno-objc-interface-ivars -Wno-documentation-unknown-command -Wno-reserved-id-macro -Wno-unused-parameter -Wno-gnu-conditional-omitted-operand -Wno-explicit-ownership-type -Wno-date-time -Wno-cast-align -Wno-cstring-format-directive -Wno-double-promotion -Wno-partial-availability -Wno-declaration-after-statement -Wno-objc-messaging-id -Wno-direct-ivar-access -Wno-cast-qual -Wno-deprecated-declarations -Wno-reserved-identifier -Weverything -Wno-objc-missing-property-synthesis -Wno-unused-macros -Wno-disabled-macro-expansion -Wno-gnu-statement-expression -Wno-language-extension-token -Wno-overriding-method-mismatch -Wno-missing-variable-declarations -Wno-auto-import -Wno-objc-interface-ivars -Wno-documentation-unknown-command -Wno-reserved-id-macro -Wno-unused-parameter -Wno-gnu-conditional-omitted-operand -Wno-explicit-ownership-type -Wno-date-time -Wno-cast-align -Wno-cstring-format-directive -Wno-double-promotion -Wno-partial-availability -Wno-objc-messaging-id -Wno-direct-ivar-access -Wno-cast-qual -Wno-declaration-after-statement @<host-path>/Library/Developer/Xcode/DerivedData/WebDriverAgent-gvnbbobaqwdgeeepwfrffrnyucio/Build/Intermediates.noindex/WebDriverAgent.build/Debug-iphonesimulator/WebDriverAgentLib.build/Objects-normal/arm64/22a6d426986e98cf1a8e0c880c6a22df-common-args.resp -MMD -MT dependencies -MF <host-path>/Library/Developer/Xcode/DerivedData/WebDriverAgent-gvnbbobaqwdgeeepwfrffrnyucio/Build/Intermediates.noindex/WebDriverAgent.build/Debug-iphonesimulator/WebDriverAgentLib.build/StaticAnalyzer/WebDriverAgent/WebDriverAgentLib/normal/arm64/FBW3CActionsHelpers.d --analyze <host-path>/qualification/compatibility-smoke/harness/node_modules/appium-xcuitest-driver/node_modules/appium-webdriveragent/WebDriverAgentLib/Utilities/FBW3CActionsHelpers.m -o <host-path>/Library/Developer/Xcode/DerivedData/WebDriverAgent-gvnbbobaqwdgeeepwfrffrnyucio/Build/Intermediates.noindex/WebDriverAgent.build/Debug-iphonesimulator/WebDriverAgentLib.build/StaticAnalyzer/WebDriverAgent/WebDriverAgentLib/normal/arm64/FBW3CActionsHelpers.plist
2026-09-29 08:09:07:062 [790e2ec9][Xcode] 
2026-09-29 08:09:07:062 [790e2ec9][Xcode] ScanDependencies Analyze <host-path>/qualification/compatibility-smoke/harness/node_modules/appium-xcuitest-driver/node_modules/appium-webdriveragent/WebDriverAgentLib/Utilities/FBUnattachedAppLauncher.m normal arm64 (in target 'WebDriverAgentLib' from project 'WebDriverAgent')
2026-09-29 08:09:07:062 [790e2ec9][Xcode]     cd <host-path>/qualification/compatibility-smoke/harness/node_modules/appium-xcuitest-driver/node_modules/appium-webdriveragent
2026-09-29 08:09:07:062 [790e2ec9][Xcode]     
2026-09-29 08:09:07:062 [790e2ec9][Xcode]     Using response file: <host-path>/Library/Developer/Xcode/DerivedData/WebDriverAgent-gvnbbobaqwdgeeepwfrffrnyucio/Build/Intermediates.noindex/WebDriverAgent.build/Debug-iphonesimulator/WebDriverAgentLib.build/Objects-normal/arm64/22a6d426986e98cf1a8e0c880c6a22df-common-args.resp
2026-09-29 08:09:07:062 [790e2ec9][Xcode]     
2026-09-29 08:09:07:063 [790e2ec9][Xcode]     builtin-ScanDependencies -o <host-path>/Library/Developer/Xcode/DerivedData/WebDriverAgent-gvnbbobaqwdgeeepwfrffrnyucio/Build/Intermediates.noindex/WebDriverAgent.build/Debug-iphonesimulator/WebDriverAgentLib.build/StaticAnalyzer/WebDriverAgent/WebDriverAgentLib/normal/arm64/FBUnattachedAppLauncher.plist.scan -- /Applications/Xcode_16.4.app/Contents/Developer/Toolchains/XcodeDefault.xctoolchain/usr/bin/clang -x objective-c -ivfsstatcache <host-path>/Library/Developer/Xcode/DerivedData/SDKStatCaches.noindex/iphonesimulator18.5-22F76-96ae0914227b19deccb34b33ba7b5dea.sdkstatcache -fmessage-length\=0 -fdiagnostics-show-note-include-stack -fmacro-backtrace-limit\=0 -fno-color-diagnostics -fmodules-prune-interval\=86400 -fmodules-prune-after\=345600 -fbuild-session-file\=<host-path>/Library/Developer/Xcode/DerivedData/ModuleCache.noindex/Session.modulevalidation -fmodules-validate-once-per-build-session -Wno-trigraphs -Wmissing-field-initializers -Wno-missing-prototypes -Werror\=return-type -Wunreachable-code -Wquoted-include-in-framework-header -Wno-implicit-atomic-properties -Werror\=deprecated-objc-isa-usage -Wno-objc-interface-ivars -Werror\=objc-root-class -Warc-repeated-use-of-weak -Wno-arc-maybe-repeated-use-of-weak -Wimplicit-retain-self -Wduplicate-method-match -Wno-missing-braces -Wparentheses -Wswitch -Wunused-function -Wno-unused-label -Wunused-parameter -Wunused-variable -Wunused-value -Wempty-body -Wuninitialized -Wconditional-uninitialized -Wno-unknown-pragmas -Wshadow -Wno-four-char-constants -Wconversion -Wconstant-conversion -Wint-conversion -Wbool-conversion -Wenum-conversion -Wfloat-conversion -Wnon-literal-null-conversion -Wobjc-literal-conversion -Wassign-enum -Wsign-compare -Wshorten-64-to-32 -Wpointer-sign -Wno-newline-eof -Wno-selector -Wno-strict-selector-match -Wundeclared-selector -Wdeprecated-implementations -Wno-implicit-fallthrough -fstrict-aliasing -Wprotocol -Wdeprecated-declarations -Wno-sign-conversion -Winfinite-recursion -Wcomma -Wblock-capture-autoreleasing -Wstrict-prototypes -Wno-semicolon-before-method-body -Weverything -Wno-objc-missing-property-synthesis -Wno-unused-macros -Wno-disabled-macro-expansion -Wno-gnu-statement-expression -Wno-language-extension-token -Wno-overriding-method-mismatch -Wno-missing-variable-declarations -Wno-auto-import -Wno-objc-interface-ivars -Wno-documentation-unknown-command -Wno-reserved-id-macro -Wno-unused-parameter -Wno-gnu-conditional-omitted-operand -Wno-explicit-ownership-type -Wno-date-time -Wno-cast-align -Wno-cstring-format-directive -Wno-double-promotion -Wno-partial-availability -Wno-declaration-after-statement -Wno-objc-messaging-id -Wno-direct-ivar-access -Wno-cast-qual -Wno-deprecated-declarations -Wno-reserved-identifier -Weverything -Wno-objc-missing-property-synthesis -Wno-unused-macros -Wno-disabled-macro-expansion -Wno-gnu-statement-expression -Wno-language-extension-token -Wno-overriding-method-mismatch -Wno-missing-variable-declarations -Wno-auto-import -Wno-objc-interface-ivars -Wno-documentation-unknown-command -Wno-reserved-id-macro -Wno-unused-parameter -Wno-gnu-conditional-omitted-operand -Wno-explicit-ownership-type -Wno-date-time -Wno-cast-align -Wno-cstring-format-directive -Wno-double-promotion -Wno-partial-availability -Wno-objc-messaging-id -Wno-direct-ivar-access -Wno-cast-qual -Wno-declaration-after-statement @<host-path>/Library/Developer/Xcode/DerivedData/WebDriverAgent-gvnbbobaqwdgeeepwfrffrnyucio/Build/Intermediates.noindex/WebDriverAgent.build/Debug-iphonesimulator/WebDriverAgentLib.build/Objects-normal/arm64/22a6d426986e98cf1a8e0c880c6a22df-common-args.resp -MMD -MT dependencies -MF <host-path>/Library/Developer/Xcode/DerivedData/WebDriverAgent-gvnbbobaqwdgeeepwfrffrnyucio/Build/Intermediates.noindex/WebDriverAgent.build/Debug-iphonesimulator/WebDriverAgentLib.build/StaticAnalyzer/WebDriverAgent/WebDriverAgentLib/normal/arm64/FBUnattachedAppLauncher.d --analyze <host-path>/qualification/compatibility-smoke/harness/node_modules/appium-xcuitest-driver/node_modules/appium-webdriveragent/WebDriverAgentLib/Utilities/FBUnattachedAppLauncher.m -o <host-path>/Library/Developer/Xcode/DerivedData/WebDriverAgent-gvnbbobaqwdgeeepwfrffrnyucio/Build/Intermediates.noindex/WebDriverAgent.build/Debug-iphonesimulator/WebDriverAgentLib.build/StaticAnalyzer/WebDriverAgent/WebDriverAgentLib/normal/arm64/FBUnattachedAppLauncher.plist
2026-09-29 08:09:07:063 [790e2ec9][Xcode] 
2026-09-29 08:09:07:063 [790e2ec9][Xcode] ScanDependencies Analyze <host-path>/qualification/compatibility-smoke/harness/node_modules/appium-xcuitest-driver/node_modules/appium-webdriveragent/WebDriverAgentLib/Utilities/FBTVNavigationTracker.m normal arm64 (in target 'WebDriverAgentLib' from project 'WebDriverAgent')
2026-09-29 08:09:07:063 [790e2ec9][Xcode]     cd <host-path>/qualification/compatibility-smoke/harness/node_modules/appium-xcuitest-driver/node_modules/appium-webdriveragent
2026-09-29 08:09:07:063 [790e2ec9][Xcode]     
2026-09-29 08:09:07:063 [790e2ec9][Xcode]     Using response file: <host-path>/Library/Developer/Xcode/DerivedData/WebDriverAgent-gvnbbobaqwdgeeepwfrffrnyucio/Build/Intermediates.noindex/WebDriverAgent.build/Debug-iphonesimulator/WebDriverAgentLib.build/Objects-normal/arm64/22a6d426986e98cf1a8e0c880c6a22df-common-args.resp
2026-09-29 08:09:07:063 [790e2ec9][Xcode]     
2026-09-29 08:09:07:063 [790e2ec9][Xcode]     builtin-ScanDependencies -o <host-path>/Library/Developer/Xcode/DerivedData/WebDriverAgent-gvnbbobaqwdgeeepwfrffrnyucio/Build/Intermediates.noindex/WebDriverAgent.build/Debug-iphonesimulator/WebDriverAgentLib.build/StaticAnalyzer/WebDriverAgent/WebDriverAgentLib/normal/arm64/FBTVNavigationTracker.plist.scan -- /Applications/Xcode_16.4.app/Contents/Developer/Toolchains/XcodeDefault.xctoolchain/usr/bin/clang -x objective-c -ivfsstatcache <host-path>/Library/Developer/Xcode/DerivedData/SDKStatCaches.noindex/iphonesimulator18.5-22F76-96ae0914227b19deccb34b33ba7b5dea.sdkstatcache -fmessage-length\=0 -fdiagnostics-show-note-include-stack -fmacro-backtrace-limit\=0 -fno-color-diagnostics -fmodules-prune-interval\=86400 -fmodules-prune-after\=345600 -fbuild-session-file\=<host-path>/Library/Developer/Xcode/DerivedData/ModuleCache.noindex/Session.modulevalidation -fmodules-validate-once-per-build-session -Wno-trigraphs -Wmissing-field-initializers -Wno-missing-prototypes -Werror\=return-type -Wunreachable-code -Wquoted-include-in-framework-header -Wno-implicit-atomic-properties -Werror\=deprecated-objc-isa-usage -Wno-objc-interface-ivars -Werror\=objc-root-class -Warc-repeated-use-of-weak -Wno-arc-maybe-repeated-use-of-weak -Wimplicit-retain-self -Wduplicate-method-match -Wno-missing-braces -Wparentheses -Wswitch -Wunused-function -Wno-unused-label -Wunused-parameter -Wunused-variable -Wunused-value -Wempty-body -Wuninitialized -Wconditional-uninitialized -Wno-unknown-pragmas -Wshadow -Wno-four-char-constants -Wconversion -Wconstant-conversion -Wint-conversion -Wbool-conversion -Wenum-conversion -Wfloat-conversion -Wnon-literal-null-conversion -Wobjc-literal-conversion -Wassign-enum -Wsign-compare -Wshorten-64-to-32 -Wpointer-sign -Wno-newline-eof -Wno-selector -Wno-strict-selector-match -Wundeclared-selector -Wdeprecated-implementations -Wno-implicit-fallthrough -fstrict-aliasing -Wprotocol -Wdeprecated-declarations -Wno-sign-conversion -Winfinite-recursion -Wcomma -Wblock-capture-autoreleasing -Wstrict-prototypes -Wno-semicolon-before-method-body -Weverything -Wno-objc-missing-property-synthesis -Wno-unused-macros -Wno-disabled-macro-expansion -Wno-gnu-statement-expression -Wno-language-extension-token -Wno-overriding-method-mismatch -Wno-missing-variable-declarations -Wno-auto-import -Wno-objc-interface-ivars -Wno-documentation-unknown-command -Wno-reserved-id-macro -Wno-unused-parameter -Wno-gnu-conditional-omitted-operand -Wno-explicit-ownership-type -Wno-date-time -Wno-cast-align -Wno-cstring-format-directive -Wno-double-promotion -Wno-partial-availability -Wno-declaration-after-statement -Wno-objc-messaging-id -Wno-direct-ivar-access -Wno-cast-qual -Wno-deprecated-declarations -Wno-reserved-identifier -Weverything -Wno-objc-missing-property-synthesis -Wno-unused-macros -Wno-disabled-macro-expansion -Wno-gnu-statement-expression -Wno-language-extension-token -Wno-overriding-method-mismatch -Wno-missing-variable-declarations -Wno-auto-import -Wno-objc-interface-ivars -Wno-documentation-unknown-command -Wno-reserved-id-macro -Wno-unused-parameter -Wno-gnu-conditional-omitted-operand -Wno-explicit-ownership-type -Wno-date-time -Wno-cast-align -Wno-cstring-format-directive -Wno-double-promotion -Wno-partial-availability -Wno-objc-messaging-id -Wno-direct-ivar-access -Wno-cast-qual -Wno-declaration-after-statement @<host-path>/Library/Developer/Xcode/DerivedData/WebDriverAgent-gvnbbobaqwdgeeepwfrffrnyucio/Build/Intermediates.noindex/WebDriverAgent.build/Debug-iphonesimulator/WebDriverAgentLib.build/Objects-normal/arm64/22a6d426986e98cf1a8e0c880c6a22df-common-args.resp -MMD -MT dependencies -MF <host-path>/Library/Developer/Xcode/DerivedData/WebDriverAgent-gvnbbobaqwdgeeepwfrffrnyucio/Build/Intermediates.noindex/WebDriverAgent.build/Debug-iphonesimulator/WebDriverAgentLib.build/StaticAnalyzer/WebDriverAgent/WebDriverAgentLib/normal/arm64/FBTVNavigationTracker.d --analyze <host-path>/qualification/compatibility-smoke/harness/node_modules/appium-xcuitest-driver/node_modules/appium-webdriveragent/WebDriverAgentLib/Utilities/FBTVNavigationTracker.m -o <host-path>/Library/Developer/Xcode/DerivedData/WebDriverAgent-gvnbbobaqwdgeeepwfrffrnyucio/Build/Intermediates.noindex/WebDriverAgent.build/Debug-iphonesimulator/WebDriverAgentLib.build/StaticAnalyzer/WebDriverAgent/WebDriverAgentLib/normal/arm64/FBTVNavigationTracker.plist
2026-09-29 08:09:07:063 [790e2ec9][Xcode] 
2026-09-29 08:09:07:063 [790e2ec9][Xcode] PrecompileModule <host-path>/Library/Developer/Xcode/DerivedData/WebDriverAgent-gvnbbobaqwdgeeepwfrffrnyucio/Build/Intermediates.noindex/ExplicitPrecompiledModules/QuartzCore-DJHZC29E830FUI7HLZL5AH6KG.scan
2026-09-29 08:09:07:063 [790e2ec9][Xcode]     cd <host-path>/qualification/compatibility-smoke/harness/node_modules/appium-xcuitest-driver/node_modules/appium-webdriveragent
2026-09-29 08:09:07:063 [790e2ec9][Xcode]     builtin-precompileModule <host-path>/Library/Developer/Xcode/DerivedData/WebDriverAgent-gvnbbobaqwdgeeepwfrffrnyucio/Build/Intermediates.noindex/ExplicitPrecompiledModules/QuartzCore-DJHZC29E830FUI7HLZL5AH6KG.scan
2026-09-29 08:09:07:883 [790e2ec9][XCUITestDriver@b322] Matched '/status' to command name 'getStatus'
2026-09-29 08:09:07:883 [790e2ec9][XCUITestDriver@b322] Proxying [GET /status] to [GET http://127.0.0.1:8100/status] with no body
2026-09-29 08:09:08:104 [790e2ec9][XCUITestDriver@b322] connect ECONNREFUSED 127.0.0.1:8100
2026-09-29 08:09:09:153 [790e2ec9][XCUITestDriver@b322] Matched '/status' to command name 'getStatus'
2026-09-29 08:09:09:153 [790e2ec9][XCUITestDriver@b322] Proxying [GET /status] to [GET http://127.0.0.1:8100/status] with no body
2026-09-29 08:09:09:261 [790e2ec9][XCUITestDriver@b322] connect ECONNREFUSED 127.0.0.1:8100
2026-09-29 08:09:10:131 [790e2ec9][Xcode] 
2026-09-29 08:09:10:131 [790e2ec9][Xcode] PrecompileModule <host-path>/Library/Developer/Xcode/DerivedData/WebDriverAgent-gvnbbobaqwdgeeepwfrffrnyucio/Build/Intermediates.noindex/ExplicitPrecompiledModules/CoreServices-CULHJ0BKK4KX46TU0QT1P3FCZ.scan
2026-09-29 08:09:10:131 [790e2ec9][Xcode]     cd <host-path>/qualification/compatibility-smoke/harness/node_modules/appium-xcuitest-driver/node_modules/appium-webdriveragent
2026-09-29 08:09:10:131 [790e2ec9][Xcode]     builtin-precompileModule <host-path>/Library/Developer/Xcode/DerivedData/WebDriverAgent-gvnbbobaqwdgeeepwfrffrnyucio/Build/Intermediates.noindex/ExplicitPrecompiledModules/CoreServices-CULHJ0BKK4KX46TU0QT1P3FCZ.scan
2026-09-29 08:09:10:131 [790e2ec9][Xcode] 
2026-09-29 08:09:10:131 [790e2ec9][Xcode] PrecompileModule <host-path>/Library/Developer/Xcode/DerivedData/WebDriverAgent-gvnbbobaqwdgeeepwfrffrnyucio/Build/Intermediates.noindex/ExplicitPrecompiledModules/CoreImage-AMFHG1O15NZGMG1EV15ELGK9F.scan
2026-09-29 08:09:10:131 [790e2ec9][Xcode]     cd <host-path>/qualification/compatibility-smoke/harness/node_modules/appium-xcuitest-driver/node_modules/appium-webdriveragent
2026-09-29 08:09:10:131 [790e2ec9][Xcode]     builtin-precompileModule <host-path>/Library/Developer/Xcode/DerivedData/WebDriverAgent-gvnbbobaqwdgeeepwfrffrnyucio/Build/Intermediates.noindex/ExplicitPrecompiledModules/CoreImage-AMFHG1O15NZGMG1EV15ELGK9F.scan
2026-09-29 08:09:10:277 [790e2ec9][XCUITestDriver@b322] Matched '/status' to command name 'getStatus'
2026-09-29 08:09:10:277 [790e2ec9][XCUITestDriver@b322] Proxying [GET /status] to [GET http://127.0.0.1:8100/status] with no body
2026-09-29 08:09:10:328 [790e2ec9][XCUITestDriver@b322] connect ECONNREFUSED 127.0.0.1:8100
2026-09-29 08:09:11:468 [790e2ec9][XCUITestDriver@b322] Matched '/status' to command name 'getStatus'
2026-09-29 08:09:11:468 [790e2ec9][XCUITestDriver@b322] Proxying [GET /status] to [GET http://127.0.0.1:8100/status] with no body
2026-09-29 08:09:11:471 [790e2ec9][XCUITestDriver@b322] connect ECONNREFUSED 127.0.0.1:8100
2026-09-29 08:09:11:790 [790e2ec9][Xcode] 
2026-09-29 08:09:11:791 [790e2ec9][Xcode] PrecompileModule <host-path>/Library/Developer/Xcode/DerivedData/WebDriverAgent-gvnbbobaqwdgeeepwfrffrnyucio/Build/Intermediates.noindex/ExplicitPrecompiledModules/UserNotifications-4N26DRLMC52VPOG2EFLIOYL55.scan
2026-09-29 08:09:11:791 [790e2ec9][Xcode]     cd <host-path>/qualification/compatibility-smoke/harness/node_modules/appium-xcuitest-driver/node_modules/appium-webdriveragent
2026-09-29 08:09:11:972 [790e2ec9][Xcode]     builtin-precompileModule <host-path>/Library/Developer/Xcode/DerivedData/WebDriverAgent-gvnbbobaqwdgeeepwfrffrnyucio/Build/Intermediates.noindex/ExplicitPrecompiledModules/UserNotifications-4N26DRLMC52VPOG2EFLIOYL55.scan
2026-09-29 08:09:11:972 [790e2ec9][Xcode] 
2026-09-29 08:09:11:972 [790e2ec9][Xcode] PrecompileModule <host-path>/Library/Developer/Xcode/DerivedData/WebDriverAgent-gvnbbobaqwdgeeepwfrffrnyucio/Build/Intermediates.noindex/ExplicitPrecompiledModules/FileProvider-D4XYL1NK5HXCOU5GYSS0BWPX6.scan
2026-09-29 08:09:11:972 [790e2ec9][Xcode]     cd <host-path>/qualification/compatibility-smoke/harness/node_modules/appium-xcuitest-driver/node_modules/appium-webdriveragent
2026-09-29 08:09:11:972 [790e2ec9][Xcode]     builtin-precompileModule <host-path>/Library/Developer/Xcode/DerivedData/WebDriverAgent-gvnbbobaqwdgeeepwfrffrnyucio/Build/Intermediates.noindex/ExplicitPrecompiledModules/FileProvider-D4XYL1NK5HXCOU5GYSS0BWPX6.scan
2026-09-29 08:09:12:498 [790e2ec9][XCUITestDriver@b322] Matched '/status' to command name 'getStatus'
2026-09-29 08:09:12:499 [790e2ec9][XCUITestDriver@b322] Proxying [GET /status] to [GET http://127.0.0.1:8100/status] with no body
2026-09-29 08:09:12:560 [790e2ec9][XCUITestDriver@b322] connect ECONNREFUSED 127.0.0.1:8100
2026-09-29 08:09:12:606 [790e2ec9][Xcode] 
2026-09-29 08:09:12:631 [790e2ec9][Xcode] PrecompileModule <host-path>/Library/Developer/Xcode/DerivedData/WebDriverAgent-gvnbbobaqwdgeeepwfrffrnyucio/Build/Intermediates.noindex/ExplicitPrecompiledModules/Symbols-6ZMKGUSQDTGPT47OQHN12GUI9.scan
2026-09-29 08:09:12:632 [790e2ec9][Xcode]     cd <host-path>/qualification/compatibility-smoke/harness/node_modules/appium-xcuitest-driver/node_modules/appium-webdriveragent
2026-09-29 08:09:12:666 [790e2ec9][Xcode]     builtin-precompileModule <host-path>/Library/Developer/Xcode/DerivedData/WebDriverAgent-gvnbbobaqwdgeeepwfrffrnyucio/Build/Intermediates.noindex/ExplicitPrecompiledModules/Symbols-6ZMKGUSQDTGPT47OQHN12GUI9.scan
2026-09-29 08:09:12:666 [790e2ec9][Xcode] 
2026-09-29 08:09:12:666 [790e2ec9][Xcode] PrecompileModule <host-path>/Library/Developer/Xcode/DerivedData/WebDriverAgent-gvnbbobaqwdgeeepwfrffrnyucio/Build/Intermediates.noindex/ExplicitPrecompiledModules/OpenGLES-2296I8C4I7B3ARDFN0V9DZVJR.scan
2026-09-29 08:09:12:666 [790e2ec9][Xcode]     cd <host-path>/qualification/compatibility-smoke/harness/node_modules/appium-xcuitest-driver/node_modules/appium-webdriveragent
2026-09-29 08:09:12:666 [790e2ec9][Xcode]     builtin-precompileModule <host-path>/Library/Developer/Xcode/DerivedData/WebDriverAgent-gvnbbobaqwdgeeepwfrffrnyucio/Build/Intermediates.noindex/ExplicitPrecompiledModules/OpenGLES-2296I8C4I7B3ARDFN0V9DZVJR.scan
2026-09-29 08:09:13:734 [790e2ec9][XCUITestDriver@b322] Matched '/status' to command name 'getStatus'
2026-09-29 08:09:13:735 [790e2ec9][XCUITestDriver@b322] Proxying [GET /status] to [GET http://127.0.0.1:8100/status] with no body
2026-09-29 08:09:13:796 [790e2ec9][XCUITestDriver@b322] connect ECONNREFUSED 127.0.0.1:8100
2026-09-29 08:09:14:403 [790e2ec9][Xcode] 
2026-09-29 08:09:14:469 [790e2ec9][Xcode] PrecompileModule <host-path>/Library/Developer/Xcode/DerivedData/WebDriverAgent-gvnbbobaqwdgeeepwfrffrnyucio/Build/Intermediates.noindex/ExplicitPrecompiledModules/UIKit-E287XL0IOWTEH2DL337C2DEIP.scan
2026-09-29 08:09:14:470 [790e2ec9][Xcode]     cd <host-path>/qualification/compatibility-smoke/harness/node_modules/appium-xcuitest-driver/node_modules/appium-webdriveragent
2026-09-29 08:09:14:470 [790e2ec9][Xcode]     builtin-precompileModule <host-path>/Library/Developer/Xcode/DerivedData/WebDriverAgent-gvnbbobaqwdgeeepwfrffrnyucio/Build/Intermediates.noindex/ExplicitPrecompiledModules/UIKit-E287XL0IOWTEH2DL337C2DEIP.scan
2026-09-29 08:09:14:861 [790e2ec9][XCUITestDriver@b322] Matched '/status' to command name 'getStatus'
2026-09-29 08:09:14:861 [790e2ec9][XCUITestDriver@b322] Proxying [GET /status] to [GET http://127.0.0.1:8100/status] with no body
2026-09-29 08:09:14:864 [790e2ec9][XCUITestDriver@b322] connect ECONNREFUSED 127.0.0.1:8100
2026-09-29 08:09:15:871 [790e2ec9][XCUITestDriver@b322] Matched '/status' to command name 'getStatus'
2026-09-29 08:09:15:871 [790e2ec9][XCUITestDriver@b322] Proxying [GET /status] to [GET http://127.0.0.1:8100/status] with no body
2026-09-29 08:09:16:011 [790e2ec9][XCUITestDriver@b322] connect ECONNREFUSED 127.0.0.1:8100
2026-09-29 08:09:17:028 [790e2ec9][XCUITestDriver@b322] Matched '/status' to command name 'getStatus'
2026-09-29 08:09:17:029 [790e2ec9][XCUITestDriver@b322] Proxying [GET /status] to [GET http://127.0.0.1:8100/status] with no body
2026-09-29 08:09:17:099 [790e2ec9][XCUITestDriver@b322] connect ECONNREFUSED 127.0.0.1:8100
2026-09-29 08:09:18:103 [790e2ec9][XCUITestDriver@b322] Matched '/status' to command name 'getStatus'
2026-09-29 08:09:18:103 [790e2ec9][XCUITestDriver@b322] Proxying [GET /status] to [GET http://127.0.0.1:8100/status] with no body
2026-09-29 08:09:18:180 [790e2ec9][XCUITestDriver@b322] connect ECONNREFUSED 127.0.0.1:8100
2026-09-29 08:09:19:206 [790e2ec9][XCUITestDriver@b322] Matched '/status' to command name 'getStatus'
2026-09-29 08:09:19:206 [790e2ec9][XCUITestDriver@b322] Proxying [GET /status] to [GET http://127.0.0.1:8100/status] with no body
2026-09-29 08:09:19:308 [790e2ec9][XCUITestDriver@b322] connect ECONNREFUSED 127.0.0.1:8100
2026-09-29 08:09:20:324 [790e2ec9][XCUITestDriver@b322] Matched '/status' to command name 'getStatus'
2026-09-29 08:09:20:324 [790e2ec9][XCUITestDriver@b322] Proxying [GET /status] to [GET http://127.0.0.1:8100/status] with no body
2026-09-29 08:09:20:462 [790e2ec9][XCUITestDriver@b322] connect ECONNREFUSED 127.0.0.1:8100
2026-09-29 08:09:21:486 [790e2ec9][XCUITestDriver@b322] Matched '/status' to command name 'getStatus'
2026-09-29 08:09:21:486 [790e2ec9][XCUITestDriver@b322] Proxying [GET /status] to [GET http://127.0.0.1:8100/status] with no body
2026-09-29 08:09:21:496 [790e2ec9][XCUITestDriver@b322] connect ECONNREFUSED 127.0.0.1:8100
2026-09-29 08:09:22:570 [790e2ec9][XCUITestDriver@b322] Matched '/status' to command name 'getStatus'
2026-09-29 08:09:22:571 [790e2ec9][XCUITestDriver@b322] Proxying [GET /status] to [GET http://127.0.0.1:8100/status] with no body
2026-09-29 08:09:22:575 [790e2ec9][XCUITestDriver@b322] connect ECONNREFUSED 127.0.0.1:8100
2026-09-29 08:09:23:637 [790e2ec9][XCUITestDriver@b322] Matched '/status' to command name 'getStatus'
2026-09-29 08:09:23:637 [790e2ec9][XCUITestDriver@b322] Proxying [GET /status] to [GET http://127.0.0.1:8100/status] with no body
2026-09-29 08:09:23:729 [790e2ec9][XCUITestDriver@b322] connect ECONNREFUSED 127.0.0.1:8100
2026-09-29 08:09:23:988 [HTTP] <-- POST /session - - ms - -
2026-09-29 08:09:24:791 [790e2ec9][XCUITestDriver@b322] Matched '/status' to command name 'getStatus'
2026-09-29 08:09:24:791 [790e2ec9][XCUITestDriver@b322] Proxying [GET /status] to [GET http://127.0.0.1:8100/status] with no body
2026-09-29 08:09:24:917 [790e2ec9][XCUITestDriver@b322] connect ECONNREFUSED 127.0.0.1:8100
2026-09-29 08:09:25:923 [790e2ec9][XCUITestDriver@b322] Matched '/status' to command name 'getStatus'
2026-09-29 08:09:25:923 [790e2ec9][XCUITestDriver@b322] Proxying [GET /status] to [GET http://127.0.0.1:8100/status] with no body
2026-09-29 08:09:25:944 [790e2ec9][XCUITestDriver@b322] connect ECONNREFUSED 127.0.0.1:8100
2026-09-29 08:09:26:979 [790e2ec9][XCUITestDriver@b322] Matched '/status' to command name 'getStatus'
2026-09-29 08:09:26:979 [790e2ec9][XCUITestDriver@b322] Proxying [GET /status] to [GET http://127.0.0.1:8100/status] with no body
2026-09-29 08:09:26:991 [790e2ec9][XCUITestDriver@b322] connect ECONNREFUSED 127.0.0.1:8100
2026-09-29 08:09:28:008 [790e2ec9][XCUITestDriver@b322] Matched '/status' to command name 'getStatus'
2026-09-29 08:09:28:010 [790e2ec9][XCUITestDriver@b322] Proxying [GET /status] to [GET http://127.0.0.1:8100/status] with no body
2026-09-29 08:09:28:105 [790e2ec9][XCUITestDriver@b322] connect ECONNREFUSED 127.0.0.1:8100
2026-09-29 08:09:28:993 [790e2ec9][Xcode] 
2026-09-29 08:09:28:993 [790e2ec9][Xcode] PrecompileModule <host-path>/Library/Developer/Xcode/DerivedData/WebDriverAgent-gvnbbobaqwdgeeepwfrffrnyucio/Build/Intermediates.noindex/ExplicitPrecompiledModules/MobileCoreServices-AKYNLMX22KPEFNSGCKS2E4L8I.scan
2026-09-29 08:09:28:994 [790e2ec9][Xcode]     cd <host-path>/qualification/compatibility-smoke/harness/node_modules/appium-xcuitest-driver/node_modules/appium-webdriveragent
2026-09-29 08:09:28:994 [790e2ec9][Xcode]     builtin-precompileModule <host-path>/Library/Developer/Xcode/DerivedData/WebDriverAgent-gvnbbobaqwdgeeepwfrffrnyucio/Build/Intermediates.noindex/ExplicitPrecompiledModules/MobileCoreServices-AKYNLMX22KPEFNSGCKS2E4L8I.scan
2026-09-29 08:09:28:994 [790e2ec9][Xcode] 
2026-09-29 08:09:28:996 [790e2ec9][Xcode] PrecompileModule <host-path>/Library/Developer/Xcode/DerivedData/WebDriverAgent-gvnbbobaqwdgeeepwfrffrnyucio/Build/Intermediates.noindex/ExplicitPrecompiledModules/IOSurface-4P8JW8XEJ43XI7X3FOJIX9ZEJ.scan
2026-09-29 08:09:28:996 [790e2ec9][Xcode]     cd <host-path>/qualification/compatibility-smoke/harness/node_modules/appium-xcuitest-driver/node_modules/appium-webdriveragent
2026-09-29 08:09:28:997 [790e2ec9][Xcode]     builtin-precompileModule <host-path>/Library/Developer/Xcode/DerivedData/WebDriverAgent-gvnbbobaqwdgeeepwfrffrnyucio/Build/Intermediates.noindex/ExplicitPrecompiledModules/IOSurface-4P8JW8XEJ43XI7X3FOJIX9ZEJ.scan
2026-09-29 08:09:28:997 [790e2ec9][Xcode] 
2026-09-29 08:09:28:997 [790e2ec9][Xcode] Analyze <host-path>/qualification/compatibility-smoke/harness/node_modules/appium-xcuitest-driver/node_modules/appium-webdriveragent/WebDriverAgentLib/Utilities/FBUnattachedAppLauncher.m normal arm64 (in target 'WebDriverAgentLib' from project 'WebDriverAgent')
2026-09-29 08:09:28:997 [790e2ec9][Xcode]     cd <host-path>/qualification/compatibility-smoke/harness/node_modules/appium-xcuitest-driver/node_modules/appium-webdriveragent
2026-09-29 08:09:28:998 [790e2ec9][Xcode]     
2026-09-29 08:09:28:998 [790e2ec9][Xcode]     Using response file: <host-path>/Library/Developer/Xcode/DerivedData/WebDriverAgent-gvnbbobaqwdgeeepwfrffrnyucio/Build/Intermediates.noindex/WebDriverAgent.build/Debug-iphonesimulator/WebDriverAgentLib.build/Objects-normal/arm64/22a6d426986e98cf1a8e0c880c6a22df-common-args.resp
2026-09-29 08:09:28:998 [790e2ec9][Xcode]     
2026-09-29 08:09:28:998 [790e2ec9][Xcode]     /Applications/Xcode_16.4.app/Contents/Developer/Toolchains/XcodeDefault.xctoolchain/usr/bin/clang -x objective-c -ivfsstatcache <host-path>/Library/Developer/Xcode/DerivedData/SDKStatCaches.noindex/iphonesimulator18.5-22F76-96ae0914227b19deccb34b33ba7b5dea.sdkstatcache -fmessage-length\=0 -fdiagnostics-show-note-include-stack -fmacro-backtrace-limit\=0 -fno-color-diagnostics -fmodules-prune-interval\=86400 -fmodules-prune-after\=345600 -fbuild-session-file\=<host-path>/Library/Developer/Xcode/DerivedData/ModuleCache.noindex/Session.modulevalidation -fmodules-validate-once-per-build-session -Wno-trigraphs -Wmissing-field-initializers -Wno-missing-prototypes -Werror\=return-type -Wunreachable-code -Wquoted-include-in-framework-header -Wno-implicit-atomic-properties -Werror\=deprecated-objc-isa-usage -Wno-objc-interface-ivars -Werror\=objc-root-class -Warc-repeated-use-of-weak -Wno-arc-maybe-repeated-use-of-weak -Wimplicit-retain-self -Wduplicate-method-match -Wno-missing-braces -Wparentheses -Wswitch -Wunused-function -Wno-unused-label -Wunused-parameter -Wunused-variable -Wunused-value -Wempty-body -Wuninitialized -Wconditional-uninitialized -Wno-unknown-pragmas -Wshadow -Wno-four-char-constants -Wconversion -Wconstant-conversion -Wint-conversion -Wbool-conversion -Wenum-conversion -Wfloat-conversion -Wnon-literal-null-conversion -Wobjc-literal-conversion -Wassign-enum -Wsign-compare -Wshorten-64-to-32 -Wpointer-sign -Wno-newline-eof -Wno-selector -Wno-strict-selector-match -Wundeclared-selector -Wdeprecated-implementations -Wno-implicit-fallthrough -fstrict-aliasing -Wprotocol -Wdeprecated-declarations -Wno-sign-conversion -Winfinite-recursion -Wcomma -Wblock-capture-autoreleasing -Wstrict-prototypes -Wno-semicolon-before-method-body -Weverything -Wno-objc-missing-property-synthesis -Wno-unused-macros -Wno-disabled-macro-expansion -Wno-gnu-statement-expression -Wno-language-extension-token -Wno-overriding-method-mismatch -Wno-missing-variable-declarations -Wno-auto-import -Wno-objc-interface-ivars -Wno-documentation-unknown-command -Wno-reserved-id-macro -Wno-unused-parameter -Wno-gnu-conditional-omitted-operand -Wno-explicit-ownership-type -Wno-date-time -Wno-cast-align -Wno-cstring-format-directive -Wno-double-promotion -Wno-partial-availability -Wno-declaration-after-statement -Wno-objc-messaging-id -Wno-direct-ivar-access -Wno-cast-qual -Wno-deprecated-declarations -Wno-reserved-identifier -Weverything -Wno-objc-missing-property-synthesis -Wno-unused-macros -Wno-disabled-macro-expansion -Wno-gnu-statement-expression -Wno-language-extension-token -Wno-overriding-method-mismatch -Wno-missing-variable-declarations -Wno-auto-import -Wno-objc-interface-ivars -Wno-documentation-unknown-command -Wno-reserved-id-macro -Wno-unused-parameter -Wno-gnu-conditional-omitted-operand -Wno-explicit-ownership-type -Wno-date-time -Wno-cast-align -Wno-cstring-format-directive -Wno-double-promotion -Wno-partial-availability -Wno-objc-messaging-id -Wno-direct-ivar-access -Wno-cast-qual -Wno-declaration-after-statement @<host-path>/Library/Developer/Xcode/DerivedData/WebDriverAgent-gvnbbobaqwdgeeepwfrffrnyucio/Build/Intermediates.noindex/WebDriverAgent.build/Debug-iphonesimulator/WebDriverAgentLib.build/Objects-normal/arm64/22a6d426986e98cf1a8e0c880c6a22df-common-args.resp -MMD -MT dependencies -MF <host-path>/Library/Developer/Xcode/DerivedData/WebDriverAgent-gvnbbobaqwdgeeepwfrffrnyucio/Build/Intermediates.noindex/WebDriverAgent.build/Debug-iphonesimulator/WebDriverAgentLib.build/StaticAnalyzer/WebDriverAgent/WebDriverAgentLib/normal/arm64/FBUnattachedAppLauncher.d --analyze <host-path>/qualification/compatibility-smoke/harness/node_modules/appium-xcuitest-driver/node_modules/appium-webdriveragent/WebDriverAgentLib/Utilities/FBUnattachedAppLauncher.m -o <host-path>/Library/Developer/Xcode/DerivedData/WebDriverAgent-gvnbbobaqwdgeeepwfrffrnyucio/Build/Intermediates.noindex/WebDriverAgent.build/Debug-iphonesimulator/WebDriverAgentLib.build/StaticAnalyzer/WebDriverAgent/WebDriverAgentLib/normal/arm64/FBUnattachedAppLauncher.plist
2026-09-29 08:09:28:998 [790e2ec9][Xcode] 
2026-09-29 08:09:28:998 [790e2ec9][Xcode] ScanDependencies Analyze <host-path>/qualification/compatibility-smoke/harness/node_modules/appium-xcuitest-driver/node_modules/appium-webdriveragent/WebDriverAgentLib/Utilities/FBSettingsHandler.m normal arm64 (in target 'WebDriverAgentLib' from project 'WebDriverAgent')
2026-09-29 08:09:28:998 [790e2ec9][Xcode]     cd <host-path>/qualification/compatibility-smoke/harness/node_modules/appium-xcuitest-driver/node_modules/appium-webdriveragent
2026-09-29 08:09:28:998 [790e2ec9][Xcode]     
2026-09-29 08:09:28:998 [790e2ec9][Xcode]     Using response file: <host-path>/Library/Developer/Xcode/DerivedData/WebDriverAgent-gvnbbobaqwdgeeepwfrffrnyucio/Build/Intermediates.noindex/WebDriverAgent.build/Debug-iphonesimulator/WebDriverAgentLib.build/Objects-normal/arm64/22a6d426986e98cf1a8e0c880c6a22df-common-args.resp
2026-09-29 08:09:28:998 [790e2ec9][Xcode]     
2026-09-29 08:09:28:998 [790e2ec9][Xcode]     builtin-ScanDependencies -o <host-path>/Library/Developer/Xcode/DerivedData/WebDriverAgent-gvnbbobaqwdgeeepwfrffrnyucio/Build/Intermediates.noindex/WebDriverAgent.build/Debug-iphonesimulator/WebDriverAgentLib.build/StaticAnalyzer/WebDriverAgent/WebDriverAgentLib/normal/arm64/FBSettingsHandler.plist.scan -- /Applications/Xcode_16.4.app/Contents/Developer/Toolchains/XcodeDefault.xctoolchain/usr/bin/clang -x objective-c -ivfsstatcache <host-path>/Library/Developer/Xcode/DerivedData/SDKStatCaches.noindex/iphonesimulator18.5-22F76-96ae0914227b19deccb34b33ba7b5dea.sdkstatcache -fmessage-length\=0 -fdiagnostics-show-note-include-stack -fmacro-backtrace-limit\=0 -fno-color-diagnostics -fmodules-prune-interval\=86400 -fmodules-prune-after\=345600 -fbuild-session-file\=<host-path>/Library/Developer/Xcode/DerivedData/ModuleCache.noindex/Session.modulevalidation -fmodules-validate-once-per-build-session -Wno-trigraphs -Wmissing-field-initializers -Wno-missing-prototypes -Werror\=return-type -Wunreachable-code -Wquoted-include-in-framework-header -Wno-implicit-atomic-properties -Werror\=deprecated-objc-isa-usage -Wno-objc-interface-ivars -Werror\=objc-root-class -Warc-repeated-use-of-weak -Wno-arc-maybe-repeated-use-of-weak -Wimplicit-retain-self -Wduplicate-method-match -Wno-missing-braces -Wparentheses -Wswitch -Wunused-function -Wno-unused-label -Wunused-parameter -Wunused-variable -Wunused-value -Wempty-body -Wuninitialized -Wconditional-uninitialized -Wno-unknown-pragmas -Wshadow -Wno-four-char-constants -Wconversion -Wconstant-conversion -Wint-conversion -Wbool-conversion -Wenum-conversion -Wfloat-conversion -Wnon-literal-null-conversion -Wobjc-literal-conversion -Wassign-enum -Wsign-compare -Wshorten-64-to-32 -Wpointer-sign -Wno-newline-eof -Wno-selector -Wno-strict-selector-match -Wundeclared-selector -Wdeprecated-implementations -Wno-implicit-fallthrough -fstrict-aliasing -Wprotocol -Wdeprecated-declarations -Wno-sign-conversion -Winfinite-recursion -Wcomma -Wblock-capture-autoreleasing -Wstrict-prototypes -Wno-semicolon-before-method-body -Weverything -Wno-objc-missing-property-synthesis -Wno-unused-macros -Wno-disabled-macro-expansion -Wno-gnu-statement-expression -Wno-language-extension-token -Wno-overriding-method-mismatch -Wno-missing-variable-declarations -Wno-auto-import -Wno-objc-interface-ivars -Wno-documentation-unknown-command -Wno-reserved-id-macro -Wno-unused-parameter -Wno-gnu-conditional-omitted-operand -Wno-explicit-ownership-type -Wno-date-time -Wno-cast-align -Wno-cstring-format-directive -Wno-double-promotion -Wno-partial-availability -Wno-declaration-after-statement -Wno-objc-messaging-id -Wno-direct-ivar-access -Wno-cast-qual -Wno-deprecated-declarations -Wno-reserved-identifier -Weverything -Wno-objc-missing-property-synthesis -Wno-unused-macros -Wno-disabled-macro-expansion -Wno-gnu-statement-expression -Wno-language-extension-token -Wno-overriding-method-mismatch -Wno-missing-variable-declarations -Wno-auto-import -Wno-objc-interface-ivars -Wno-documentation-unknown-command -Wno-reserved-id-macro -Wno-unused-parameter -Wno-gnu-conditional-omitted-operand -Wno-explicit-ownership-type -Wno-date-time -Wno-cast-align -Wno-cstring-format-directive -Wno-double-promotion -Wno-partial-availability -Wno-objc-messaging-id -Wno-direct-ivar-access -Wno-cast-qual -Wno-declaration-after-statement @<host-path>/Library/Developer/Xcode/DerivedData/WebDriverAgent-gvnbbobaqwdgeeepwfrffrnyucio/Build/Intermediates.noindex/WebDriverAgent.build/Debug-iphonesimulator/WebDriverAgentLib.build/Objects-normal/arm64/22a6d426986e98cf1a8e0c880c6a22df-common-args.resp -MMD -MT dependencies -MF <host-path>/Library/Developer/Xcode/DerivedData/WebDriverAgent-gvnbbobaqwdgeeepwfrffrnyucio/Build/Intermediates.noindex/WebDriverAgent.build/Debug-iphonesimulator/WebDriverAgentLib.build/StaticAnalyzer/WebDriverAgent/WebDriverAgentLib/normal/arm64/FBSettingsHandler.d --analyze <host-path>/qualification/compatibility-smoke/harness/node_modules/appium-xcuitest-driver/node_modules/appium-webdriveragent/WebDriverAgentLib/Utilities/FBSettingsHandler.m -o <host-path>/Library/Developer/Xcode/DerivedData/WebDriverAgent-gvnbbobaqwdgeeepwfrffrnyucio/Build/Intermediates.noindex/WebDriverAgent.build/Debug-iphonesimulator/WebDriverAgentLib.build/StaticAnalyzer/WebDriverAgent/WebDriverAgentLib/normal/arm64/FBSettingsHandler.plist
2026-09-29 08:09:28:999 [790e2ec9][Xcode] 
2026-09-29 08:09:28:999 [790e2ec9][Xcode] PrecompileModule <host-path>/Library/Developer/Xcode/DerivedData/WebDriverAgent-gvnbbobaqwdgeeepwfrffrnyucio/Build/Intermediates.noindex/ExplicitPrecompiledModules/Metal-EJIHJFSPIJ73Z6OEGNAVEXLQ4.scan
2026-09-29 08:09:28:999 [790e2ec9][Xcode]     cd <host-path>/qualification/compatibility-smoke/harness/node_modules/appium-xcuitest-driver/node_modules/appium-webdriveragent
2026-09-29 08:09:28:999 [790e2ec9][Xcode]     builtin-precompileModule <host-path>/Library/Developer/Xcode/DerivedData/WebDriverAgent-gvnbbobaqwdgeeepwfrffrnyucio/Build/Intermediates.noindex/ExplicitPrecompiledModules/Metal-EJIHJFSPIJ73Z6OEGNAVEXLQ4.scan
2026-09-29 08:09:28:999 [790e2ec9][Xcode] 
2026-09-29 08:09:28:999 [790e2ec9][Xcode] ScanDependencies Analyze <host-path>/qualification/compatibility-smoke/harness/node_modules/appium-xcuitest-driver/node_modules/appium-webdriveragent/WebDriverAgentLib/Utilities/FBSettings.m normal arm64 (in target 'WebDriverAgentLib' from project 'WebDriverAgent')
2026-09-29 08:09:28:999 [790e2ec9][Xcode]     cd <host-path>/qualification/compatibility-smoke/harness/node_modules/appium-xcuitest-driver/node_modules/appium-webdriveragent
2026-09-29 08:09:28:999 [790e2ec9][Xcode]     
2026-09-29 08:09:28:999 [790e2ec9][Xcode]     Using response file: <host-path>/Library/Developer/Xcode/DerivedData/WebDriverAgent-gvnbbobaqwdgeeepwfrffrnyucio/Build/Intermediates.noindex/WebDriverAgent.build/Debug-iphonesimulator/WebDriverAgentLib.build/Objects-normal/arm64/22a6d426986e98cf1a8e0c880c6a22df-common-args.resp
2026-09-29 08:09:29:023 [790e2ec9][Xcode]     
2026-09-29 08:09:29:023 [790e2ec9][Xcode]     builtin-ScanDependencies -o <host-path>/Library/Developer/Xcode/DerivedData/WebDriverAgent-gvnbbobaqwdgeeepwfrffrnyucio/Build/Intermediates.noindex/WebDriverAgent.build/Debug-iphonesimulator/WebDriverAgentLib.build/StaticAnalyzer/WebDriverAgent/WebDriverAgentLib/normal/arm64/FBSettings.plist.scan -- /Applications/Xcode_16.4.app/Contents/Developer/Toolchains/XcodeDefault.xctoolchain/usr/bin/clang -x objective-c -ivfsstatcache <host-path>/Library/Developer/Xcode/DerivedData/SDKStatCaches.noindex/iphonesimulator18.5-22F76-96ae0914227b19deccb34b33ba7b5dea.sdkstatcache -fmessage-length\=0 -fdiagnostics-show-note-include-stack -fmacro-backtrace-limit\=0 -fno-color-diagnostics -fmodules-prune-interval\=86400 -fmodules-prune-after\=345600 -fbuild-session-file\=<host-path>/Library/Developer/Xcode/DerivedData/ModuleCache.noindex/Session.modulevalidation -fmodules-validate-once-per-build-session -Wno-trigraphs -Wmissing-field-initializers -Wno-missing-prototypes -Werror\=return-type -Wunreachable-code -Wquoted-include-in-framework-header -Wno-implicit-atomic-properties -Werror\=deprecated-objc-isa-usage -Wno-objc-interface-ivars -Werror\=objc-root-class -Warc-repeated-use-of-weak -Wno-arc-maybe-repeated-use-of-weak -Wimplicit-retain-self -Wduplicate-method-match -Wno-missing-braces -Wparentheses -Wswitch -Wunused-function -Wno-unused-label -Wunused-parameter -Wunused-variable -Wunused-value -Wempty-body -Wuninitialized -Wconditional-uninitialized -Wno-unknown-pragmas -Wshadow -Wno-four-char-constants -Wconversion -Wconstant-conversion -Wint-conversion -Wbool-conversion -Wenum-conversion -Wfloat-conversion -Wnon-literal-null-conversion -Wobjc-literal-conversion -Wassign-enum -Wsign-compare -Wshorten-64-to-32 -Wpointer-sign -Wno-newline-eof -Wno-selector -Wno-strict-selector-match -Wundeclared-selector -Wdeprecated-implementations -Wno-implicit-fallthrough -fstrict-aliasing -Wprotocol -Wdeprecated-declarations -Wno-sign-conversion -Winfinite-recursion -Wcomma -Wblock-capture-autoreleasing -Wstrict-prototypes -Wno-semicolon-before-method-body -Weverything -Wno-objc-missing-property-synthesis -Wno-unused-macros -Wno-disabled-macro-expansion -Wno-gnu-statement-expression -Wno-language-extension-token -Wno-overriding-method-mismatch -Wno-missing-variable-declarations -Wno-auto-import -Wno-objc-interface-ivars -Wno-documentation-unknown-command -Wno-reserved-id-macro -Wno-unused-parameter -Wno-gnu-conditional-omitted-operand -Wno-explicit-ownership-type -Wno-date-time -Wno-cast-align -Wno-cstring-format-directive -Wno-double-promotion -Wno-partial-availability -Wno-declaration-after-statement -Wno-objc-messaging-id -Wno-direct-ivar-access -Wno-cast-qual -Wno-deprecated-declarations -Wno-reserved-identifier -Weverything -Wno-objc-missing-property-synthesis -Wno-unused-macros -Wno-disabled-macro-expansion -Wno-gnu-statement-expression -Wno-language-extension-token -Wno-overriding-method-mismatch -Wno-missing-variable-declarations -Wno-auto-import -Wno-objc-interface-ivars -Wno-documentation-unknown-command -Wno-reserved-id-macro -Wno-unused-parameter -Wno-gnu-conditional-omitted-operand -Wno-explicit-ownership-type -Wno-date-time -Wno-cast-align -Wno-cstring-format-directive -Wno-double-promotion -Wno-partial-availability -Wno-objc-messaging-id -Wno-direct-ivar-access -Wno-cast-qual -Wno-declaration-after-statement @<host-path>/Library/Developer/Xcode/DerivedData/WebDriverAgent-gvnbbobaqwdgeeepwfrffrnyucio/Build/Intermediates.noindex/WebDriverAgent.build/Debug-iphonesimulator/WebDriverAgentLib.build/Objects-normal/arm64/22a6d426986e98cf1a8e0c880c6a22df-common-args.resp -MMD -MT dependencies -MF <host-path>/Library/Developer/Xcode/DerivedData/WebDriverAgent-gvnbbobaqwdgeeepwfrffrnyucio/Build/Intermediates.noindex/WebDriverAgent.build/Debug-iphonesimulator/WebDriverAgentLib.build/StaticAnalyzer/WebDriverAgent/WebDriverAgentLib/normal/arm64/FBSettings.d --analyze <host-path>/qualification/compatibility-smoke/harness/node_modules/appium-xcuitest-driver/node_modules/appium-webdriveragent/WebDriverAgentLib/Utilities/FBSettings.m -o <host-path>/Library/Developer/Xcode/DerivedData/WebDriverAgent-gvnbbobaqwdgeeepwfrffrnyucio/Build/Intermediates.noindex/WebDriverAgent.build/Debug-iphonesimulator/WebDriverAgentLib.build/StaticAnalyzer/WebDriverAgent/WebDriverAgentLib/normal/arm64/FBSettings.plist
2026-09-29 08:09:29:023 [790e2ec9][Xcode] 
2026-09-29 08:09:29:023 [790e2ec9][Xcode] PrecompileModule <host-path>/Library/Developer/Xcode/DerivedData/WebDriverAgent-gvnbbobaqwdgeeepwfrffrnyucio/Build/Intermediates.noindex/ExplicitPrecompiledModules/CoreVideo-CVOYLVLHMTY2QKRPKRV3UKLDC.scan
2026-09-29 08:09:29:023 [790e2ec9][Xcode]     cd <host-path>/qualification/compatibility-smoke/harness/node_modules/appium-xcuitest-driver/node_modules/appium-webdriveragent
2026-09-29 08:09:29:024 [790e2ec9][Xcode]     builtin-precompileModule <host-path>/Library/Developer/Xcode/DerivedData/WebDriverAgent-gvnbbobaqwdgeeepwfrffrnyucio/Build/Intermediates.noindex/ExplicitPrecompiledModules/CoreVideo-CVOYLVLHMTY2QKRPKRV3UKLDC.scan
2026-09-29 08:09:29:024 [790e2ec9][Xcode] 
2026-09-29 08:09:29:024 [790e2ec9][Xcode] Analyze <host-path>/qualification/compatibility-smoke/harness/node_modules/appium-xcuitest-driver/node_modules/appium-webdriveragent/WebDriverAgentLib/Utilities/FBSettings.m normal arm64 (in target 'WebDriverAgentLib' from project 'WebDriverAgent')
2026-09-29 08:09:29:024 [790e2ec9][Xcode]     cd <host-path>/qualification/compatibility-smoke/harness/node_modules/appium-xcuitest-driver/node_modules/appium-webdriveragent
2026-09-29 08:09:29:024 [790e2ec9][Xcode]     
2026-09-29 08:09:29:024 [790e2ec9][Xcode]     Using response file: <host-path>/Library/Developer/Xcode/DerivedData/WebDriverAgent-gvnbbobaqwdgeeepwfrffrnyucio/Build/Intermediates.noindex/WebDriverAgent.build/Debug-iphonesimulator/WebDriverAgentLib.build/Objects-normal/arm64/22a6d426986e98cf1a8e0c880c6a22df-common-args.resp
2026-09-29 08:09:29:024 [790e2ec9][Xcode]     
2026-09-29 08:09:29:024 [790e2ec9][Xcode]     /Applications/Xcode_16.4.app/Contents/Developer/Toolchains/XcodeDefault.xctoolchain/usr/bin/clang -x objective-c -ivfsstatcache <host-path>/Library/Developer/Xcode/DerivedData/SDKStatCaches.noindex/iphonesimulator18.5-22F76-96ae0914227b19deccb34b33ba7b5dea.sdkstatcache -fmessage-length\=0 -fdiagnostics-show-note-include-stack -fmacro-backtrace-limit\=0 -fno-color-diagnostics -fmodules-prune-interval\=86400 -fmodules-prune-after\=345600 -fbuild-session-file\=<host-path>/Library/Developer/Xcode/DerivedData/ModuleCache.noindex/Session.modulevalidation -fmodules-validate-once-per-build-session -Wno-trigraphs -Wmissing-field-initializers -Wno-missing-prototypes -Werror\=return-type -Wunreachable-code -Wquoted-include-in-framework-header -Wno-implicit-atomic-properties -Werror\=deprecated-objc-isa-usage -Wno-objc-interface-ivars -Werror\=objc-root-class -Warc-repeated-use-of-weak -Wno-arc-maybe-repeated-use-of-weak -Wimplicit-retain-self -Wduplicate-method-match -Wno-missing-braces -Wparentheses -Wswitch -Wunused-function -Wno-unused-label -Wunused-parameter -Wunused-variable -Wunused-value -Wempty-body -Wuninitialized -Wconditional-uninitialized -Wno-unknown-pragmas -Wshadow -Wno-four-char-constants -Wconversion -Wconstant-conversion -Wint-conversion -Wbool-conversion -Wenum-conversion -Wfloat-conversion -Wnon-literal-null-conversion -Wobjc-literal-conversion -Wassign-enum -Wsign-compare -Wshorten-64-to-32 -Wpointer-sign -Wno-newline-eof -Wno-selector -Wno-strict-selector-match -Wundeclared-selector -Wdeprecated-implementations -Wno-implicit-fallthrough -fstrict-aliasing -Wprotocol -Wdeprecated-declarations -Wno-sign-conversion -Winfinite-recursion -Wcomma -Wblock-capture-autoreleasing -Wstrict-prototypes -Wno-semicolon-before-method-body -Weverything -Wno-objc-missing-property-synthesis -Wno-unused-macros -Wno-disabled-macro-expansion -Wno-gnu-statement-expression -Wno-language-extension-token -Wno-overriding-method-mismatch -Wno-missing-variable-declarations -Wno-auto-import -Wno-objc-interface-ivars -Wno-documentation-unknown-command -Wno-reserved-id-macro -Wno-unused-parameter -Wno-gnu-conditional-omitted-operand -Wno-explicit-ownership-type -Wno-date-time -Wno-cast-align -Wno-cstring-format-directive -Wno-double-promotion -Wno-partial-availability -Wno-declaration-after-statement -Wno-objc-messaging-id -Wno-direct-ivar-access -Wno-cast-qual -Wno-deprecated-declarations -Wno-reserved-identifier -Weverything -Wno-objc-missing-property-synthesis -Wno-unused-macros -Wno-disabled-macro-expansion -Wno-gnu-statement-expression -Wno-language-extension-token -Wno-overriding-method-mismatch -Wno-missing-variable-declarations -Wno-auto-import -Wno-objc-interface-ivars -Wno-documentation-unknown-command -Wno-reserved-id-macro -Wno-unused-parameter -Wno-gnu-conditional-omitted-operand -Wno-explicit-ownership-type -Wno-date-time -Wno-cast-align -Wno-cstring-format-directive -Wno-double-promotion -Wno-partial-availability -Wno-objc-messaging-id -Wno-direct-ivar-access -Wno-cast-qual -Wno-declaration-after-statement @<host-path>/Library/Developer/Xcode/DerivedData/WebDriverAgent-gvnbbobaqwdgeeepwfrffrnyucio/Build/Intermediates.noindex/WebDriverAgent.build/Debug-iphonesimulator/WebDriverAgentLib.build/Objects-normal/arm64/22a6d426986e98cf1a8e0c880c6a22df-common-args.resp -MMD -MT dependencies -MF <host-path>/Library/Developer/Xcode/DerivedData/WebDriverAgent-gvnbbobaqwdgeeepwfrffrnyucio/Build/Intermediates.noindex/WebDriverAgent.build/Debug-iphonesimulator/WebDriverAgentLib.build/StaticAnalyzer/WebDriverAgent/WebDriverAgentLib/normal/arm64/FBSettings.d --analyze <host-path>/qualification/compatibility-smoke/harness/node_modules/appium-xcuitest-driver/node_modules/appium-webdriveragent/WebDriverAgentLib/Utilities/FBSettings.m -o <host-path>/Library/Developer/Xcode/DerivedData/WebDriverAgent-gvnbbobaqwdgeeepwfrffrnyucio/Build/Intermediates.noindex/WebDriverAgent.build/Debug-iphonesimulator/WebDriverAgentLib.build/StaticAnalyzer/WebDriverAgent/WebDriverAgentLib/normal/arm64/FBSettings.plist
2026-09-29 08:09:29:024 [790e2ec9][Xcode] 
2026-09-29 08:09:29:024 [790e2ec9][Xcode] ScanDependencies Analyze <host-path>/qualification/compatibility-smoke/harness/node_modules/appium-xcuitest-driver/node_modules/appium-webdriveragent/WebDriverAgentLib/Utilities/FBScreenshot.m normal arm64 (in target 'WebDriverAgentLib' from project 'WebDriverAgent')
2026-09-29 08:09:29:024 [790e2ec9][Xcode]     cd <host-path>/qualification/compatibility-smoke/harness/node_modules/appium-xcuitest-driver/node_modules/appium-webdriveragent
2026-09-29 08:09:29:024 [790e2ec9][Xcode]     
2026-09-29 08:09:29:024 [790e2ec9][Xcode]     Using response file: <host-path>/Library/Developer/Xcode/DerivedData/WebDriverAgent-gvnbbobaqwdgeeepwfrffrnyucio/Build/Intermediates.noindex/WebDriverAgent.build/Debug-iphonesimulator/WebDriverAgentLib.build/Objects-normal/arm64/22a6d426986e98cf1a8e0c880c6a22df-common-args.resp
2026-09-29 08:09:29:024 [790e2ec9][Xcode]     
2026-09-29 08:09:29:024 [790e2ec9][Xcode]     builtin-ScanDependencies -o <host-path>/Library/Developer/Xcode/DerivedData/WebDriverAgent-gvnbbobaqwdgeeepwfrffrnyucio/Build/Intermediates.noindex/WebDriverAgent.build/Debug-iphonesimulator/WebDriverAgentLib.build/StaticAnalyzer/WebDriverAgent/WebDriverAgentLib/normal/arm64/FBScreenshot.plist.scan -- /Applications/Xcode_16.4.app/Contents/Developer/Toolchains/XcodeDefault.xctoolchain/usr/bin/clang -x objective-c -ivfsstatcache <host-path>/Library/Developer/Xcode/DerivedData/SDKStatCaches.noindex/iphonesimulator18.5-22F76-96ae0914227b19deccb34b33ba7b5dea.sdkstatcache -fmessage-length\=0 -fdiagnostics-show-note-include-stack -fmacro-backtrace-limit\=0 -fno-color-diagnostics -fmodules-prune-interval\=86400 -fmodules-prune-after\=345600 -fbuild-session-file\=<host-path>/Library/Developer/Xcode/DerivedData/ModuleCache.noindex/Session.modulevalidation -fmodules-validate-once-per-build-session -Wno-trigraphs -Wmissing-field-initializers -Wno-missing-prototypes -Werror\=return-type -Wunreachable-code -Wquoted-include-in-framework-header -Wno-implicit-atomic-properties -Werror\=deprecated-objc-isa-usage -Wno-objc-interface-ivars -Werror\=objc-root-class -Warc-repeated-use-of-weak -Wno-arc-maybe-repeated-use-of-weak -Wimplicit-retain-self -Wduplicate-method-match -Wno-missing-braces -Wparentheses -Wswitch -Wunused-function -Wno-unused-label -Wunused-parameter -Wunused-variable -Wunused-value -Wempty-body -Wuninitialized -Wconditional-uninitialized -Wno-unknown-pragmas -Wshadow -Wno-four-char-constants -Wconversion -Wconstant-conversion -Wint-conversion -Wbool-conversion -Wenum-conversion -Wfloat-conversion -Wnon-literal-null-conversion -Wobjc-literal-conversion -Wassign-enum -Wsign-compare -Wshorten-64-to-32 -Wpointer-sign -Wno-newline-eof -Wno-selector -Wno-strict-selector-match -Wundeclared-selector -Wdeprecated-implementations -Wno-implicit-fallthrough -fstrict-aliasing -Wprotocol -Wdeprecated-declarations -Wno-sign-conversion -Winfinite-recursion -Wcomma -Wblock-capture-autoreleasing -Wstrict-prototypes -Wno-semicolon-before-method-body -Weverything -Wno-objc-missing-property-synthesis -Wno-unused-macros -Wno-disabled-macro-expansion -Wno-gnu-statement-expression -Wno-language-extension-token -Wno-overriding-method-mismatch -Wno-missing-variable-declarations -Wno-auto-import -Wno-objc-interface-ivars -Wno-documentation-unknown-command -Wno-reserved-id-macro -Wno-unused-parameter -Wno-gnu-conditional-omitted-operand -Wno-explicit-ownership-type -Wno-date-time -Wno-cast-align -Wno-cstring-format-directive -Wno-double-promotion -Wno-partial-availability -Wno-declaration-after-statement -Wno-objc-messaging-id -Wno-direct-ivar-access -Wno-cast-qual -Wno-deprecated-declarations -Wno-reserved-identifier -Weverything -Wno-objc-missing-property-synthesis -Wno-unused-macros -Wno-disabled-macro-expansion -Wno-gnu-statement-expression -Wno-language-extension-token -Wno-overriding-method-mismatch -Wno-missing-variable-declarations -Wno-auto-import -Wno-objc-interface-ivars -Wno-documentation-unknown-command -Wno-reserved-id-macro -Wno-unused-parameter -Wno-gnu-conditional-omitted-operand -Wno-explicit-ownership-type -Wno-date-time -Wno-cast-align -Wno-cstring-format-directive -Wno-double-promotion -Wno-partial-availability -Wno-objc-messaging-id -Wno-direct-ivar-access -Wno-cast-qual -Wno-declaration-after-statement @<host-path>/Library/Developer/Xcode/DerivedData/WebDriverAgent-gvnbbobaqwdgeeepwfrffrnyucio/Build/Intermediates.noindex/WebDriverAgent.build/Debug-iphonesimulator/WebDriverAgentLib.build/Objects-normal/arm64/22a6d426986e98cf1a8e0c880c6a22df-common-args.resp -MMD -MT dependencies -MF <host-path>/Library/Developer/Xcode/DerivedData/WebDriverAgent-gvnbbobaqwdgeeepwfrffrnyucio/Build/Intermediates.noindex/WebDriverAgent.build/Debug-iphonesimulator/WebDriverAgentLib.build/StaticAnalyzer/WebDriverAgent/WebDriverAgentLib/normal/arm64/FBScreenshot.d --analyze <host-path>/qualification/compatibility-smoke/harness/node_modules/appium-xcuitest-driver/node_modules/appium-webdriveragent/WebDriverAgentLib/Utilities/FBScreenshot.m -o <host-path>/Library/Developer/Xcode/DerivedData/WebDriverAgent-gvnbbobaqwdgeeepwfrffrnyucio/Build/Intermediates.noindex/WebDriverAgent.build/Debug-iphonesimulator/WebDriverAgentLib.build/StaticAnalyzer/WebDriverAgent/WebDriverAgentLib/normal/arm64/FBScreenshot.plist
2026-09-29 08:09:29:025 [790e2ec9][Xcode] 
2026-09-29 08:09:29:025 [790e2ec9][Xcode] PrecompileModule <host-path>/Library/Developer/Xcode/DerivedData/WebDriverAgent-gvnbbobaqwdgeeepwfrffrnyucio/Build/Intermediates.noindex/ExplicitPrecompiledModules/QuartzCore-AVK8QOT7TLORNSA3ZBLD8AF3X.scan
2026-09-29 08:09:29:025 [790e2ec9][Xcode]     cd <host-path>/qualification/compatibility-smoke/harness/node_modules/appium-xcuitest-driver/node_modules/appium-webdriveragent
2026-09-29 08:09:29:025 [790e2ec9][Xcode]     builtin-precompileModule <host-path>/Library/Developer/Xcode/DerivedData/WebDriverAgent-gvnbbobaqwdgeeepwfrffrnyucio/Build/Intermediates.noindex/ExplicitPrecompiledModules/QuartzCore-AVK8QOT7TLORNSA3ZBLD8AF3X.scan
2026-09-29 08:09:29:025 [790e2ec9][Xcode] 
2026-09-29 08:09:29:025 [790e2ec9][Xcode] PrecompileModule <host-path>/Library/Developer/Xcode/DerivedData/WebDriverAgent-gvnbbobaqwdgeeepwfrffrnyucio/Build/Intermediates.noindex/ExplicitPrecompiledModules/UniformTypeIdentifiers-4PSQNYDDCEJJX3G7JU1SFXE1T.scan
2026-09-29 08:09:29:025 [790e2ec9][Xcode]     cd <host-path>/qualification/compatibility-smoke/harness/node_modules/appium-xcuitest-driver/node_modules/appium-webdriveragent
2026-09-29 08:09:29:025 [790e2ec9][Xcode]     builtin-precompileModule <host-path>/Library/Developer/Xcode/DerivedData/WebDriverAgent-gvnbbobaqwdgeeepwfrffrnyucio/Build/Intermediates.noindex/ExplicitPrecompiledModules/UniformTypeIdentifiers-4PSQNYDDCEJJX3G7JU1SFXE1T.scan
2026-09-29 08:09:29:025 [790e2ec9][Xcode] 
2026-09-29 08:09:29:025 [790e2ec9][Xcode] PrecompileModule <host-path>/Library/Developer/Xcode/DerivedData/WebDriverAgent-gvnbbobaqwdgeeepwfrffrnyucio/Build/Intermediates.noindex/ExplicitPrecompiledModules/CoreImage-EOP587ZH391ZIPKD9G7TRCEX0.scan
2026-09-29 08:09:29:025 [790e2ec9][Xcode]     cd <host-path>/qualification/compatibility-smoke/harness/node_modules/appium-xcuitest-driver/node_modules/appium-webdriveragent
2026-09-29 08:09:29:025 [790e2ec9][Xcode]     builtin-precompileModule <host-path>/Library/Developer/Xcode/DerivedData/WebDriverAgent-gvnbbobaqwdgeeepwfrffrnyucio/Build/Intermediates.noindex/ExplicitPrecompiledModules/CoreImage-EOP587ZH391ZIPKD9G7TRCEX0.scan
2026-09-29 08:09:29:025 [790e2ec9][Xcode] 
2026-09-29 08:09:29:025 [790e2ec9][Xcode] ScanDependencies Analyze <host-path>/qualification/compatibility-smoke/harness/node_modules/appium-xcuitest-driver/node_modules/appium-webdriveragent/WebDriverAgentLib/Utilities/FBScreen.m normal arm64 (in target 'WebDriverAgentLib' from project 'WebDriverAgent')
2026-09-29 08:09:29:025 [790e2ec9][Xcode]     cd <host-path>/qualification/compatibility-smoke/harness/node_modules/appium-xcuitest-driver/node_modules/appium-webdriveragent
2026-09-29 08:09:29:025 [790e2ec9][Xcode]     
2026-09-29 08:09:29:025 [790e2ec9][Xcode]     Using response file: <host-path>/Library/Developer/Xcode/DerivedData/WebDriverAgent-gvnbbobaqwdgeeepwfrffrnyucio/Build/Intermediates.noindex/WebDriverAgent.build/Debug-iphonesimulator/WebDriverAgentLib.build/Objects-normal/arm64/22a6d426986e98cf1a8e0c880c6a22df-common-args.resp
2026-09-29 08:09:29:025 [790e2ec9][Xcode]     
2026-09-29 08:09:29:025 [790e2ec9][Xcode]     builtin-ScanDependencies -o <host-path>/Library/Developer/Xcode/DerivedData/WebDriverAgent-gvnbbobaqwdgeeepwfrffrnyucio/Build/Intermediates.noindex/WebDriverAgent.build/Debug-iphonesimulator/WebDriverAgentLib.build/StaticAnalyzer/WebDriverAgent/WebDriverAgentLib/normal/arm64/FBScreen.plist.scan -- /Applications/Xcode_16.4.app/Contents/Developer/Toolchains/XcodeDefault.xctoolchain/usr/bin/clang -x objective-c -ivfsstatcache <host-path>/Library/Developer/Xcode/DerivedData/SDKStatCaches.noindex/iphonesimulator18.5-22F76-96ae0914227b19deccb34b33ba7b5dea.sdkstatcache -fmessage-length\=0 -fdiagnostics-show-note-include-stack -fmacro-backtrace-limit\=0 -fno-color-diagnostics -fmodules-prune-interval\=86400 -fmodules-prune-after\=345600 -fbuild-session-file\=<host-path>/Library/Developer/Xcode/DerivedData/ModuleCache.noindex/Session.modulevalidation -fmodules-validate-once-per-build-session -Wno-trigraphs -Wmissing-field-initializers -Wno-missing-prototypes -Werror\=return-type -Wunreachable-code -Wquoted-include-in-framework-header -Wno-implicit-atomic-properties -Werror\=deprecated-objc-isa-usage -Wno-objc-interface-ivars -Werror\=objc-root-class -Warc-repeated-use-of-weak -Wno-arc-maybe-repeated-use-of-weak -Wimplicit-retain-self -Wduplicate-method-match -Wno-missing-braces -Wparentheses -Wswitch -Wunused-function -Wno-unused-label -Wunused-parameter -Wunused-variable -Wunused-value -Wempty-body -Wuninitialized -Wconditional-uninitialized -Wno-unknown-pragmas -Wshadow -Wno-four-char-constants -Wconversion -Wconstant-conversion -Wint-conversion -Wbool-conversion -Wenum-conversion -Wfloat-conversion -Wnon-literal-null-conversion -Wobjc-literal-conversion -Wassign-enum -Wsign-compare -Wshorten-64-to-32 -Wpointer-sign -Wno-newline-eof -Wno-selector -Wno-strict-selector-match -Wundeclared-selector -Wdeprecated-implementations -Wno-implicit-fallthrough -fstrict-aliasing -Wprotocol -Wdeprecated-declarations -Wno-sign-conversion -Winfinite-recursion -Wcomma -Wblock-capture-autoreleasing -Wstrict-prototypes -Wno-semicolon-before-method-body -Weverything -Wno-objc-missing-property-synthesis -Wno-unused-macros -Wno-disabled-macro-expansion -Wno-gnu-statement-expression -Wno-language-extension-token -Wno-overriding-method-mismatch -Wno-missing-variable-declarations -Wno-auto-import -Wno-objc-interface-ivars -Wno-documentation-unknown-command -Wno-reserved-id-macro -Wno-unused-parameter -Wno-gnu-conditional-omitted-operand -Wno-explicit-ownership-type -Wno-date-time -Wno-cast-align -Wno-cstring-format-directive -Wno-double-promotion -Wno-partial-availability -Wno-declaration-after-statement -Wno-objc-messaging-id -Wno-direct-ivar-access -Wno-cast-qual -Wno-deprecated-declarations -Wno-reserved-identifier -Weverything -Wno-objc-missing-property-synthesis -Wno-unused-macros -Wno-disabled-macro-expansion -Wno-gnu-statement-expression -Wno-language-extension-token -Wno-overriding-method-mismatch -Wno-missing-variable-declarations -Wno-auto-import -Wno-objc-interface-ivars -Wno-documentation-unknown-command -Wno-reserved-id-macro -Wno-unused-parameter -Wno-gnu-conditional-omitted-operand -Wno-explicit-ownership-type -Wno-date-time -Wno-cast-align -Wno-cstring-format-directive -Wno-double-promotion -Wno-partial-availability -Wno-objc-messaging-id -Wno-direct-ivar-access -Wno-cast-qual -Wno-declaration-after-statement @<host-path>/Library/Developer/Xcode/DerivedData/WebDriverAgent-gvnbbobaqwdgeeepwfrffrnyucio/Build/Intermediates.noindex/WebDriverAgent.build/Debug-iphonesimulator/WebDriverAgentLib.build/Objects-normal/arm64/22a6d426986e98cf1a8e0c880c6a22df-common-args.resp -MMD -MT dependencies -MF <host-path>/Library/Developer/Xcode/DerivedData/WebDriverAgent-gvnbbobaqwdgeeepwfrffrnyucio/Build/Intermediates.noindex/WebDriverAgent.build/Debug-iphonesimulator/WebDriverAgentLib.build/StaticAnalyzer/WebDriverAgent/WebDriverAgentLib/normal/arm64/FBScreen.d --analyze <host-path>/qualification/compatibility-smoke/harness/node_modules/appium-xcuitest-driver/node_modules/appium-webdriveragent/WebDriverAgentLib/Utilities/FBScreen.m -o <host-path>/Library/Developer/Xcode/DerivedData/WebDriverAgent-gvnbbobaqwdgeeepwfrffrnyucio/Build/Intermediates.noindex/WebDriverAgent.build/Debug-iphonesimulator/WebDriverAgentLib.build/StaticAnalyzer/WebDriverAgent/WebDriverAgentLib/normal/arm64/FBScreen.plist
2026-09-29 08:09:29:025 [790e2ec9][Xcode] 
2026-09-29 08:09:29:025 [790e2ec9][Xcode] ScanDependencies Analyze <host-path>/qualification/compatibility-smoke/harness/node_modules/appium-xcuitest-driver/node_modules/appium-webdriveragent/WebDriverAgentLib/Utilities/FBRuntimeUtils.m normal arm64 (in target 'WebDriverAgentLib' from project 'WebDriverAgent')
2026-09-29 08:09:29:025 [790e2ec9][Xcode]     cd <host-path>/qualification/compatibility-smoke/harness/node_modules/appium-xcuitest-driver/node_modules/appium-webdriveragent
2026-09-29 08:09:29:025 [790e2ec9][Xcode]     
2026-09-29 08:09:29:025 [790e2ec9][Xcode]     Using response file: <host-path>/Library/Developer/Xcode/DerivedData/WebDriverAgent-gvnbbobaqwdgeeepwfrffrnyucio/Build/Intermediates.noindex/WebDriverAgent.build/Debug-iphonesimulator/WebDriverAgentLib.build/Objects-normal/arm64/22a6d426986e98cf1a8e0c880c6a22df-common-args.resp
2026-09-29 08:09:29:025 [790e2ec9][Xcode]     
2026-09-29 08:09:29:025 [790e2ec9][Xcode]     builtin-ScanDependencies -o <host-path>/Library/Developer/Xcode/DerivedData/WebDriverAgent-gvnbbobaqwdgeeepwfrffrnyucio/Build/Intermediates.noindex/WebDriverAgent.build/Debug-iphonesimulator/WebDriverAgentLib.build/StaticAnalyzer/WebDriverAgent/WebDriverAgentLib/normal/arm64/FBRuntimeUtils.plist.scan -- /Applications/Xcode_16.4.app/Contents/Developer/Toolchains/XcodeDefault.xctoolchain/usr/bin/clang -x objective-c -ivfsstatcache <host-path>/Library/Developer/Xcode/DerivedData/SDKStatCaches.noindex/iphonesimulator18.5-22F76-96ae0914227b19deccb34b33ba7b5dea.sdkstatcache -fmessage-length\=0 -fdiagnostics-show-note-include-stack -fmacro-backtrace-limit\=0 -fno-color-diagnostics -fmodules-prune-interval\=86400 -fmodules-prune-after\=345600 -fbuild-session-file\=<host-path>/Library/Developer/Xcode/DerivedData/ModuleCache.noindex/Session.modulevalidation -fmodules-validate-once-per-build-session -Wno-trigraphs -Wmissing-field-initializers -Wno-missing-prototypes -Werror\=return-type -Wunreachable-code -Wquoted-include-in-framework-header -Wno-implicit-atomic-properties -Werror\=deprecated-objc-isa-usage -Wno-objc-interface-ivars -Werror\=objc-root-class -Warc-repeated-use-of-weak -Wno-arc-maybe-repeated-use-of-weak -Wimplicit-retain-self -Wduplicate-method-match -Wno-missing-braces -Wparentheses -Wswitch -Wunused-function -Wno-unused-label -Wunused-parameter -Wunused-variable -Wunused-value -Wempty-body -Wuninitialized -Wconditional-uninitialized -Wno-unknown-pragmas -Wshadow -Wno-four-char-constants -Wconversion -Wconstant-conversion -Wint-conversion -Wbool-conversion -Wenum-conversion -Wfloat-conversion -Wnon-literal-null-conversion -Wobjc-literal-conversion -Wassign-enum -Wsign-compare -Wshorten-64-to-32 -Wpointer-sign -Wno-newline-eof -Wno-selector -Wno-strict-selector-match -Wundeclared-selector -Wdeprecated-implementations -Wno-implicit-fallthrough -fstrict-aliasing -Wprotocol -Wdeprecated-declarations -Wno-sign-conversion -Winfinite-recursion -Wcomma -Wblock-capture-autoreleasing -Wstrict-prototypes -Wno-semicolon-before-method-body -Weverything -Wno-objc-missing-property-synthesis -Wno-unused-macros -Wno-disabled-macro-expansion -Wno-gnu-statement-expression -Wno-language-extension-token -Wno-overriding-method-mismatch -Wno-missing-variable-declarations -Wno-auto-import -Wno-objc-interface-ivars -Wno-documentation-unknown-command -Wno-reserved-id-macro -Wno-unused-parameter -Wno-gnu-conditional-omitted-operand -Wno-explicit-ownership-type -Wno-date-time -Wno-cast-align -Wno-cstring-format-directive -Wno-double-promotion -Wno-partial-availability -Wno-declaration-after-statement -Wno-objc-messaging-id -Wno-direct-ivar-access -Wno-cast-qual -Wno-deprecated-declarations -Wno-reserved-identifier -Weverything -Wno-objc-missing-property-synthesis -Wno-unused-macros -Wno-disabled-macro-expansion -Wno-gnu-statement-expression -Wno-language-extension-token -Wno-overriding-method-mismatch -Wno-missing-variable-declarations -Wno-auto-import -Wno-objc-interface-ivars -Wno-documentation-unknown-command -Wno-reserved-id-macro -Wno-unused-parameter -Wno-gnu-conditional-omitted-operand -Wno-explicit-ownership-type -Wno-date-time -Wno-cast-align -Wno-cstring-format-directive -Wno-double-promotion -Wno-partial-availability -Wno-objc-messaging-id -Wno-direct-ivar-access -Wno-cast-qual -Wno-declaration-after-statement @<host-path>/Library/Developer/Xcode/DerivedData/WebDriverAgent-gvnbbobaqwdgeeepwfrffrnyucio/Build/Intermediates.noindex/WebDriverAgent.build/Debug-iphonesimulator/WebDriverAgentLib.build/Objects-normal/arm64/22a6d426986e98cf1a8e0c880c6a22df-common-args.resp -MMD -MT dependencies -MF <host-path>/Library/Developer/Xcode/DerivedData/WebDriverAgent-gvnbbobaqwdgeeepwfrffrnyucio/Build/Intermediates.noindex/WebDriverAgent.build/Debug-iphonesimulator/WebDriverAgentLib.build/StaticAnalyzer/WebDriverAgent/WebDriverAgentLib/normal/arm64/FBRuntimeUtils.d --analyze <host-path>/qualification/compatibility-smoke/harness/node_modules/appium-xcuitest-driver/node_modules/appium-webdriveragent/WebDriverAgentLib/Utilities/FBRuntimeUtils.m -o <host-path>/Library/Developer/Xcode/DerivedData/WebDriverAgent-gvnbbobaqwdgeeepwfrffrnyucio/Build/Intermediates.noindex/WebDriverAgent.build/Debug-iphonesimulator/WebDriverAgentLib.build/StaticAnalyzer/WebDriverAgent/WebDriverAgentLib/normal/arm64/FBRuntimeUtils.plist
2026-09-29 08:09:29:026 [790e2ec9][Xcode] 
2026-09-29 08:09:29:026 [790e2ec9][Xcode] ScanDependencies Analyze <host-path>/qualification/compatibility-smoke/harness/node_modules/appium-xcuitest-driver/node_modules/appium-webdriveragent/WebDriverAgentLib/Utilities/FBRunLoopSpinner.m normal arm64 (in target 'WebDriverAgentLib' from project 'WebDriverAgent')
2026-09-29 08:09:29:026 [790e2ec9][Xcode]     cd <host-path>/qualification/compatibility-smoke/harness/node_modules/appium-xcuitest-driver/node_modules/appium-webdriveragent
2026-09-29 08:09:29:026 [790e2ec9][Xcode]     
2026-09-29 08:09:29:026 [790e2ec9][Xcode]     Using response file: <host-path>/Library/Developer/Xcode/DerivedData/WebDriverAgent-gvnbbobaqwdgeeepwfrffrnyucio/Build/Intermediates.noindex/WebDriverAgent.build/Debug-iphonesimulator/WebDriverAgentLib.build/Objects-normal/arm64/22a6d426986e98cf1a8e0c880c6a22df-common-args.resp
2026-09-29 08:09:29:026 [790e2ec9][Xcode]     
2026-09-29 08:09:29:026 [790e2ec9][Xcode]     builtin-ScanDependencies -o <host-path>/Library/Developer/Xcode/DerivedData/WebDriverAgent-gvnbbobaqwdgeeepwfrffrnyucio/Build/Intermediates.noindex/WebDriverAgent.build/Debug-iphonesimulator/WebDriverAgentLib.build/StaticAnalyzer/WebDriverAgent/WebDriverAgentLib/normal/arm64/FBRunLoopSpinner.plist.scan -- /Applications/Xcode_16.4.app/Contents/Developer/Toolchains/XcodeDefault.xctoolchain/usr/bin/clang -x objective-c -ivfsstatcache <host-path>/Library/Developer/Xcode/DerivedData/SDKStatCaches.noindex/iphonesimulator18.5-22F76-96ae0914227b19deccb34b33ba7b5dea.sdkstatcache -fmessage-length\=0 -fdiagnostics-show-note-include-stack -fmacro-backtrace-limit\=0 -fno-color-diagnostics -fmodules-prune-interval\=86400 -fmodules-prune-after\=345600 -fbuild-session-file\=<host-path>/Library/Developer/Xcode/DerivedData/ModuleCache.noindex/Session.modulevalidation -fmodules-validate-once-per-build-session -Wno-trigraphs -Wmissing-field-initializers -Wno-missing-prototypes -Werror\=return-type -Wunreachable-code -Wquoted-include-in-framework-header -Wno-implicit-atomic-properties -Werror\=deprecated-objc-isa-usage -Wno-objc-interface-ivars -Werror\=objc-root-class -Warc-repeated-use-of-weak -Wno-arc-maybe-repeated-use-of-weak -Wimplicit-retain-self -Wduplicate-method-match -Wno-missing-braces -Wparentheses -Wswitch -Wunused-function -Wno-unused-label -Wunused-parameter -Wunused-variable -Wunused-value -Wempty-body -Wuninitialized -Wconditional-uninitialized -Wno-unknown-pragmas -Wshadow -Wno-four-char-constants -Wconversion -Wconstant-conversion -Wint-conversion -Wbool-conversion -Wenum-conversion -Wfloat-conversion -Wnon-literal-null-conversion -Wobjc-literal-conversion -Wassign-enum -Wsign-compare -Wshorten-64-to-32 -Wpointer-sign -Wno-newline-eof -Wno-selector -Wno-strict-selector-match -Wundeclared-selector -Wdeprecated-implementations -Wno-implicit-fallthrough -fstrict-aliasing -Wprotocol -Wdeprecated-declarations -Wno-sign-conversion -Winfinite-recursion -Wcomma -Wblock-capture-autoreleasing -Wstrict-prototypes -Wno-semicolon-before-method-body -Weverything -Wno-objc-missing-property-synthesis -Wno-unused-macros -Wno-disabled-macro-expansion -Wno-gnu-statement-expression -Wno-language-extension-token -Wno-overriding-method-mismatch -Wno-missing-variable-declarations -Wno-auto-import -Wno-objc-interface-ivars -Wno-documentation-unknown-command -Wno-reserved-id-macro -Wno-unused-parameter -Wno-gnu-conditional-omitted-operand -Wno-explicit-ownership-type -Wno-date-time -Wno-cast-align -Wno-cstring-format-directive -Wno-double-promotion -Wno-partial-availability -Wno-declaration-after-statement -Wno-objc-messaging-id -Wno-direct-ivar-access -Wno-cast-qual -Wno-deprecated-declarations -Wno-reserved-identifier -Weverything -Wno-objc-missing-property-synthesis -Wno-unused-macros -Wno-disabled-macro-expansion -Wno-gnu-statement-expression -Wno-language-extension-token -Wno-overriding-method-mismatch -Wno-missing-variable-declarations -Wno-auto-import -Wno-objc-interface-ivars -Wno-documentation-unknown-command -Wno-reserved-id-macro -Wno-unused-parameter -Wno-gnu-conditional-omitted-operand -Wno-explicit-ownership-type -Wno-date-time -Wno-cast-align -Wno-cstring-format-directive -Wno-double-promotion -Wno-partial-availability -Wno-objc-messaging-id -Wno-direct-ivar-access -Wno-cast-qual -Wno-declaration-after-statement @<host-path>/Library/Developer/Xcode/DerivedData/WebDriverAgent-gvnbbobaqwdgeeepwfrffrnyucio/Build/Intermediates.noindex/WebDriverAgent.build/Debug-iphonesimulator/WebDriverAgentLib.build/Objects-normal/arm64/22a6d426986e98cf1a8e0c880c6a22df-common-args.resp -MMD -MT dependencies -MF <host-path>/Library/Developer/Xcode/DerivedData/WebDriverAgent-gvnbbobaqwdgeeepwfrffrnyucio/Build/Intermediates.noindex/WebDriverAgent.build/Debug-iphonesimulator/WebDriverAgentLib.build/StaticAnalyzer/WebDriverAgent/WebDriverAgentLib/normal/arm64/FBRunLoopSpinner.d --analyze <host-path>/qualification/compatibility-smoke/harness/node_modules/appium-xcuitest-driver/node_modules/appium-webdriveragent/WebDriverAgentLib/Utilities/FBRunLoopSpinner.m -o <host-path>/Library/Developer/Xcode/DerivedData/WebDriverAgent-gvnbbobaqwdgeeepwfrffrnyucio/Build/Intermediates.noindex/WebDriverAgent.build/Debug-iphonesimulator/WebDriverAgentLib.build/StaticAnalyzer/WebDriverAgent/WebDriverAgentLib/normal/arm64/FBRunLoopSpinner.plist
2026-09-29 08:09:29:026 [790e2ec9][Xcode] 
2026-09-29 08:09:29:026 [790e2ec9][Xcode] PrecompileModule <host-path>/Library/Developer/Xcode/DerivedData/WebDriverAgent-gvnbbobaqwdgeeepwfrffrnyucio/Build/Intermediates.noindex/ExplicitPrecompiledModules/UIKit-9CDKV1M25CQFKC19NBWY5NGZU.scan
2026-09-29 08:09:29:026 [790e2ec9][Xcode]     cd <host-path>/qualification/compatibility-smoke/harness/node_modules/appium-xcuitest-driver/node_modules/appium-webdriveragent
2026-09-29 08:09:29:026 [790e2ec9][Xcode]     builtin-precompileModule <host-path>/Library/Developer/Xcode/DerivedData/WebDriverAgent-gvnbbobaqwdgeeepwfrffrnyucio/Build/Intermediates.noindex/ExplicitPrecompiledModules/UIKit-9CDKV1M25CQFKC19NBWY5NGZU.scan
2026-09-29 08:09:29:146 [790e2ec9][XCUITestDriver@b322] Matched '/status' to command name 'getStatus'
2026-09-29 08:09:29:166 [790e2ec9][XCUITestDriver@b322] Proxying [GET /status] to [GET http://127.0.0.1:8100/status] with no body
2026-09-29 08:09:29:218 [790e2ec9][XCUITestDriver@b322] connect ECONNREFUSED 127.0.0.1:8100
2026-09-29 08:09:30:218 [790e2ec9][XCUITestDriver@b322] Matched '/status' to command name 'getStatus'
2026-09-29 08:09:30:219 [790e2ec9][XCUITestDriver@b322] Proxying [GET /status] to [GET http://127.0.0.1:8100/status] with no body
2026-09-29 08:09:30:221 [790e2ec9][XCUITestDriver@b322] connect ECONNREFUSED 127.0.0.1:8100
