0 verbose cli /opt/hostedtoolcache/node/24.21.0/x64/bin/node /opt/hostedtoolcache/node/24.21.0/x64/bin/npm
1 info using npm@11.19.0
2 info using node@v24.21.0
3 silly config load:file:/opt/hostedtoolcache/node/24.21.0/x64/lib/node_modules/npm/npmrc
4 silly config load:file:<host-path>/sut/frontend/.npmrc
5 silly config load:file:<host-path>/.npmrc
6 silly config load:file:/opt/hostedtoolcache/node/24.21.0/x64/etc/npmrc
7 verbose title npm install
8 verbose argv "install"
9 verbose logfile logs-max:10 dir:<host-path>/.npm/_logs/2026-10-04T13_38_46_918Z-
10 verbose logfile <host-path>/.npm/_logs/2026-10-04T13_38_46_918Z-debug-0.log
11 silly logfile done cleaning log files
12 silly packumentCache heap:4496293888 maxSize:1124073472 maxEntrySize:562036736
13 silly idealTree buildDeps
14 silly fetch manifest @angular/animations@^22.0.1
15 silly packumentCache full:https://registry.npmjs.org/@angular%2fanimations cache-miss
16 http fetch GET 200 https://registry.npmjs.org/@angular%2fanimations 164ms (cache miss)
17 silly packumentCache full:https://registry.npmjs.org/@angular%2fanimations set size:undefined disposed:false
18 silly fetch manifest @angular/core@^22.0.1
19 silly packumentCache full:https://registry.npmjs.org/@angular%2fcore cache-miss
20 http fetch GET 200 https://registry.npmjs.org/@angular%2fcore 113ms (cache miss)
21 silly packumentCache full:https://registry.npmjs.org/@angular%2fcore set size:undefined disposed:false
22 silly fetch manifest @angular/compiler@^22.0.1
23 silly packumentCache full:https://registry.npmjs.org/@angular%2fcompiler cache-miss
24 http fetch GET 200 https://registry.npmjs.org/@angular%2fcompiler 97ms (cache miss)
25 silly packumentCache full:https://registry.npmjs.org/@angular%2fcompiler set size:undefined disposed:false
26 silly fetch manifest rxjs@7.8.2
27 silly packumentCache full:https://registry.npmjs.org/rxjs cache-miss
28 http cache https://registry.npmjs.org/rxjs 6ms (cache hit)
29 silly packumentCache full:https://registry.npmjs.org/rxjs set size:1028301 disposed:false
30 silly fetch manifest zone.js@~0.15.0
31 silly packumentCache full:https://registry.npmjs.org/zone.js cache-miss
32 http fetch GET 200 https://registry.npmjs.org/zone.js 36ms (cache miss)
33 silly packumentCache full:https://registry.npmjs.org/zone.js set size:undefined disposed:false
34 silly fetch manifest @angular/build@^22.0.1
35 silly packumentCache full:https://registry.npmjs.org/@angular%2fbuild cache-miss
36 http fetch GET 200 https://registry.npmjs.org/@angular%2fbuild 53ms (cache miss)
37 silly packumentCache full:https://registry.npmjs.org/@angular%2fbuild set size:undefined disposed:false
38 silly fetch manifest @angular/compiler-cli@^22.0.1
39 silly packumentCache full:https://registry.npmjs.org/@angular%2fcompiler-cli cache-miss
40 http fetch GET 200 https://registry.npmjs.org/@angular%2fcompiler-cli 105ms (cache miss)
41 silly packumentCache full:https://registry.npmjs.org/@angular%2fcompiler-cli set size:undefined disposed:false
42 silly fetch manifest typescript@~6.0.3
43 silly packumentCache full:https://registry.npmjs.org/typescript cache-miss
44 http cache https://registry.npmjs.org/typescript 37ms (cache hit)
45 silly packumentCache full:https://registry.npmjs.org/typescript set size:15753183 disposed:false
46 silly fetch manifest @angular/localize@^22.0.0
47 silly packumentCache full:https://registry.npmjs.org/@angular%2flocalize cache-miss
48 http fetch GET 200 https://registry.npmjs.org/@angular%2flocalize 95ms (cache miss)
49 silly packumentCache full:https://registry.npmjs.org/@angular%2flocalize set size:undefined disposed:false
50 silly fetch manifest @angular/platform-browser@^22.0.1
51 silly packumentCache full:https://registry.npmjs.org/@angular%2fplatform-browser cache-miss
52 http fetch GET 200 https://registry.npmjs.org/@angular%2fplatform-browser 112ms (cache miss)
53 silly packumentCache full:https://registry.npmjs.org/@angular%2fplatform-browser set size:undefined disposed:false
54 silly fetch manifest @angular/common@^22.0.1
55 silly packumentCache full:https://registry.npmjs.org/@angular%2fcommon cache-miss
56 http fetch GET 200 https://registry.npmjs.org/@angular%2fcommon 104ms (cache miss)
57 silly packumentCache full:https://registry.npmjs.org/@angular%2fcommon set size:undefined disposed:false
58 silly fetch manifest @angular/platform-server@^22.0.0
59 silly packumentCache full:https://registry.npmjs.org/@angular%2fplatform-server cache-miss
60 http fetch GET 200 https://registry.npmjs.org/@angular%2fplatform-server 117ms (cache miss)
61 silly packumentCache full:https://registry.npmjs.org/@angular%2fplatform-server set size:undefined disposed:false
62 silly fetch manifest @angular/service-worker@^22.0.0
63 silly packumentCache full:https://registry.npmjs.org/@angular%2fservice-worker cache-miss
64 http fetch GET 200 https://registry.npmjs.org/@angular%2fservice-worker 95ms (cache miss)
65 silly packumentCache full:https://registry.npmjs.org/@angular%2fservice-worker set size:undefined disposed:false
66 silly fetch manifest @angular/ssr@^22.2.1
67 silly packumentCache full:https://registry.npmjs.org/@angular%2fssr cache-miss
68 http fetch GET 200 https://registry.npmjs.org/@angular%2fssr 55ms (cache miss)
69 silly packumentCache full:https://registry.npmjs.org/@angular%2fssr set size:undefined disposed:false
70 silly fetch manifest @angular/router@^22.0.1
71 silly packumentCache full:https://registry.npmjs.org/@angular%2frouter cache-miss
72 http fetch GET 200 https://registry.npmjs.org/@angular%2frouter 104ms (cache miss)
73 silly packumentCache full:https://registry.npmjs.org/@angular%2frouter set size:undefined disposed:false
74 silly fetch manifest istanbul-lib-instrument@^6.0.0
75 silly packumentCache full:https://registry.npmjs.org/istanbul-lib-instrument cache-miss
76 http cache https://registry.npmjs.org/istanbul-lib-instrument 3ms (cache hit)
77 silly packumentCache full:https://registry.npmjs.org/istanbul-lib-instrument set size:219175 disposed:false
78 silly fetch manifest karma@^6.4.0
79 silly packumentCache full:https://registry.npmjs.org/karma cache-miss
80 http fetch GET 200 https://registry.npmjs.org/karma 67ms (cache miss)
81 silly packumentCache full:https://registry.npmjs.org/karma set size:undefined disposed:false
82 silly fetch manifest less@^4.2.0
83 silly packumentCache full:https://registry.npmjs.org/less cache-miss
84 http fetch GET 200 https://registry.npmjs.org/less 38ms (cache miss)
85 silly packumentCache full:https://registry.npmjs.org/less set size:undefined disposed:false
86 silly fetch manifest ng-packagr@^22.0.0
87 silly packumentCache full:https://registry.npmjs.org/ng-packagr cache-miss
88 http fetch GET 200 https://registry.npmjs.org/ng-packagr 54ms (cache miss)
89 silly packumentCache full:https://registry.npmjs.org/ng-packagr set size:undefined disposed:false
90 silly fetch manifest tailwindcss@^2.0.0 || ^3.0.0 || ^4.0.0
91 silly packumentCache full:https://registry.npmjs.org/tailwindcss cache-miss
92 http fetch GET 200 https://registry.npmjs.org/tailwindcss 207ms (cache miss)
93 silly packumentCache full:https://registry.npmjs.org/tailwindcss set size:undefined disposed:false
94 silly fetch manifest tslib@^2.5.0
95 silly packumentCache full:https://registry.npmjs.org/tslib cache-miss
96 http cache https://registry.npmjs.org/tslib 11ms (cache hit)
97 silly packumentCache full:https://registry.npmjs.org/tslib set size:108843 disposed:false
98 silly fetch manifest postcss@^8.4.0
99 silly packumentCache full:https://registry.npmjs.org/postcss cache-miss
100 http fetch GET 200 https://registry.npmjs.org/postcss 42ms (cache miss)
101 silly packumentCache full:https://registry.npmjs.org/postcss set size:undefined disposed:false
102 silly fetch manifest rollup@^4.0.0
103 silly packumentCache full:https://registry.npmjs.org/rollup cache-miss
104 http fetch GET 200 https://registry.npmjs.org/rollup 124ms (cache miss)
105 silly packumentCache full:https://registry.npmjs.org/rollup set size:undefined disposed:false
106 silly fetch manifest vitest@^4.1.1
107 silly packumentCache full:https://registry.npmjs.org/vitest cache-miss
108 http fetch GET 200 https://registry.npmjs.org/vitest 67ms (cache miss)
109 silly packumentCache full:https://registry.npmjs.org/vitest set size:undefined disposed:false
110 silly fetch manifest @edge-runtime/vm@*
111 silly packumentCache full:https://registry.npmjs.org/@edge-runtime%2fvm cache-miss
112 http fetch GET 200 https://registry.npmjs.org/@edge-runtime%2fvm 44ms (cache miss)
113 silly packumentCache full:https://registry.npmjs.org/@edge-runtime%2fvm set size:undefined disposed:false
114 silly fetch manifest @opentelemetry/api@^1.9.0
115 silly packumentCache full:https://registry.npmjs.org/@opentelemetry%2fapi cache-miss
116 http cache https://registry.npmjs.org/@opentelemetry%2fapi 3ms (cache hit)
117 silly packumentCache full:https://registry.npmjs.org/@opentelemetry%2fapi set size:272967 disposed:false
118 silly fetch manifest @types/node@^20.17.19
119 silly packumentCache full:https://registry.npmjs.org/@types%2fnode cache-miss
120 http cache https://registry.npmjs.org/@types%2fnode 18ms (cache hit)
121 silly packumentCache full:https://registry.npmjs.org/@types%2fnode set size:11171832 disposed:false
122 silly fetch manifest @vitest/browser-playwright@4.1.11
123 silly packumentCache full:https://registry.npmjs.org/@vitest%2fbrowser-playwright cache-miss
124 http fetch GET 200 https://registry.npmjs.org/@vitest%2fbrowser-playwright 38ms (cache miss)
125 silly packumentCache full:https://registry.npmjs.org/@vitest%2fbrowser-playwright set size:undefined disposed:false
126 silly fetch manifest playwright@*
127 silly packumentCache full:https://registry.npmjs.org/playwright cache-miss
128 http fetch GET 200 https://registry.npmjs.org/playwright 329ms (cache miss)
129 silly packumentCache full:https://registry.npmjs.org/playwright set size:undefined disposed:false
130 silly fetch manifest @vitest/browser-preview@4.1.11
131 silly packumentCache full:https://registry.npmjs.org/@vitest%2fbrowser-preview cache-miss
132 http fetch GET 200 https://registry.npmjs.org/@vitest%2fbrowser-preview 39ms (cache miss)
133 silly packumentCache full:https://registry.npmjs.org/@vitest%2fbrowser-preview set size:undefined disposed:false
134 silly fetch manifest @vitest/browser-webdriverio@4.1.11
135 silly packumentCache full:https://registry.npmjs.org/@vitest%2fbrowser-webdriverio cache-miss
136 http fetch GET 200 https://registry.npmjs.org/@vitest%2fbrowser-webdriverio 38ms (cache miss)
137 silly packumentCache full:https://registry.npmjs.org/@vitest%2fbrowser-webdriverio set size:undefined disposed:false
138 silly fetch manifest webdriverio@*
139 silly packumentCache full:https://registry.npmjs.org/webdriverio cache-miss
140 http fetch GET 200 https://registry.npmjs.org/webdriverio 88ms (cache miss)
141 silly packumentCache full:https://registry.npmjs.org/webdriverio set size:undefined disposed:false
142 silly fetch manifest puppeteer-core@>=22.x <=24.x
143 silly packumentCache full:https://registry.npmjs.org/puppeteer-core cache-miss
144 http fetch GET 200 https://registry.npmjs.org/puppeteer-core 52ms (cache miss)
145 silly packumentCache full:https://registry.npmjs.org/puppeteer-core set size:undefined disposed:false
146 silly fetch manifest @vitest/coverage-istanbul@4.1.11
147 silly packumentCache full:https://registry.npmjs.org/@vitest%2fcoverage-istanbul cache-miss
148 http fetch GET 200 https://registry.npmjs.org/@vitest%2fcoverage-istanbul 46ms (cache miss)
149 silly packumentCache full:https://registry.npmjs.org/@vitest%2fcoverage-istanbul set size:undefined disposed:false
150 silly fetch manifest @vitest/coverage-v8@^4.1.2
151 silly packumentCache full:https://registry.npmjs.org/@vitest%2fcoverage-v8 cache-miss
152 http fetch GET 200 https://registry.npmjs.org/@vitest%2fcoverage-v8 44ms (cache miss)
153 silly packumentCache full:https://registry.npmjs.org/@vitest%2fcoverage-v8 set size:undefined disposed:false
154 silly fetch manifest @vitest/browser@4.1.11
155 silly packumentCache full:https://registry.npmjs.org/@vitest%2fbrowser cache-miss
156 http fetch GET 200 https://registry.npmjs.org/@vitest%2fbrowser 55ms (cache miss)
157 silly packumentCache full:https://registry.npmjs.org/@vitest%2fbrowser set size:undefined disposed:false
158 silly fetch manifest @vitest/ui@4.1.11
159 silly packumentCache full:https://registry.npmjs.org/@vitest%2fui cache-miss
160 http fetch GET 200 https://registry.npmjs.org/@vitest%2fui 65ms (cache miss)
161 silly packumentCache full:https://registry.npmjs.org/@vitest%2fui set size:undefined disposed:false
162 silly fetch manifest happy-dom@*
163 silly packumentCache full:https://registry.npmjs.org/happy-dom cache-miss
164 http fetch GET 200 https://registry.npmjs.org/happy-dom 79ms (cache miss)
165 silly packumentCache full:https://registry.npmjs.org/happy-dom set size:undefined disposed:false
166 silly fetch manifest jsdom@^29.0.1
167 silly packumentCache full:https://registry.npmjs.org/jsdom cache-miss
168 http fetch GET 200 https://registry.npmjs.org/jsdom 41ms (cache miss)
169 silly packumentCache full:https://registry.npmjs.org/jsdom set size:undefined disposed:false
170 silly fetch manifest canvas@^3.0.0
171 silly packumentCache full:https://registry.npmjs.org/canvas cache-miss
172 http fetch GET 200 https://registry.npmjs.org/canvas 33ms (cache miss)
173 silly packumentCache full:https://registry.npmjs.org/canvas set size:undefined disposed:false
174 silly fetch manifest @angular/cdk@^22.0.1
175 silly packumentCache full:https://registry.npmjs.org/@angular%2fcdk cache-miss
176 http fetch GET 200 https://registry.npmjs.org/@angular%2fcdk 95ms (cache miss)
177 silly packumentCache full:https://registry.npmjs.org/@angular%2fcdk set size:undefined disposed:false
178 silly fetch manifest @angular/forms@^22.0.1
179 silly packumentCache full:https://registry.npmjs.org/@angular%2fforms cache-miss
180 http fetch GET 200 https://registry.npmjs.org/@angular%2fforms 108ms (cache miss)
181 silly packumentCache full:https://registry.npmjs.org/@angular%2fforms set size:undefined disposed:false
182 silly fetch manifest @angular/cli@^22.0.1
183 silly packumentCache full:https://registry.npmjs.org/@angular%2fcli cache-miss
184 http fetch GET 200 https://registry.npmjs.org/@angular%2fcli 134ms (cache miss)
185 silly packumentCache full:https://registry.npmjs.org/@angular%2fcli set size:undefined disposed:false
186 silly fetch manifest @angular/material@^22.0.1
187 silly packumentCache full:https://registry.npmjs.org/@angular%2fmaterial cache-miss
188 http fetch GET 200 https://registry.npmjs.org/@angular%2fmaterial 218ms (cache miss)
189 silly packumentCache full:https://registry.npmjs.org/@angular%2fmaterial set size:undefined disposed:false
190 silly fetch manifest @codemirror/lang-javascript@^6.2.5
191 silly packumentCache full:https://registry.npmjs.org/@codemirror%2flang-javascript cache-miss
192 http fetch GET 200 https://registry.npmjs.org/@codemirror%2flang-javascript 39ms (cache miss)
193 silly packumentCache full:https://registry.npmjs.org/@codemirror%2flang-javascript set size:undefined disposed:false
194 silly fetch manifest @codemirror/lang-json@^6.0.2
195 silly packumentCache full:https://registry.npmjs.org/@codemirror%2flang-json cache-miss
196 http fetch GET 200 https://registry.npmjs.org/@codemirror%2flang-json 37ms (cache miss)
197 silly packumentCache full:https://registry.npmjs.org/@codemirror%2flang-json set size:undefined disposed:false
198 silly fetch manifest @codemirror/lang-yaml@^6.1.2
199 silly packumentCache full:https://registry.npmjs.org/@codemirror%2flang-yaml cache-miss
200 http fetch GET 200 https://registry.npmjs.org/@codemirror%2flang-yaml 42ms (cache miss)
201 silly packumentCache full:https://registry.npmjs.org/@codemirror%2flang-yaml set size:undefined disposed:false
202 silly fetch manifest @codemirror/merge@^6.12.0
203 silly packumentCache full:https://registry.npmjs.org/@codemirror%2fmerge cache-miss
204 http fetch GET 200 https://registry.npmjs.org/@codemirror%2fmerge 41ms (cache miss)
205 silly packumentCache full:https://registry.npmjs.org/@codemirror%2fmerge set size:undefined disposed:false
206 silly fetch manifest @cyclonedx/cyclonedx-esbuild@^1.0.0
207 silly packumentCache full:https://registry.npmjs.org/@cyclonedx%2fcyclonedx-esbuild cache-miss
208 http fetch GET 200 https://registry.npmjs.org/@cyclonedx%2fcyclonedx-esbuild 193ms (cache miss)
209 silly packumentCache full:https://registry.npmjs.org/@cyclonedx%2fcyclonedx-esbuild set size:undefined disposed:false
210 silly fetch manifest esbuild@>=0.11.15
211 silly packumentCache full:https://registry.npmjs.org/esbuild cache-miss
212 http cache https://registry.npmjs.org/esbuild 12ms (cache hit)
213 silly packumentCache full:https://registry.npmjs.org/esbuild set size:1264676 disposed:false
214 silly fetch manifest @fortawesome/fontawesome-svg-core@~1.2.30
215 silly packumentCache full:https://registry.npmjs.org/@fortawesome%2ffontawesome-svg-core cache-miss
216 http fetch GET 200 https://registry.npmjs.org/@fortawesome%2ffontawesome-svg-core 44ms (cache miss)
217 silly packumentCache full:https://registry.npmjs.org/@fortawesome%2ffontawesome-svg-core set size:undefined disposed:false
218 silly fetch manifest @fortawesome/free-brands-svg-icons@^5.14.0
219 silly packumentCache full:https://registry.npmjs.org/@fortawesome%2ffree-brands-svg-icons cache-miss
220 http fetch GET 200 https://registry.npmjs.org/@fortawesome%2ffree-brands-svg-icons 97ms (cache miss)
221 silly packumentCache full:https://registry.npmjs.org/@fortawesome%2ffree-brands-svg-icons set size:undefined disposed:false
222 silly fetch manifest @fortawesome/free-regular-svg-icons@^5.14.0
223 silly packumentCache full:https://registry.npmjs.org/@fortawesome%2ffree-regular-svg-icons cache-miss
224 http fetch GET 200 https://registry.npmjs.org/@fortawesome%2ffree-regular-svg-icons 41ms (cache miss)
225 silly packumentCache full:https://registry.npmjs.org/@fortawesome%2ffree-regular-svg-icons set size:undefined disposed:false
226 silly fetch manifest @fortawesome/free-solid-svg-icons@^5.14.0
227 silly packumentCache full:https://registry.npmjs.org/@fortawesome%2ffree-solid-svg-icons cache-miss
228 http fetch GET 200 https://registry.npmjs.org/@fortawesome%2ffree-solid-svg-icons 42ms (cache miss)
229 silly packumentCache full:https://registry.npmjs.org/@fortawesome%2ffree-solid-svg-icons set size:undefined disposed:false
230 silly fetch manifest @ngx-translate/core@^17.0.0
231 silly packumentCache full:https://registry.npmjs.org/@ngx-translate%2fcore cache-miss
232 http fetch GET 200 https://registry.npmjs.org/@ngx-translate%2fcore 146ms (cache miss)
233 silly packumentCache full:https://registry.npmjs.org/@ngx-translate%2fcore set size:undefined disposed:false
234 silly fetch manifest @ngx-translate/http-loader@^17.0.0
235 silly packumentCache full:https://registry.npmjs.org/@ngx-translate%2fhttp-loader cache-miss
236 http fetch GET 200 https://registry.npmjs.org/@ngx-translate%2fhttp-loader 179ms (cache miss)
237 silly packumentCache full:https://registry.npmjs.org/@ngx-translate%2fhttp-loader set size:undefined disposed:false
238 silly fetch manifest @wagmi/core@^0.5.8
239 silly packumentCache full:https://registry.npmjs.org/@wagmi%2fcore cache-miss
240 http fetch GET 200 https://registry.npmjs.org/@wagmi%2fcore 176ms (cache miss)
241 silly packumentCache full:https://registry.npmjs.org/@wagmi%2fcore set size:undefined disposed:false
242 silly fetch manifest @coinbase/wallet-sdk@>=3.3.0
243 silly packumentCache full:https://registry.npmjs.org/@coinbase%2fwallet-sdk cache-miss
244 http fetch GET 200 https://registry.npmjs.org/@coinbase%2fwallet-sdk 47ms (cache miss)
245 silly packumentCache full:https://registry.npmjs.org/@coinbase%2fwallet-sdk set size:undefined disposed:false
246 silly fetch manifest @walletconnect/ethereum-provider@>=1.7.5
247 silly packumentCache full:https://registry.npmjs.org/@walletconnect%2fethereum-provider cache-miss
248 http fetch GET 200 https://registry.npmjs.org/@walletconnect%2fethereum-provider 202ms (cache miss)
249 silly packumentCache full:https://registry.npmjs.org/@walletconnect%2fethereum-provider set size:undefined disposed:false
250 silly fetch manifest ethers@^5.7.2
251 silly packumentCache full:https://registry.npmjs.org/ethers cache-miss
252 http cache https://registry.npmjs.org/ethers 63ms (cache hit)
253 silly packumentCache full:https://registry.npmjs.org/ethers set size:1385088 disposed:false
254 silly fetch manifest angularx-qrcode@^21.0.5
255 silly packumentCache full:https://registry.npmjs.org/angularx-qrcode cache-miss
256 http fetch GET 200 https://registry.npmjs.org/angularx-qrcode 39ms (cache miss)
257 silly packumentCache full:https://registry.npmjs.org/angularx-qrcode set size:undefined disposed:false
258 silly fetch manifest canvas-confetti@^1.9.3
259 silly packumentCache full:https://registry.npmjs.org/canvas-confetti cache-miss
260 http fetch GET 200 https://registry.npmjs.org/canvas-confetti 28ms (cache miss)
261 silly packumentCache full:https://registry.npmjs.org/canvas-confetti set size:undefined disposed:false
262 silly fetch manifest codemirror@^6.0.2
263 silly packumentCache full:https://registry.npmjs.org/codemirror cache-miss
264 http fetch GET 200 https://registry.npmjs.org/codemirror 73ms (cache miss)
265 silly packumentCache full:https://registry.npmjs.org/codemirror set size:undefined disposed:false
266 silly fetch manifest cookieconsent@^3.1.1
267 silly packumentCache full:https://registry.npmjs.org/cookieconsent cache-miss
268 http cache https://registry.npmjs.org/cookieconsent 12ms (cache hit)
269 silly packumentCache full:https://registry.npmjs.org/cookieconsent set size:17047 disposed:false
270 silly fetch manifest flag-icons@^6.9.2
271 silly packumentCache full:https://registry.npmjs.org/flag-icons cache-miss
272 http fetch GET 200 https://registry.npmjs.org/flag-icons 29ms (cache miss)
273 silly packumentCache full:https://registry.npmjs.org/flag-icons set size:undefined disposed:false
274 silly fetch manifest font-mfizz@^2.4.1
275 silly packumentCache full:https://registry.npmjs.org/font-mfizz cache-miss
276 http fetch GET 200 https://registry.npmjs.org/font-mfizz 78ms (cache miss)
277 silly packumentCache full:https://registry.npmjs.org/font-mfizz set size:undefined disposed:false
278 silly fetch manifest jwt-decode@^4.0.0
279 silly packumentCache full:https://registry.npmjs.org/jwt-decode cache-miss
280 http fetch GET 200 https://registry.npmjs.org/jwt-decode 26ms (cache miss)
281 silly packumentCache full:https://registry.npmjs.org/jwt-decode set size:undefined disposed:false
282 silly fetch manifest lodash-es@^4.17.21
283 silly packumentCache full:https://registry.npmjs.org/lodash-es cache-miss
284 http fetch GET 200 https://registry.npmjs.org/lodash-es 27ms (cache miss)
285 silly packumentCache full:https://registry.npmjs.org/lodash-es set size:undefined disposed:false
286 silly fetch manifest material-icons@^1.13.14
287 silly packumentCache full:https://registry.npmjs.org/material-icons cache-miss
288 http cache https://registry.npmjs.org/material-icons 11ms (cache hit)
289 silly packumentCache full:https://registry.npmjs.org/material-icons set size:262214 disposed:false
290 silly fetch manifest ng-gallery@^12.0.0
291 silly packumentCache full:https://registry.npmjs.org/ng-gallery cache-miss
292 http fetch GET 200 https://registry.npmjs.org/ng-gallery 76ms (cache miss)
293 silly packumentCache full:https://registry.npmjs.org/ng-gallery set size:undefined disposed:false
294 silly fetch manifest ng2-file-upload@^10.0.0
295 silly packumentCache full:https://registry.npmjs.org/ng2-file-upload cache-miss
296 http fetch GET 200 https://registry.npmjs.org/ng2-file-upload 85ms (cache miss)
297 silly packumentCache full:https://registry.npmjs.org/ng2-file-upload set size:undefined disposed:false
298 silly fetch manifest ngx-window-token@^7.0.0
299 silly packumentCache full:https://registry.npmjs.org/ngx-window-token cache-miss
300 http fetch GET 200 https://registry.npmjs.org/ngx-window-token 79ms (cache miss)
301 silly packumentCache full:https://registry.npmjs.org/ngx-window-token set size:undefined disposed:false
302 silly fetch manifest ngy-cookie@^6.0.0
303 silly packumentCache full:https://registry.npmjs.org/ngy-cookie cache-miss
304 http fetch GET 200 https://registry.npmjs.org/ngy-cookie 83ms (cache miss)
305 silly packumentCache full:https://registry.npmjs.org/ngy-cookie set size:undefined disposed:false
306 silly fetch manifest sass@^1.86.3
307 silly packumentCache full:https://registry.npmjs.org/sass cache-miss
308 http fetch GET 200 https://registry.npmjs.org/sass 42ms (cache miss)
309 silly packumentCache full:https://registry.npmjs.org/sass set size:undefined disposed:false
310 silly fetch manifest snarkdown@^1.2.2
311 silly packumentCache full:https://registry.npmjs.org/snarkdown cache-miss
312 http fetch GET 200 https://registry.npmjs.org/snarkdown 79ms (cache miss)
313 silly packumentCache full:https://registry.npmjs.org/snarkdown set size:undefined disposed:false
314 silly fetch manifest socket.io-client@^3.1.0
315 silly packumentCache full:https://registry.npmjs.org/socket.io-client cache-miss
316 http cache https://registry.npmjs.org/socket.io-client 45ms (cache hit)
317 silly packumentCache full:https://registry.npmjs.org/socket.io-client set size:414043 disposed:false
318 silly fetch manifest solidity-browser-compiler@^1.1.0
319 silly packumentCache full:https://registry.npmjs.org/solidity-browser-compiler cache-miss
320 http fetch GET 200 https://registry.npmjs.org/solidity-browser-compiler 82ms (cache miss)
321 silly packumentCache full:https://registry.npmjs.org/solidity-browser-compiler set size:undefined disposed:false
322 silly fetch manifest @angular/language-service@^22.0.1
323 silly packumentCache full:https://registry.npmjs.org/@angular%2flanguage-service cache-miss
324 http fetch GET 200 https://registry.npmjs.org/@angular%2flanguage-service 100ms (cache miss)
325 silly packumentCache full:https://registry.npmjs.org/@angular%2flanguage-service set size:undefined disposed:false
326 silly fetch manifest @eslint/js@9.33.0
327 silly packumentCache full:https://registry.npmjs.org/@eslint%2fjs cache-miss
328 http cache https://registry.npmjs.org/@eslint%2fjs 15ms (cache hit)
329 silly packumentCache full:https://registry.npmjs.org/@eslint%2fjs set size:141633 disposed:false
330 silly fetch manifest @types/express-serve-static-core@^4.17.9
331 silly packumentCache full:https://registry.npmjs.org/@types%2fexpress-serve-static-core cache-miss
332 http cache https://registry.npmjs.org/@types%2fexpress-serve-static-core 116ms (cache hit)
333 silly packumentCache full:https://registry.npmjs.org/@types%2fexpress-serve-static-core set size:271787 disposed:false
334 silly fetch manifest @types/jwt-decode@^2.2.1
335 silly packumentCache full:https://registry.npmjs.org/@types%2fjwt-decode cache-miss
336 http fetch GET 200 https://registry.npmjs.org/@types%2fjwt-decode 32ms (cache miss)
337 silly packumentCache full:https://registry.npmjs.org/@types%2fjwt-decode set size:undefined disposed:false
338 silly fetch manifest @types/socket.io-client@^1.4.33
339 silly packumentCache full:https://registry.npmjs.org/@types%2fsocket.io-client cache-miss
340 http fetch GET 200 https://registry.npmjs.org/@types%2fsocket.io-client 185ms (cache miss)
341 silly packumentCache full:https://registry.npmjs.org/@types%2fsocket.io-client set size:undefined disposed:false
342 silly fetch manifest angular-eslint@^22.0.0
343 silly packumentCache full:https://registry.npmjs.org/angular-eslint cache-miss
344 http fetch GET 200 https://registry.npmjs.org/angular-eslint 58ms (cache miss)
345 silly packumentCache full:https://registry.npmjs.org/angular-eslint set size:undefined disposed:false
346 silly fetch manifest eslint@^9.33.0
347 silly packumentCache full:https://registry.npmjs.org/eslint cache-miss
348 http cache https://registry.npmjs.org/eslint 37ms (cache hit)
349 silly packumentCache full:https://registry.npmjs.org/eslint set size:2092267 disposed:false
350 silly fetch manifest jiti@*
351 silly packumentCache full:https://registry.npmjs.org/jiti cache-miss
352 http cache https://registry.npmjs.org/jiti 108ms (cache hit)
353 silly packumentCache full:https://registry.npmjs.org/jiti set size:387989 disposed:false
354 silly fetch manifest typescript-eslint@^8.42.0
355 silly packumentCache full:https://registry.npmjs.org/typescript-eslint cache-miss
356 http cache https://registry.npmjs.org/typescript-eslint 24ms (cache hit)
357 silly packumentCache full:https://registry.npmjs.org/typescript-eslint set size:4823850 disposed:false
358 silly fetch manifest esbuild-visualizer@^0.7.0
359 silly packumentCache full:https://registry.npmjs.org/esbuild-visualizer cache-miss
360 http fetch GET 200 https://registry.npmjs.org/esbuild-visualizer 80ms (cache miss)
361 silly packumentCache full:https://registry.npmjs.org/esbuild-visualizer set size:undefined disposed:false
362 silly fetch manifest stylelint@^16.10.0
363 silly packumentCache full:https://registry.npmjs.org/stylelint cache-miss
364 http fetch GET 200 https://registry.npmjs.org/stylelint 49ms (cache miss)
365 silly packumentCache full:https://registry.npmjs.org/stylelint set size:undefined disposed:false
366 silly fetch manifest stylelint-config-sass-guidelines@^12.1.0
367 silly packumentCache full:https://registry.npmjs.org/stylelint-config-sass-guidelines cache-miss
368 http fetch GET 200 https://registry.npmjs.org/stylelint-config-sass-guidelines 78ms (cache miss)
369 silly packumentCache full:https://registry.npmjs.org/stylelint-config-sass-guidelines set size:undefined disposed:false
370 silly fetch manifest postcss@^8.4.21
371 silly packumentCache full:https://registry.npmjs.org/postcss cache-miss
372 http cache https://registry.npmjs.org/postcss 99ms (cache hit)
373 silly packumentCache full:https://registry.npmjs.org/postcss set size:766699 disposed:false
374 silly fetch manifest stylelint-scss@^6.0.0
375 silly packumentCache full:https://registry.npmjs.org/stylelint-scss cache-miss
376 http fetch GET 200 https://registry.npmjs.org/stylelint-scss 32ms (cache miss)
377 silly packumentCache full:https://registry.npmjs.org/stylelint-scss set size:undefined disposed:false
378 silly placeDep ROOT @angular/animations@22.2.1 OK for: frontend@20.2.0 want: ^22.0.1
379 silly placeDep ROOT @angular/core@22.2.1 OK for: @angular/animations@22.2.1 want: 22.2.1
380 silly placeDep ROOT rxjs@7.8.2 OK for: @angular/core@22.2.1 want: ^6.5.3 || ^7.4.0
381 silly placeDep ROOT @angular/build@22.2.1 OK for: frontend@20.2.0 want: ^22.0.1
382 silly placeDep ROOT tslib@2.8.1 OK for: @angular/build@22.2.1 want: ^2.3.0
383 silly placeDep ROOT typescript@6.0.3 OK for: @angular/build@22.2.1 want: >=6.0 <6.1
384 silly placeDep ROOT @angular/compiler@22.2.1 OK for: @angular/build@22.2.1 want: ^22.0.0
385 silly placeDep ROOT @angular/compiler-cli@22.2.1 OK for: @angular/build@22.2.1 want: ^22.0.0
386 silly placeDep ROOT @angular/cdk@22.2.1 OK for: frontend@20.2.0 want: ^22.0.1
387 silly placeDep ROOT @angular/forms@22.2.1 OK for: @angular/cdk@22.2.1 want: ^22.0.0 || ^23.0.0
388 silly placeDep ROOT @angular/common@22.2.1 OK for: @angular/forms@22.2.1 want: 22.2.1
389 silly placeDep ROOT @angular/platform-browser@22.2.1 OK for: @angular/forms@22.2.1 want: 22.2.1
390 silly placeDep ROOT @angular/cli@22.2.1 OK for: frontend@20.2.0 want: ^22.0.1
391 silly placeDep ROOT @angular/language-service@22.2.1 OK for: frontend@20.2.0 want: ^22.0.1
392 silly placeDep ROOT @angular/material@22.2.1 OK for: frontend@20.2.0 want: ^22.0.1
393 silly placeDep ROOT @angular/router@22.2.1 OK for: frontend@20.2.0 want: ^22.0.1
394 silly placeDep ROOT @codemirror/lang-javascript@6.2.5 OK for: frontend@20.2.0 want: ^6.2.5
395 silly placeDep ROOT @codemirror/lang-json@6.0.2 OK for: frontend@20.2.0 want: ^6.0.2
396 silly placeDep ROOT @codemirror/lang-yaml@6.1.3 OK for: frontend@20.2.0 want: ^6.1.2
397 silly placeDep ROOT @codemirror/merge@6.12.2 OK for: frontend@20.2.0 want: ^6.12.0
398 silly placeDep ROOT @cyclonedx/cyclonedx-esbuild@1.4.4 OK for: frontend@20.2.0 want: ^1.0.0
399 silly placeDep ROOT @eslint/js@9.33.0 OK for: frontend@20.2.0 want: 9.33.0
400 silly placeDep ROOT @fortawesome/fontawesome-svg-core@1.2.36 OK for: frontend@20.2.0 want: ~1.2.30
401 silly placeDep ROOT @fortawesome/free-brands-svg-icons@5.15.4 OK for: frontend@20.2.0 want: ^5.14.0
402 silly placeDep ROOT @fortawesome/free-regular-svg-icons@5.15.4 OK for: frontend@20.2.0 want: ^5.14.0
403 silly placeDep ROOT @fortawesome/free-solid-svg-icons@5.15.4 OK for: frontend@20.2.0 want: ^5.14.0
404 silly placeDep ROOT @ngx-translate/core@17.0.0 OK for: frontend@20.2.0 want: ^17.0.0
405 silly placeDep ROOT @ngx-translate/http-loader@17.0.0 OK for: frontend@20.2.0 want: ^17.0.0
406 silly placeDep ROOT @types/express-serve-static-core@4.19.9 OK for: frontend@20.2.0 want: ^4.17.9
407 silly placeDep ROOT @types/jwt-decode@2.2.1 OK for: frontend@20.2.0 want: ^2.2.1
408 silly placeDep ROOT @types/node@20.19.43 OK for: frontend@20.2.0 want: ^20.17.19
409 silly placeDep ROOT @types/socket.io-client@1.4.36 OK for: frontend@20.2.0 want: ^1.4.33
410 silly placeDep ROOT @vitest/coverage-v8@4.1.11 OK for: frontend@20.2.0 want: ^4.1.2
411 silly placeDep ROOT vitest@4.1.11 OK for: @vitest/coverage-v8@4.1.11 want: 4.1.11
412 silly placeDep ROOT @wagmi/core@0.5.8 OK for: frontend@20.2.0 want: ^0.5.8
413 silly placeDep ROOT ethers@5.8.0 OK for: @wagmi/core@0.5.8 want: >=5.5.1
414 silly placeDep ROOT angular-eslint@22.5.0 OK for: frontend@20.2.0 want: ^22.0.0
415 silly placeDep ROOT eslint@9.39.5 OK for: angular-eslint@22.5.0 want: ^9.0.0 || ^10.0.0
416 silly placeDep ROOT typescript-eslint@8.71.0 OK for: angular-eslint@22.5.0 want: ^8.0.0
417 silly placeDep ROOT angularx-qrcode@21.0.5 OK for: frontend@20.2.0 want: ^21.0.5
418 silly placeDep ROOT canvas-confetti@1.9.4 OK for: frontend@20.2.0 want: ^1.9.3
419 silly placeDep ROOT codemirror@6.0.2 OK for: frontend@20.2.0 want: ^6.0.2
420 silly placeDep ROOT cookieconsent@3.1.1 OK for: frontend@20.2.0 want: ^3.1.1
421 silly placeDep ROOT esbuild-visualizer@0.7.0 OK for: frontend@20.2.0 want: ^0.7.0
422 silly placeDep ROOT flag-icons@6.15.0 OK for: frontend@20.2.0 want: ^6.9.2
423 silly placeDep ROOT font-mfizz@2.4.1 OK for: frontend@20.2.0 want: ^2.4.1
424 silly placeDep ROOT jsdom@29.1.1 OK for: frontend@20.2.0 want: ^29.0.1
425 silly placeDep ROOT jwt-decode@4.0.0 OK for: frontend@20.2.0 want: ^4.0.0
426 silly placeDep ROOT lodash-es@4.18.1 OK for: frontend@20.2.0 want: ^4.17.21
427 silly placeDep ROOT material-icons@1.13.14 OK for: frontend@20.2.0 want: ^1.13.14
428 silly placeDep ROOT ng-gallery@12.0.0 OK for: frontend@20.2.0 want: ^12.0.0
429 silly placeDep ROOT ng2-file-upload@10.0.0 OK for: frontend@20.2.0 want: ^10.0.0
430 silly placeDep ROOT ngx-window-token@7.0.0 OK for: frontend@20.2.0 want: ^7.0.0
431 silly placeDep ROOT ngy-cookie@6.0.1000 OK for: frontend@20.2.0 want: ^6.0.0
432 silly placeDep ROOT sass@1.105.1 OK for: frontend@20.2.0 want: ^1.86.3
433 silly placeDep ROOT snarkdown@1.2.2 OK for: frontend@20.2.0 want: ^1.2.2
434 silly placeDep ROOT socket.io-client@3.1.3 OK for: frontend@20.2.0 want: ^3.1.0
435 silly placeDep ROOT solidity-browser-compiler@1.1.0 OK for: frontend@20.2.0 want: ^1.1.0
436 silly placeDep ROOT stylelint@16.26.1 OK for: frontend@20.2.0 want: ^16.10.0
437 silly placeDep ROOT stylelint-config-sass-guidelines@12.1.0 OK for: frontend@20.2.0 want: ^12.1.0
438 silly placeDep ROOT postcss@8.5.28 OK for: stylelint-config-sass-guidelines@12.1.0 want: ^8.4.21
439 silly placeDep ROOT stylelint-scss@6.14.0 OK for: frontend@20.2.0 want: ^6.0.0
440 silly placeDep ROOT zone.js@0.15.1 OK for: frontend@20.2.0 want: ~0.15.0
441 silly fetch manifest tslib@^2.3.0
442 silly packumentCache full:https://registry.npmjs.org/tslib cache-hit
443 silly fetch manifest tslib@^2.3.0
444 silly packumentCache full:https://registry.npmjs.org/tslib cache-hit
445 silly fetch manifest tslib@^2.1.0
446 silly packumentCache full:https://registry.npmjs.org/tslib cache-hit
447 silly fetch manifest sass@1.104.1
448 silly packumentCache full:https://registry.npmjs.org/sass cache-miss
449 silly fetch manifest vite@8.3.0
450 silly packumentCache full:https://registry.npmjs.org/vite cache-miss
451 silly fetch manifest listr2@11.1.0
452 silly packumentCache full:https://registry.npmjs.org/listr2 cache-miss
453 http cache https://registry.npmjs.org/sass 32ms (cache hit)
454 silly packumentCache full:https://registry.npmjs.org/sass set size:756819 disposed:false
455 silly fetch manifest mrmime@2.0.1
456 silly packumentCache full:https://registry.npmjs.org/mrmime cache-miss
457 http cache https://registry.npmjs.org/listr2 36ms (cache hit)
458 silly packumentCache full:https://registry.npmjs.org/listr2 set size:1092055 disposed:false
459 silly fetch manifest semver@7.8.5
460 silly packumentCache full:https://registry.npmjs.org/semver cache-miss
461 http cache https://registry.npmjs.org/semver 59ms (cache hit)
462 silly packumentCache full:https://registry.npmjs.org/semver set size:246128 disposed:false
463 silly fetch manifest esbuild@0.28.2
464 silly packumentCache full:https://registry.npmjs.org/esbuild cache-miss
465 http fetch GET 200 https://registry.npmjs.org/mrmime 71ms (cache miss)
466 silly packumentCache full:https://registry.npmjs.org/mrmime set size:undefined disposed:false
467 silly fetch manifest piscina@5.3.2
468 silly packumentCache full:https://registry.npmjs.org/piscina cache-miss
469 http cache https://registry.npmjs.org/esbuild 6ms (cache hit)
470 silly packumentCache full:https://registry.npmjs.org/esbuild set size:1264676 disposed:false
471 silly fetch manifest beasties@0.5.4
472 silly packumentCache full:https://registry.npmjs.org/beasties cache-miss
473 http fetch GET 200 https://registry.npmjs.org/piscina 42ms (cache miss)
474 silly packumentCache full:https://registry.npmjs.org/piscina set size:undefined disposed:false
475 silly fetch manifest chokidar@5.0.0
476 silly packumentCache full:https://registry.npmjs.org/chokidar cache-miss
477 http fetch GET 200 https://registry.npmjs.org/chokidar 59ms (cache miss)
478 silly packumentCache full:https://registry.npmjs.org/chokidar set size:undefined disposed:false
479 silly fetch manifest rolldown@1.2.8
480 silly packumentCache full:https://registry.npmjs.org/rolldown cache-miss
481 http fetch GET 200 https://registry.npmjs.org/beasties 111ms (cache miss)
482 silly packumentCache full:https://registry.npmjs.org/beasties set size:undefined disposed:false
483 silly fetch manifest picomatch@4.0.7
484 silly packumentCache full:https://registry.npmjs.org/picomatch cache-miss
485 http cache https://registry.npmjs.org/picomatch 2ms (cache hit)
486 silly packumentCache full:https://registry.npmjs.org/picomatch set size:134451 disposed:false
487 silly fetch manifest oxc-parser@0.150.0
488 silly packumentCache full:https://registry.npmjs.org/oxc-parser cache-miss
489 http fetch GET 200 https://registry.npmjs.org/oxc-parser 51ms (cache miss)
490 silly packumentCache full:https://registry.npmjs.org/oxc-parser set size:undefined disposed:false
491 silly fetch manifest tinyglobby@0.2.17
492 silly packumentCache full:https://registry.npmjs.org/tinyglobby cache-miss
493 http cache https://registry.npmjs.org/tinyglobby 3ms (cache hit)
494 silly packumentCache full:https://registry.npmjs.org/tinyglobby set size:54291 disposed:false
495 silly fetch manifest @babel/core@8.0.5
496 silly packumentCache full:https://registry.npmjs.org/@babel%2fcore cache-miss
497 http cache https://registry.npmjs.org/@babel%2fcore 3ms (cache hit)
498 silly packumentCache full:https://registry.npmjs.org/@babel%2fcore set size:797193 disposed:false
499 silly fetch manifest xxhash-wasm@1.1.0
500 silly packumentCache full:https://registry.npmjs.org/xxhash-wasm cache-miss
501 http fetch GET 200 https://registry.npmjs.org/xxhash-wasm 33ms (cache miss)
502 silly packumentCache full:https://registry.npmjs.org/xxhash-wasm set size:undefined disposed:false
503 silly fetch manifest browserslist@^4.26.0
504 silly packumentCache full:https://registry.npmjs.org/browserslist cache-miss
505 http cache https://registry.npmjs.org/browserslist 4ms (cache hit)
506 silly packumentCache full:https://registry.npmjs.org/browserslist set size:530436 disposed:false
507 silly fetch manifest jsonc-parser@3.3.1
508 silly packumentCache full:https://registry.npmjs.org/jsonc-parser cache-miss
509 http fetch GET 200 https://registry.npmjs.org/rolldown 138ms (cache miss)
510 silly packumentCache full:https://registry.npmjs.org/rolldown set size:undefined disposed:false
511 silly fetch manifest magic-string@1.4.1
512 silly packumentCache full:https://registry.npmjs.org/magic-string cache-miss
513 http fetch GET 200 https://registry.npmjs.org/jsonc-parser 35ms (cache miss)
514 silly packumentCache full:https://registry.npmjs.org/jsonc-parser set size:undefined disposed:false
515 silly fetch manifest sass-embedded@1.104.1
516 silly packumentCache full:https://registry.npmjs.org/sass-embedded cache-miss
517 http fetch GET 200 https://registry.npmjs.org/magic-string 44ms (cache miss)
518 silly packumentCache full:https://registry.npmjs.org/magic-string set size:undefined disposed:false
519 silly fetch manifest @parcel/watcher@2.6.0
520 silly packumentCache full:https://registry.npmjs.org/@parcel%2fwatcher cache-miss
521 http fetch GET 200 https://registry.npmjs.org/sass-embedded 44ms (cache miss)
522 silly packumentCache full:https://registry.npmjs.org/sass-embedded set size:undefined disposed:false
523 silly fetch manifest @inquirer/confirm@6.3.2
524 silly packumentCache full:https://registry.npmjs.org/@inquirer%2fconfirm cache-miss
525 http fetch GET 200 https://registry.npmjs.org/@parcel%2fwatcher 58ms (cache miss)
526 silly packumentCache full:https://registry.npmjs.org/@parcel%2fwatcher set size:undefined disposed:false
527 silly fetch manifest https-proxy-agent@9.1.0
528 silly packumentCache full:https://registry.npmjs.org/https-proxy-agent cache-miss
529 http cache https://registry.npmjs.org/https-proxy-agent 3ms (cache hit)
530 silly packumentCache full:https://registry.npmjs.org/https-proxy-agent set size:83792 disposed:false
531 silly fetch manifest source-map-support@0.5.21
532 silly packumentCache full:https://registry.npmjs.org/source-map-support cache-miss
533 http fetch GET 200 https://registry.npmjs.org/@inquirer%2fconfirm 54ms (cache miss)
534 silly packumentCache full:https://registry.npmjs.org/@inquirer%2fconfirm set size:undefined disposed:false
535 silly fetch manifest @ampproject/remapping@2.3.0
536 silly packumentCache full:https://registry.npmjs.org/@ampproject%2fremapping cache-miss
537 http fetch GET 200 https://registry.npmjs.org/source-map-support 35ms (cache miss)
538 silly packumentCache full:https://registry.npmjs.org/source-map-support set size:undefined disposed:false
539 silly fetch manifest @vitejs/plugin-basic-ssl@2.3.0
540 silly packumentCache full:https://registry.npmjs.org/@vitejs%2fplugin-basic-ssl cache-miss
541 http fetch GET 200 https://registry.npmjs.org/@ampproject%2fremapping 51ms (cache miss)
542 silly packumentCache full:https://registry.npmjs.org/@ampproject%2fremapping set size:undefined disposed:false
543 silly fetch manifest @angular-devkit/architect@0.2202.1
544 silly packumentCache full:https://registry.npmjs.org/@angular-devkit%2farchitect cache-miss
545 http fetch GET 200 https://registry.npmjs.org/@vitejs%2fplugin-basic-ssl 54ms (cache miss)
546 silly packumentCache full:https://registry.npmjs.org/@vitejs%2fplugin-basic-ssl set size:undefined disposed:false
547 silly fetch manifest parse5-html-rewriting-stream@8.0.1
548 silly packumentCache full:https://registry.npmjs.org/parse5-html-rewriting-stream cache-miss
549 http fetch GET 200 https://registry.npmjs.org/parse5-html-rewriting-stream 58ms (cache miss)
550 silly packumentCache full:https://registry.npmjs.org/parse5-html-rewriting-stream set size:undefined disposed:false
551 silly fetch manifest lmdb@3.5.6
552 silly packumentCache full:https://registry.npmjs.org/lmdb cache-miss
553 http fetch GET 200 https://registry.npmjs.org/@angular-devkit%2farchitect 112ms (cache miss)
554 silly packumentCache full:https://registry.npmjs.org/@angular-devkit%2farchitect set size:undefined disposed:false
555 silly fetch manifest yargs@^18.0.0
556 silly packumentCache full:https://registry.npmjs.org/yargs cache-miss
557 http cache https://registry.npmjs.org/yargs 3ms (cache hit)
558 silly packumentCache full:https://registry.npmjs.org/yargs set size:763370 disposed:false
559 silly fetch manifest semver@^7.0.0
560 silly packumentCache full:https://registry.npmjs.org/semver cache-hit
561 silly fetch manifest chokidar@^5.0.0
562 silly packumentCache full:https://registry.npmjs.org/chokidar cache-miss
563 http cache https://registry.npmjs.org/chokidar 2ms (cache hit)
564 silly packumentCache full:https://registry.npmjs.org/chokidar set size:255902 disposed:false
565 silly fetch manifest @babel/core@8.0.1
566 silly packumentCache full:https://registry.npmjs.org/@babel%2fcore cache-hit
567 silly fetch manifest reflect-metadata@^0.2.0
568 silly packumentCache full:https://registry.npmjs.org/reflect-metadata cache-miss
569 http fetch GET 200 https://registry.npmjs.org/lmdb 61ms (cache miss)
570 silly packumentCache full:https://registry.npmjs.org/lmdb set size:undefined disposed:false
571 silly fetch manifest convert-source-map@^1.5.1
572 silly packumentCache full:https://registry.npmjs.org/convert-source-map cache-miss
573 http cache https://registry.npmjs.org/convert-source-map 5ms (cache hit)
574 silly packumentCache full:https://registry.npmjs.org/convert-source-map set size:66997 disposed:false
575 silly fetch manifest @jridgewell/sourcemap-codec@^1.4.14
576 silly packumentCache full:https://registry.npmjs.org/@jridgewell%2fsourcemap-codec cache-miss
577 http fetch GET 200 https://registry.npmjs.org/reflect-metadata 34ms (cache miss)
578 silly packumentCache full:https://registry.npmjs.org/reflect-metadata set size:undefined disposed:false
579 silly fetch manifest parse5@^8.0.0
580 silly packumentCache full:https://registry.npmjs.org/parse5 cache-miss
581 http cache https://registry.npmjs.org/@jridgewell%2fsourcemap-codec 4ms (cache hit)
582 silly packumentCache full:https://registry.npmjs.org/@jridgewell%2fsourcemap-codec set size:65255 disposed:false
583 silly fetch manifest zod@^4.0.10
584 silly packumentCache full:https://registry.npmjs.org/zod cache-miss
585 http cache https://registry.npmjs.org/zod 9ms (cache hit)
586 silly packumentCache full:https://registry.npmjs.org/zod set size:4166672 disposed:false
587 silly fetch manifest @standard-schema/spec@^1.0.0
588 silly packumentCache full:https://registry.npmjs.org/@standard-schema%2fspec cache-miss
589 http cache https://registry.npmjs.org/@standard-schema%2fspec 11ms (cache hit)
590 silly packumentCache full:https://registry.npmjs.org/@standard-schema%2fspec set size:27284 disposed:false
591 silly fetch manifest zod@4.6.5
592 silly packumentCache full:https://registry.npmjs.org/zod cache-miss
593 http fetch GET 200 https://registry.npmjs.org/parse5 50ms (cache miss)
594 silly packumentCache full:https://registry.npmjs.org/parse5 set size:undefined disposed:false
595 silly fetch manifest yargs@18.1.0
596 silly packumentCache full:https://registry.npmjs.org/yargs cache-hit
597 silly fetch manifest npm-package-arg@14.0.0
598 silly packumentCache full:https://registry.npmjs.org/npm-package-arg cache-miss
599 http cache https://registry.npmjs.org/zod 12ms (cache hit)
600 silly packumentCache full:https://registry.npmjs.org/zod set size:4166672 disposed:false
601 silly fetch manifest @inquirer/prompts@8.7.2
602 silly packumentCache full:https://registry.npmjs.org/@inquirer%2fprompts cache-miss
603 http fetch GET 200 https://registry.npmjs.org/npm-package-arg 48ms (cache miss)
604 silly packumentCache full:https://registry.npmjs.org/npm-package-arg set size:undefined disposed:false
605 silly fetch manifest @schematics/angular@22.2.1
606 silly packumentCache full:https://registry.npmjs.org/@schematics%2fangular cache-miss
607 http fetch GET 200 https://registry.npmjs.org/@inquirer%2fprompts 65ms (cache miss)
608 silly packumentCache full:https://registry.npmjs.org/@inquirer%2fprompts set size:undefined disposed:false
609 silly fetch manifest @angular-devkit/core@22.2.1
610 silly packumentCache full:https://registry.npmjs.org/@angular-devkit%2fcore cache-miss
611 http fetch GET 200 https://registry.npmjs.org/@schematics%2fangular 107ms (cache miss)
612 silly packumentCache full:https://registry.npmjs.org/@schematics%2fangular set size:undefined disposed:false
613 silly fetch manifest @angular-devkit/schematics@22.2.1
614 silly packumentCache full:https://registry.npmjs.org/@angular-devkit%2fschematics cache-miss
615 http fetch GET 200 https://registry.npmjs.org/@angular-devkit%2fcore 159ms (cache miss)
616 silly packumentCache full:https://registry.npmjs.org/@angular-devkit%2fcore set size:undefined disposed:false
617 silly fetch manifest @modelcontextprotocol/server@2.0.0
618 silly packumentCache full:https://registry.npmjs.org/@modelcontextprotocol%2fserver cache-miss
619 http fetch GET 200 https://registry.npmjs.org/@angular-devkit%2fschematics 111ms (cache miss)
620 silly packumentCache full:https://registry.npmjs.org/@angular-devkit%2fschematics set size:undefined disposed:false
621 silly fetch manifest @listr2/prompt-adapter-inquirer@4.2.7
622 silly packumentCache full:https://registry.npmjs.org/@listr2%2fprompt-adapter-inquirer cache-miss
623 http fetch GET 200 https://registry.npmjs.org/@modelcontextprotocol%2fserver 58ms (cache miss)
624 silly packumentCache full:https://registry.npmjs.org/@modelcontextprotocol%2fserver set size:undefined disposed:false
625 silly fetch manifest @lezer/common@^1.0.0
626 silly packumentCache full:https://registry.npmjs.org/@lezer%2fcommon cache-miss
627 http fetch GET 200 https://registry.npmjs.org/@listr2%2fprompt-adapter-inquirer 44ms (cache miss)
628 silly packumentCache full:https://registry.npmjs.org/@listr2%2fprompt-adapter-inquirer set size:undefined disposed:false
629 silly fetch manifest @codemirror/lint@^6.0.0
630 silly packumentCache full:https://registry.npmjs.org/@codemirror%2flint cache-miss
631 http fetch GET 200 https://registry.npmjs.org/@lezer%2fcommon 50ms (cache miss)
632 silly packumentCache full:https://registry.npmjs.org/@lezer%2fcommon set size:undefined disposed:false
633 silly fetch manifest @codemirror/view@^6.17.0
634 silly packumentCache full:https://registry.npmjs.org/@codemirror%2fview cache-miss
635 http fetch GET 200 https://registry.npmjs.org/@codemirror%2flint 43ms (cache miss)
636 silly packumentCache full:https://registry.npmjs.org/@codemirror%2flint set size:undefined disposed:false
637 silly fetch manifest @codemirror/state@^6.0.0
638 silly packumentCache full:https://registry.npmjs.org/@codemirror%2fstate cache-miss
639 http fetch GET 200 https://registry.npmjs.org/@codemirror%2fstate 52ms (cache miss)
640 silly packumentCache full:https://registry.npmjs.org/@codemirror%2fstate set size:undefined disposed:false
641 silly fetch manifest @lezer/javascript@^1.0.0
642 silly packumentCache full:https://registry.npmjs.org/@lezer%2fjavascript cache-miss
643 http fetch GET 200 https://registry.npmjs.org/@codemirror%2fview 65ms (cache miss)
644 silly packumentCache full:https://registry.npmjs.org/@codemirror%2fview set size:undefined disposed:false
645 silly fetch manifest @codemirror/language@^6.6.0
646 silly packumentCache full:https://registry.npmjs.org/@codemirror%2flanguage cache-miss
647 http fetch GET 200 https://registry.npmjs.org/@codemirror%2flanguage 56ms (cache miss)
648 silly packumentCache full:https://registry.npmjs.org/@codemirror%2flanguage set size:undefined disposed:false
649 silly fetch manifest @codemirror/autocomplete@^6.0.0
650 silly packumentCache full:https://registry.npmjs.org/@codemirror%2fautocomplete cache-miss
651 http fetch GET 200 https://registry.npmjs.org/vite 1252ms (cache miss)
652 silly packumentCache full:https://registry.npmjs.org/vite set size:undefined disposed:false
653 silly fetch manifest @lezer/json@^1.0.0
654 silly packumentCache full:https://registry.npmjs.org/@lezer%2fjson cache-miss
655 http fetch GET 200 https://registry.npmjs.org/@lezer%2fjavascript 202ms (cache miss)
656 silly packumentCache full:https://registry.npmjs.org/@lezer%2fjavascript set size:undefined disposed:false
657 silly fetch manifest @codemirror/language@^6.0.0
658 silly packumentCache full:https://registry.npmjs.org/@codemirror%2flanguage cache-miss
659 http fetch GET 200 https://registry.npmjs.org/@codemirror%2fautocomplete 138ms (cache miss)
660 silly packumentCache full:https://registry.npmjs.org/@codemirror%2fautocomplete set size:undefined disposed:false
661 silly fetch manifest @lezer/lr@^1.0.0
662 silly packumentCache full:https://registry.npmjs.org/@lezer%2flr cache-miss
663 http cache https://registry.npmjs.org/@codemirror%2flanguage 3ms (cache hit)
664 silly packumentCache full:https://registry.npmjs.org/@codemirror%2flanguage set size:146406 disposed:false
665 silly fetch manifest @lezer/yaml@^1.0.0
666 silly packumentCache full:https://registry.npmjs.org/@lezer%2fyaml cache-miss
667 http fetch GET 200 https://registry.npmjs.org/@lezer%2fjson 36ms (cache miss)
668 silly packumentCache full:https://registry.npmjs.org/@lezer%2fjson set size:undefined disposed:false
669 silly fetch manifest @lezer/common@^1.2.0
670 silly packumentCache full:https://registry.npmjs.org/@lezer%2fcommon cache-miss
671 http cache https://registry.npmjs.org/@lezer%2fcommon 2ms (cache hit)
672 silly packumentCache full:https://registry.npmjs.org/@lezer%2fcommon set size:74532 disposed:false
673 silly fetch manifest @lezer/highlight@^1.2.0
674 silly packumentCache full:https://registry.npmjs.org/@lezer%2fhighlight cache-miss
675 http fetch GET 200 https://registry.npmjs.org/@lezer%2fyaml 47ms (cache miss)
676 silly packumentCache full:https://registry.npmjs.org/@lezer%2fyaml set size:undefined disposed:false
677 silly fetch manifest @lezer/highlight@^1.0.0
678 silly packumentCache full:https://registry.npmjs.org/@lezer%2fhighlight cache-miss
679 http fetch GET 200 https://registry.npmjs.org/@lezer%2fhighlight 41ms (cache miss)
680 silly packumentCache full:https://registry.npmjs.org/@lezer%2fhighlight set size:undefined disposed:false
681 silly fetch manifest style-mod@^4.1.0
682 silly packumentCache full:https://registry.npmjs.org/style-mod cache-miss
683 http fetch GET 200 https://registry.npmjs.org/@lezer%2flr 79ms (cache miss)
684 silly packumentCache full:https://registry.npmjs.org/@lezer%2flr set size:undefined disposed:false
685 silly fetch manifest @cyclonedx/cyclonedx-library@^10.0.0
686 silly packumentCache full:https://registry.npmjs.org/@cyclonedx%2fcyclonedx-library cache-miss
687 http cache https://registry.npmjs.org/@cyclonedx%2fcyclonedx-library 3ms (cache hit)
688 silly packumentCache full:https://registry.npmjs.org/@cyclonedx%2fcyclonedx-library set size:648086 disposed:false
689 silly fetch manifest commander@^14.0.0
690 silly packumentCache full:https://registry.npmjs.org/commander cache-miss
691 http cache https://registry.npmjs.org/commander 2ms (cache hit)
692 silly packumentCache full:https://registry.npmjs.org/commander set size:353104 disposed:false
693 silly fetch manifest normalize-package-data@^7.0.0 || ^8.0.0
694 silly packumentCache full:https://registry.npmjs.org/normalize-package-data cache-miss
695 http fetch GET 200 https://registry.npmjs.org/@lezer%2fhighlight 43ms (cache miss)
696 silly packumentCache full:https://registry.npmjs.org/@lezer%2fhighlight set size:undefined disposed:false
697 silly fetch manifest packageurl-js@^2.0.1
698 silly packumentCache full:https://registry.npmjs.org/packageurl-js cache-miss
699 http cache https://registry.npmjs.org/normalize-package-data 4ms (cache hit)
700 silly packumentCache full:https://registry.npmjs.org/normalize-package-data set size:131306 disposed:false
701 silly fetch manifest spdx-expression-parse@^3.0.1 || ^4.0.0
702 silly packumentCache full:https://registry.npmjs.org/spdx-expression-parse cache-miss
703 http cache https://registry.npmjs.org/packageurl-js 6ms (cache hit)
704 silly packumentCache full:https://registry.npmjs.org/packageurl-js set size:37911 disposed:false
705 silly fetch manifest ajv@^8.12.0
706 silly packumentCache full:https://registry.npmjs.org/ajv cache-miss
707 http cache https://registry.npmjs.org/spdx-expression-parse 4ms (cache hit)
708 silly packumentCache full:https://registry.npmjs.org/spdx-expression-parse set size:31758 disposed:false
709 silly fetch manifest ajv-formats@^3.0.1
710 silly packumentCache full:https://registry.npmjs.org/ajv-formats cache-miss
711 http fetch GET 200 https://registry.npmjs.org/style-mod 31ms (cache miss)
712 silly packumentCache full:https://registry.npmjs.org/style-mod set size:undefined disposed:false
713 silly fetch manifest ajv-formats-draft2019@^1.6.1
714 silly packumentCache full:https://registry.npmjs.org/ajv-formats-draft2019 cache-miss
715 http cache https://registry.npmjs.org/ajv 6ms (cache hit)
716 silly packumentCache full:https://registry.npmjs.org/ajv set size:1142658 disposed:false
717 silly fetch manifest @fortawesome/fontawesome-common-types@^0.2.36
718 silly packumentCache full:https://registry.npmjs.org/@fortawesome%2ffontawesome-common-types cache-miss
719 http cache https://registry.npmjs.org/ajv-formats 11ms (cache hit)
720 silly packumentCache full:https://registry.npmjs.org/ajv-formats set size:141264 disposed:false
721 silly fetch manifest @fortawesome/fontawesome-common-types@^0.2.36
722 silly packumentCache full:https://registry.npmjs.org/@fortawesome%2ffontawesome-common-types cache-miss
723 http cache https://registry.npmjs.org/ajv-formats-draft2019 10ms (cache hit)
724 silly packumentCache full:https://registry.npmjs.org/ajv-formats-draft2019 set size:23542 disposed:false
725 silly fetch manifest @fortawesome/fontawesome-common-types@^0.2.36
726 silly packumentCache full:https://registry.npmjs.org/@fortawesome%2ffontawesome-common-types cache-miss
727 http fetch GET 200 https://registry.npmjs.org/@fortawesome%2ffontawesome-common-types 53ms (cache miss)
728 silly packumentCache full:https://registry.npmjs.org/@fortawesome%2ffontawesome-common-types set size:undefined disposed:false
729 silly fetch manifest @types/qs@*
730 silly packumentCache full:https://registry.npmjs.org/@types%2fqs cache-miss
731 http fetch GET 200 https://registry.npmjs.org/@fortawesome%2ffontawesome-common-types 60ms (cache miss)
732 silly packumentCache full:https://registry.npmjs.org/@fortawesome%2ffontawesome-common-types set size:undefined disposed:false
733 silly fetch manifest @types/node@*
734 silly packumentCache full:https://registry.npmjs.org/@types%2fnode cache-miss
735 http cache https://registry.npmjs.org/@types%2fqs 14ms (cache hit)
736 silly packumentCache full:https://registry.npmjs.org/@types%2fqs set size:84556 disposed:false
737 silly fetch manifest @types/send@*
738 silly packumentCache full:https://registry.npmjs.org/@types%2fsend cache-miss
739 http cache https://registry.npmjs.org/@types%2fsend 2ms (cache hit)
740 silly packumentCache full:https://registry.npmjs.org/@types%2fsend set size:30017 disposed:false
741 silly fetch manifest @types/range-parser@*
742 silly packumentCache full:https://registry.npmjs.org/@types%2frange-parser cache-miss
743 http cache https://registry.npmjs.org/@types%2frange-parser 1ms (cache hit)
744 silly packumentCache full:https://registry.npmjs.org/@types%2frange-parser set size:15310 disposed:false
745 silly fetch manifest undici-types@~6.21.0
746 silly packumentCache full:https://registry.npmjs.org/undici-types cache-miss
747 http cache https://registry.npmjs.org/@types%2fnode 31ms (cache hit)
748 silly packumentCache full:https://registry.npmjs.org/@types%2fnode set size:11171832 disposed:false
749 silly fetch manifest obug@^2.1.1
750 silly packumentCache full:https://registry.npmjs.org/obug cache-miss
751 http cache https://registry.npmjs.org/undici-types 54ms (cache hit)
752 silly packumentCache full:https://registry.npmjs.org/undici-types set size:270043 disposed:false
753 silly fetch manifest std-env@^4.0.0-rc.1
754 silly packumentCache full:https://registry.npmjs.org/std-env cache-miss
755 http fetch GET 200 https://registry.npmjs.org/@fortawesome%2ffontawesome-common-types 140ms (cache miss)
756 silly packumentCache full:https://registry.npmjs.org/@fortawesome%2ffontawesome-common-types set size:undefined disposed:false
757 silly fetch manifest magicast@^0.5.2
758 silly packumentCache full:https://registry.npmjs.org/magicast cache-miss
759 http fetch GET 200 https://registry.npmjs.org/obug 28ms (cache miss)
760 silly packumentCache full:https://registry.npmjs.org/obug set size:undefined disposed:false
761 silly fetch manifest tinyrainbow@^3.1.0
762 silly packumentCache full:https://registry.npmjs.org/tinyrainbow cache-miss
763 http fetch GET 200 https://registry.npmjs.org/std-env 34ms (cache miss)
764 silly packumentCache full:https://registry.npmjs.org/std-env set size:undefined disposed:false
765 silly fetch manifest @vitest/utils@4.1.11
766 silly packumentCache full:https://registry.npmjs.org/@vitest%2futils cache-miss
767 http fetch GET 200 https://registry.npmjs.org/tinyrainbow 25ms (cache miss)
768 silly packumentCache full:https://registry.npmjs.org/tinyrainbow set size:undefined disposed:false
769 silly fetch manifest istanbul-reports@^3.2.0
770 silly packumentCache full:https://registry.npmjs.org/istanbul-reports cache-miss
771 http cache https://registry.npmjs.org/istanbul-reports 2ms (cache hit)
772 silly packumentCache full:https://registry.npmjs.org/istanbul-reports set size:148926 disposed:false
773 silly fetch manifest @bcoe/v8-coverage@^1.0.2
774 silly packumentCache full:https://registry.npmjs.org/@bcoe%2fv8-coverage cache-miss
775 http fetch GET 200 https://registry.npmjs.org/@vitest%2futils 51ms (cache miss)
776 silly packumentCache full:https://registry.npmjs.org/@vitest%2futils set size:undefined disposed:false
777 silly fetch manifest ast-v8-to-istanbul@^1.0.0
778 silly packumentCache full:https://registry.npmjs.org/ast-v8-to-istanbul cache-miss
779 http fetch GET 200 https://registry.npmjs.org/@bcoe%2fv8-coverage 53ms (cache miss)
780 silly packumentCache full:https://registry.npmjs.org/@bcoe%2fv8-coverage set size:undefined disposed:false
781 silly fetch manifest istanbul-lib-report@^3.0.1
782 silly packumentCache full:https://registry.npmjs.org/istanbul-lib-report cache-miss
783 http cache https://registry.npmjs.org/istanbul-lib-report 1ms (cache hit)
784 silly packumentCache full:https://registry.npmjs.org/istanbul-lib-report set size:66223 disposed:false
785 silly fetch manifest istanbul-lib-coverage@^3.2.2
786 silly packumentCache full:https://registry.npmjs.org/istanbul-lib-coverage cache-miss
787 http cache https://registry.npmjs.org/istanbul-lib-coverage 2ms (cache hit)
788 silly packumentCache full:https://registry.npmjs.org/istanbul-lib-coverage set size:75651 disposed:false
789 silly fetch manifest vite@^6.0.0 || ^7.0.0 || ^8.0.0
790 silly packumentCache full:https://registry.npmjs.org/vite cache-miss
791 http cache https://registry.npmjs.org/vite 75ms (cache hit)
792 silly packumentCache full:https://registry.npmjs.org/vite set size:38955941 disposed:false
793 silly fetch manifest pathe@^2.0.3
794 silly packumentCache full:https://registry.npmjs.org/pathe cache-miss
795 http fetch GET 200 https://registry.npmjs.org/ast-v8-to-istanbul 216ms (cache miss)
796 silly packumentCache full:https://registry.npmjs.org/ast-v8-to-istanbul set size:undefined disposed:false
797 silly fetch manifest tinyexec@^1.0.2
798 silly packumentCache full:https://registry.npmjs.org/tinyexec cache-miss
799 http fetch GET 200 https://registry.npmjs.org/magicast 301ms (cache miss)
800 silly packumentCache full:https://registry.npmjs.org/magicast set size:undefined disposed:false
801 silly fetch manifest picomatch@^4.0.3
802 silly packumentCache full:https://registry.npmjs.org/picomatch cache-hit
803 silly fetch manifest tinybench@^2.9.0
804 silly packumentCache full:https://registry.npmjs.org/tinybench cache-miss
805 http fetch GET 200 https://registry.npmjs.org/pathe 26ms (cache miss)
806 silly packumentCache full:https://registry.npmjs.org/pathe set size:undefined disposed:false
807 silly fetch manifest tinyglobby@^0.2.15
808 silly packumentCache full:https://registry.npmjs.org/tinyglobby cache-hit
809 silly fetch manifest @vitest/spy@4.1.11
810 silly packumentCache full:https://registry.npmjs.org/@vitest%2fspy cache-miss
811 http fetch GET 200 https://registry.npmjs.org/tinyexec 31ms (cache miss)
812 silly packumentCache full:https://registry.npmjs.org/tinyexec set size:undefined disposed:false
813 silly fetch manifest expect-type@^1.3.0
814 silly packumentCache full:https://registry.npmjs.org/expect-type cache-miss
815 http fetch GET 200 https://registry.npmjs.org/tinybench 50ms (cache miss)
816 silly packumentCache full:https://registry.npmjs.org/tinybench set size:undefined disposed:false
817 silly fetch manifest magic-string@^0.30.21
818 silly packumentCache full:https://registry.npmjs.org/magic-string cache-miss
819 http cache https://registry.npmjs.org/magic-string 2ms (cache hit)
820 silly packumentCache full:https://registry.npmjs.org/magic-string set size:368756 disposed:false
821 silly fetch manifest @vitest/expect@4.1.11
822 silly packumentCache full:https://registry.npmjs.org/@vitest%2fexpect cache-miss
823 http fetch GET 200 https://registry.npmjs.org/expect-type 37ms (cache miss)
824 silly packumentCache full:https://registry.npmjs.org/expect-type set size:undefined disposed:false
825 silly fetch manifest @vitest/mocker@4.1.11
826 silly packumentCache full:https://registry.npmjs.org/@vitest%2fmocker cache-miss
827 http fetch GET 200 https://registry.npmjs.org/@vitest%2fspy 50ms (cache miss)
828 silly packumentCache full:https://registry.npmjs.org/@vitest%2fspy set size:undefined disposed:false
829 silly fetch manifest @vitest/runner@4.1.11
830 silly packumentCache full:https://registry.npmjs.org/@vitest%2frunner cache-miss
831 http fetch GET 200 https://registry.npmjs.org/@vitest%2fmocker 48ms (cache miss)
832 silly packumentCache full:https://registry.npmjs.org/@vitest%2fmocker set size:undefined disposed:false
833 silly fetch manifest es-module-lexer@^2.0.0
834 silly packumentCache full:https://registry.npmjs.org/es-module-lexer cache-miss
835 http fetch GET 200 https://registry.npmjs.org/@vitest%2fexpect 61ms (cache miss)
836 silly packumentCache full:https://registry.npmjs.org/@vitest%2fexpect set size:undefined disposed:false
837 silly fetch manifest @vitest/snapshot@4.1.11
838 silly packumentCache full:https://registry.npmjs.org/@vitest%2fsnapshot cache-miss
839 http fetch GET 200 https://registry.npmjs.org/@vitest%2frunner 55ms (cache miss)
840 silly packumentCache full:https://registry.npmjs.org/@vitest%2frunner set size:undefined disposed:false
841 silly fetch manifest why-is-node-running@^2.3.0
842 silly packumentCache full:https://registry.npmjs.org/why-is-node-running cache-miss
843 http fetch GET 200 https://registry.npmjs.org/why-is-node-running 31ms (cache miss)
844 silly packumentCache full:https://registry.npmjs.org/why-is-node-running set size:undefined disposed:false
845 silly fetch manifest @vitest/pretty-format@4.1.11
846 silly packumentCache full:https://registry.npmjs.org/@vitest%2fpretty-format cache-miss
847 http fetch GET 200 https://registry.npmjs.org/es-module-lexer 46ms (cache miss)
848 silly packumentCache full:https://registry.npmjs.org/es-module-lexer set size:undefined disposed:false
849 silly fetch manifest zustand@^4.0.0
850 silly packumentCache full:https://registry.npmjs.org/zustand cache-miss
851 http fetch GET 200 https://registry.npmjs.org/@vitest%2fsnapshot 51ms (cache miss)
852 silly packumentCache full:https://registry.npmjs.org/@vitest%2fsnapshot set size:undefined disposed:false
853 silly fetch manifest eventemitter3@^4.0.7
854 silly packumentCache full:https://registry.npmjs.org/eventemitter3 cache-miss
855 http cache https://registry.npmjs.org/eventemitter3 1ms (cache hit)
856 silly packumentCache full:https://registry.npmjs.org/eventemitter3 set size:92292 disposed:false
857 silly fetch manifest @ethersproject/abi@5.8.0
858 silly packumentCache full:https://registry.npmjs.org/@ethersproject%2fabi cache-miss
859 http fetch GET 200 https://registry.npmjs.org/zustand 47ms (cache miss)
860 silly packumentCache full:https://registry.npmjs.org/zustand set size:undefined disposed:false
861 silly fetch manifest @ethersproject/rlp@5.8.0
862 silly packumentCache full:https://registry.npmjs.org/@ethersproject%2frlp cache-miss
863 http fetch GET 200 https://registry.npmjs.org/@vitest%2fpretty-format 56ms (cache miss)
864 silly packumentCache full:https://registry.npmjs.org/@vitest%2fpretty-format set size:undefined disposed:false
865 silly fetch manifest @ethersproject/web@5.8.0
866 silly packumentCache full:https://registry.npmjs.org/@ethersproject%2fweb cache-miss
867 http fetch GET 200 https://registry.npmjs.org/@ethersproject%2fabi 47ms (cache miss)
868 silly packumentCache full:https://registry.npmjs.org/@ethersproject%2fabi set size:undefined disposed:false
869 silly fetch manifest @ethersproject/hash@5.8.0
870 silly packumentCache full:https://registry.npmjs.org/@ethersproject%2fhash cache-miss
871 http fetch GET 200 https://registry.npmjs.org/@ethersproject%2fhash 42ms (cache miss)
872 silly packumentCache full:https://registry.npmjs.org/@ethersproject%2fhash set size:undefined disposed:false
873 silly fetch manifest @ethersproject/sha2@5.8.0
874 silly packumentCache full:https://registry.npmjs.org/@ethersproject%2fsha2 cache-miss
875 http fetch GET 200 https://registry.npmjs.org/@ethersproject%2fsha2 38ms (cache miss)
876 silly packumentCache full:https://registry.npmjs.org/@ethersproject%2fsha2 set size:undefined disposed:false
877 silly fetch manifest @ethersproject/basex@5.8.0
878 silly packumentCache full:https://registry.npmjs.org/@ethersproject%2fbasex cache-miss
879 http fetch GET 200 https://registry.npmjs.org/@ethersproject%2fweb 95ms (cache miss)
880 silly packumentCache full:https://registry.npmjs.org/@ethersproject%2fweb set size:undefined disposed:false
881 silly fetch manifest @ethersproject/bytes@5.8.0
882 silly packumentCache full:https://registry.npmjs.org/@ethersproject%2fbytes cache-miss
883 http fetch GET 200 https://registry.npmjs.org/@ethersproject%2frlp 103ms (cache miss)
884 silly packumentCache full:https://registry.npmjs.org/@ethersproject%2frlp set size:undefined disposed:false
885 silly fetch manifest @ethersproject/units@5.8.0
886 silly packumentCache full:https://registry.npmjs.org/@ethersproject%2funits cache-miss
887 http fetch GET 200 https://registry.npmjs.org/@ethersproject%2fbasex 97ms (cache miss)
888 silly packumentCache full:https://registry.npmjs.org/@ethersproject%2fbasex set size:undefined disposed:false
889 silly fetch manifest @ethersproject/base64@5.8.0
890 silly packumentCache full:https://registry.npmjs.org/@ethersproject%2fbase64 cache-miss
891 http fetch GET 200 https://registry.npmjs.org/@ethersproject%2fbytes 102ms (cache miss)
892 silly packumentCache full:https://registry.npmjs.org/@ethersproject%2fbytes set size:undefined disposed:false
893 silly fetch manifest @ethersproject/hdnode@5.8.0
894 silly packumentCache full:https://registry.npmjs.org/@ethersproject%2fhdnode cache-miss
895 http fetch GET 200 https://registry.npmjs.org/@ethersproject%2funits 115ms (cache miss)
896 silly packumentCache full:https://registry.npmjs.org/@ethersproject%2funits set size:undefined disposed:false
897 silly fetch manifest @ethersproject/logger@5.8.0
898 silly packumentCache full:https://registry.npmjs.org/@ethersproject%2flogger cache-miss
899 http fetch GET 200 https://registry.npmjs.org/@ethersproject%2fbase64 41ms (cache miss)
900 silly packumentCache full:https://registry.npmjs.org/@ethersproject%2fbase64 set size:undefined disposed:false
901 silly fetch manifest @ethersproject/pbkdf2@5.8.0
902 silly packumentCache full:https://registry.npmjs.org/@ethersproject%2fpbkdf2 cache-miss
903 http fetch GET 200 https://registry.npmjs.org/@ethersproject%2fhdnode 50ms (cache miss)
904 silly packumentCache full:https://registry.npmjs.org/@ethersproject%2fhdnode set size:undefined disposed:false
905 silly fetch manifest @ethersproject/random@5.8.0
906 silly packumentCache full:https://registry.npmjs.org/@ethersproject%2frandom cache-miss
907 http fetch GET 200 https://registry.npmjs.org/@ethersproject%2fpbkdf2 37ms (cache miss)
908 silly packumentCache full:https://registry.npmjs.org/@ethersproject%2fpbkdf2 set size:undefined disposed:false
909 silly fetch manifest @ethersproject/wallet@5.8.0
910 silly packumentCache full:https://registry.npmjs.org/@ethersproject%2fwallet cache-miss
911 http fetch GET 200 https://registry.npmjs.org/@ethersproject%2fwallet 91ms (cache miss)
912 silly packumentCache full:https://registry.npmjs.org/@ethersproject%2fwallet set size:undefined disposed:false
913 silly fetch manifest @ethersproject/address@5.8.0
914 silly packumentCache full:https://registry.npmjs.org/@ethersproject%2faddress cache-miss
915 http fetch GET 200 https://registry.npmjs.org/@ethersproject%2frandom 145ms (cache miss)
916 silly packumentCache full:https://registry.npmjs.org/@ethersproject%2frandom set size:undefined disposed:false
917 silly fetch manifest @ethersproject/strings@5.8.0
918 silly packumentCache full:https://registry.npmjs.org/@ethersproject%2fstrings cache-miss
919 http fetch GET 200 https://registry.npmjs.org/@ethersproject%2flogger 204ms (cache miss)
920 silly packumentCache full:https://registry.npmjs.org/@ethersproject%2flogger set size:undefined disposed:false
921 silly fetch manifest @ethersproject/networks@5.8.0
922 silly packumentCache full:https://registry.npmjs.org/@ethersproject%2fnetworks cache-miss
923 http fetch GET 200 https://registry.npmjs.org/@ethersproject%2faddress 148ms (cache miss)
924 silly packumentCache full:https://registry.npmjs.org/@ethersproject%2faddress set size:undefined disposed:false
925 silly fetch manifest @ethersproject/solidity@5.8.0
926 silly packumentCache full:https://registry.npmjs.org/@ethersproject%2fsolidity cache-miss
927 http fetch GET 200 https://registry.npmjs.org/@ethersproject%2fstrings 159ms (cache miss)
928 silly packumentCache full:https://registry.npmjs.org/@ethersproject%2fstrings set size:undefined disposed:false
929 silly fetch manifest @ethersproject/bignumber@5.8.0
930 silly packumentCache full:https://registry.npmjs.org/@ethersproject%2fbignumber cache-miss
931 http fetch GET 200 https://registry.npmjs.org/@ethersproject%2fbignumber 49ms (cache miss)
932 silly packumentCache full:https://registry.npmjs.org/@ethersproject%2fbignumber set size:undefined disposed:false
933 silly fetch manifest @ethersproject/constants@5.8.0
934 silly packumentCache full:https://registry.npmjs.org/@ethersproject%2fconstants cache-miss
935 http fetch GET 200 https://registry.npmjs.org/@ethersproject%2fnetworks 187ms (cache miss)
936 silly packumentCache full:https://registry.npmjs.org/@ethersproject%2fnetworks set size:undefined disposed:false
937 silly fetch manifest @ethersproject/contracts@5.8.0
938 silly packumentCache full:https://registry.npmjs.org/@ethersproject%2fcontracts cache-miss
939 http fetch GET 200 https://registry.npmjs.org/@ethersproject%2fconstants 46ms (cache miss)
940 silly packumentCache full:https://registry.npmjs.org/@ethersproject%2fconstants set size:undefined disposed:false
941 silly fetch manifest @ethersproject/keccak256@5.8.0
942 silly packumentCache full:https://registry.npmjs.org/@ethersproject%2fkeccak256 cache-miss
943 http fetch GET 200 https://registry.npmjs.org/@ethersproject%2fsolidity 147ms (cache miss)
944 silly packumentCache full:https://registry.npmjs.org/@ethersproject%2fsolidity set size:undefined disposed:false
945 silly fetch manifest @ethersproject/providers@5.8.0
946 silly packumentCache full:https://registry.npmjs.org/@ethersproject%2fproviders cache-miss
947 http fetch GET 200 https://registry.npmjs.org/@ethersproject%2fkeccak256 42ms (cache miss)
948 silly packumentCache full:https://registry.npmjs.org/@ethersproject%2fkeccak256 set size:undefined disposed:false
949 silly fetch manifest @ethersproject/wordlists@5.8.0
950 silly packumentCache full:https://registry.npmjs.org/@ethersproject%2fwordlists cache-miss
951 http fetch GET 200 https://registry.npmjs.org/@ethersproject%2fcontracts 169ms (cache miss)
952 silly packumentCache full:https://registry.npmjs.org/@ethersproject%2fcontracts set size:undefined disposed:false
953 silly fetch manifest @ethersproject/properties@5.8.0
954 silly packumentCache full:https://registry.npmjs.org/@ethersproject%2fproperties cache-miss
955 http fetch GET 200 https://registry.npmjs.org/@ethersproject%2fproviders 171ms (cache miss)
956 silly packumentCache full:https://registry.npmjs.org/@ethersproject%2fproviders set size:undefined disposed:false
957 silly fetch manifest @ethersproject/signing-key@5.8.0
958 silly packumentCache full:https://registry.npmjs.org/@ethersproject%2fsigning-key cache-miss
959 http fetch GET 200 https://registry.npmjs.org/@ethersproject%2fwordlists 151ms (cache miss)
960 silly packumentCache full:https://registry.npmjs.org/@ethersproject%2fwordlists set size:undefined disposed:false
961 silly fetch manifest @ethersproject/json-wallets@5.8.0
962 silly packumentCache full:https://registry.npmjs.org/@ethersproject%2fjson-wallets cache-miss
963 http fetch GET 200 https://registry.npmjs.org/@ethersproject%2fsigning-key 42ms (cache miss)
964 silly packumentCache full:https://registry.npmjs.org/@ethersproject%2fsigning-key set size:undefined disposed:false
965 silly fetch manifest @ethersproject/transactions@5.8.0
966 silly packumentCache full:https://registry.npmjs.org/@ethersproject%2ftransactions cache-miss
967 http fetch GET 200 https://registry.npmjs.org/@ethersproject%2fproperties 133ms (cache miss)
968 silly packumentCache full:https://registry.npmjs.org/@ethersproject%2fproperties set size:undefined disposed:false
969 silly fetch manifest @ethersproject/abstract-signer@5.8.0
970 silly packumentCache full:https://registry.npmjs.org/@ethersproject%2fabstract-signer cache-miss
971 http fetch GET 200 https://registry.npmjs.org/@ethersproject%2ftransactions 47ms (cache miss)
972 silly packumentCache full:https://registry.npmjs.org/@ethersproject%2ftransactions set size:undefined disposed:false
973 silly fetch manifest @ethersproject/abstract-provider@5.8.0
974 silly packumentCache full:https://registry.npmjs.org/@ethersproject%2fabstract-provider cache-miss
975 http fetch GET 200 https://registry.npmjs.org/@ethersproject%2fjson-wallets 217ms (cache miss)
976 silly packumentCache full:https://registry.npmjs.org/@ethersproject%2fjson-wallets set size:undefined disposed:false
977 silly fetch manifest @angular-devkit/core@>= 22.0.0 < 23.0.0
978 silly packumentCache full:https://registry.npmjs.org/@angular-devkit%2fcore cache-miss
979 http cache https://registry.npmjs.org/@angular-devkit%2fcore 6ms (cache hit)
980 silly packumentCache full:https://registry.npmjs.org/@angular-devkit%2fcore set size:2502124 disposed:false
981 silly fetch manifest @angular-eslint/builder@22.5.0
982 silly packumentCache full:https://registry.npmjs.org/@angular-eslint%2fbuilder cache-miss
983 http fetch GET 200 https://registry.npmjs.org/@ethersproject%2fabstract-signer 221ms (cache miss)
984 silly packumentCache full:https://registry.npmjs.org/@ethersproject%2fabstract-signer set size:undefined disposed:false
985 silly fetch manifest @typescript-eslint/types@^8.0.0
986 silly packumentCache full:https://registry.npmjs.org/@typescript-eslint%2ftypes cache-miss
987 http fetch GET 200 https://registry.npmjs.org/@ethersproject%2fabstract-provider 222ms (cache miss)
988 silly packumentCache full:https://registry.npmjs.org/@ethersproject%2fabstract-provider set size:undefined disposed:false
989 silly fetch manifest @typescript-eslint/utils@^8.0.0
990 silly packumentCache full:https://registry.npmjs.org/@typescript-eslint%2futils cache-miss
991 http cache https://registry.npmjs.org/@typescript-eslint%2ftypes 23ms (cache hit)
992 silly packumentCache full:https://registry.npmjs.org/@typescript-eslint%2ftypes set size:13043533 disposed:false
993 silly fetch manifest @angular-devkit/schematics@>= 22.0.0 < 23.0.0
994 silly packumentCache full:https://registry.npmjs.org/@angular-devkit%2fschematics cache-miss
995 http cache https://registry.npmjs.org/@typescript-eslint%2futils 90ms (cache hit)
996 silly packumentCache full:https://registry.npmjs.org/@typescript-eslint%2futils set size:11032181 disposed:false
997 silly fetch manifest @angular-eslint/schematics@22.5.0
998 silly packumentCache full:https://registry.npmjs.org/@angular-eslint%2fschematics cache-miss
999 http cache https://registry.npmjs.org/@angular-devkit%2fschematics 86ms (cache hit)
1000 silly packumentCache full:https://registry.npmjs.org/@angular-devkit%2fschematics set size:2434211 disposed:false
1001 silly fetch manifest @angular-eslint/eslint-plugin@22.5.0
1002 silly packumentCache full:https://registry.npmjs.org/@angular-eslint%2feslint-plugin cache-miss
1003 http fetch GET 200 https://registry.npmjs.org/@angular-eslint%2fbuilder 248ms (cache miss)
1004 silly packumentCache full:https://registry.npmjs.org/@angular-eslint%2fbuilder set size:undefined disposed:false
1005 silly fetch manifest @angular-eslint/template-parser@22.5.0
1006 silly packumentCache full:https://registry.npmjs.org/@angular-eslint%2ftemplate-parser cache-miss
1007 http fetch GET 200 https://registry.npmjs.org/@angular-eslint%2feslint-plugin 114ms (cache miss)
1008 silly packumentCache full:https://registry.npmjs.org/@angular-eslint%2feslint-plugin set size:undefined disposed:false
1009 silly fetch manifest @angular-eslint/eslint-plugin-template@22.5.0
1010 silly packumentCache full:https://registry.npmjs.org/@angular-eslint%2feslint-plugin-template cache-miss
1011 http fetch GET 200 https://registry.npmjs.org/@angular-eslint%2ftemplate-parser 168ms (cache miss)
1012 silly packumentCache full:https://registry.npmjs.org/@angular-eslint%2ftemplate-parser set size:undefined disposed:false
1013 silly fetch manifest @typescript-eslint/utils@8.71.0
1014 silly packumentCache full:https://registry.npmjs.org/@typescript-eslint%2futils cache-miss
1015 http cache https://registry.npmjs.org/@typescript-eslint%2futils 22ms (cache hit)
1016 silly packumentCache full:https://registry.npmjs.org/@typescript-eslint%2futils set size:11032181 disposed:false
1017 silly fetch manifest @typescript-eslint/parser@8.71.0
1018 silly packumentCache full:https://registry.npmjs.org/@typescript-eslint%2fparser cache-miss
1019 http cache https://registry.npmjs.org/@typescript-eslint%2fparser 38ms (cache hit)
1020 silly packumentCache full:https://registry.npmjs.org/@typescript-eslint%2fparser set size:15962229 disposed:false
1021 silly fetch manifest @typescript-eslint/eslint-plugin@8.71.0
1022 silly packumentCache full:https://registry.npmjs.org/@typescript-eslint%2feslint-plugin cache-miss
1023 http cache https://registry.npmjs.org/@typescript-eslint%2feslint-plugin 39ms (cache hit)
1024 silly packumentCache full:https://registry.npmjs.org/@typescript-eslint%2feslint-plugin set size:19008763 disposed:false
1025 silly fetch manifest @typescript-eslint/typescript-estree@8.71.0
1026 silly packumentCache full:https://registry.npmjs.org/@typescript-eslint%2ftypescript-estree cache-miss
1027 http fetch GET 200 https://registry.npmjs.org/@angular-eslint%2feslint-plugin-template 358ms (cache miss)
1028 silly packumentCache full:https://registry.npmjs.org/@angular-eslint%2feslint-plugin-template set size:undefined disposed:false
1029 silly fetch manifest ajv@^6.14.0
1030 silly packumentCache full:https://registry.npmjs.org/ajv cache-miss
1031 http cache https://registry.npmjs.org/@typescript-eslint%2ftypescript-estree 42ms (cache hit)
1032 silly packumentCache full:https://registry.npmjs.org/@typescript-eslint%2ftypescript-estree set size:17243608 disposed:false
1033 silly fetch manifest chalk@^4.0.0
1034 silly packumentCache full:https://registry.npmjs.org/chalk cache-miss
1035 http cache https://registry.npmjs.org/chalk 4ms (cache hit)
1036 silly packumentCache full:https://registry.npmjs.org/chalk set size:137439 disposed:false
1037 silly fetch manifest debug@^4.3.2
1038 silly packumentCache full:https://registry.npmjs.org/debug cache-miss
1039 http cache https://registry.npmjs.org/ajv 72ms (cache hit)
1040 silly packumentCache full:https://registry.npmjs.org/ajv set size:1142658 disposed:false
1041 silly fetch manifest espree@^10.4.0
1042 silly packumentCache full:https://registry.npmjs.org/espree cache-miss
1043 http fetch GET 200 https://registry.npmjs.org/@angular-eslint%2fschematics 581ms (cache miss)
1044 silly packumentCache full:https://registry.npmjs.org/@angular-eslint%2fschematics set size:undefined disposed:false
1045 silly fetch manifest ignore@^5.2.0
1046 silly packumentCache full:https://registry.npmjs.org/ignore cache-miss
1047 http cache https://registry.npmjs.org/debug 34ms (cache hit)
1048 silly packumentCache full:https://registry.npmjs.org/debug set size:195840 disposed:false
1049 silly fetch manifest esquery@^1.5.0
1050 silly packumentCache full:https://registry.npmjs.org/esquery cache-miss
1051 http cache https://registry.npmjs.org/espree 29ms (cache hit)
1052 silly packumentCache full:https://registry.npmjs.org/espree set size:326080 disposed:false
1053 silly fetch manifest esutils@^2.0.2
1054 silly packumentCache full:https://registry.npmjs.org/esutils cache-miss
1055 http cache https://registry.npmjs.org/ignore 15ms (cache hit)
1056 silly packumentCache full:https://registry.npmjs.org/ignore set size:266651 disposed:false
1057 silly fetch manifest find-up@^5.0.0
1058 silly packumentCache full:https://registry.npmjs.org/find-up cache-miss
1059 http cache https://registry.npmjs.org/esutils 5ms (cache hit)
1060 silly packumentCache full:https://registry.npmjs.org/esutils set size:29522 disposed:false
1061 silly fetch manifest is-glob@^4.0.0
1062 silly packumentCache full:https://registry.npmjs.org/is-glob cache-miss
1063 http cache https://registry.npmjs.org/esquery 9ms (cache hit)
1064 silly packumentCache full:https://registry.npmjs.org/esquery set size:48888 disposed:false
1065 silly fetch manifest minimatch@^3.1.5
1066 silly packumentCache full:https://registry.npmjs.org/minimatch cache-miss
1067 http cache https://registry.npmjs.org/find-up 5ms (cache hit)
1068 silly packumentCache full:https://registry.npmjs.org/find-up set size:42620 disposed:false
1069 silly fetch manifest @eslint/js@9.39.5
1070 silly packumentCache full:https://registry.npmjs.org/@eslint%2fjs cache-hit
1071 silly fetch manifest optionator@^0.9.3
1072 silly packumentCache full:https://registry.npmjs.org/optionator cache-miss
1073 http cache https://registry.npmjs.org/is-glob 5ms (cache hit)
1074 silly packumentCache full:https://registry.npmjs.org/is-glob set size:40530 disposed:false
1075 silly fetch manifest cross-spawn@^7.0.6
1076 silly packumentCache full:https://registry.npmjs.org/cross-spawn cache-miss
1077 http cache https://registry.npmjs.org/minimatch 5ms (cache hit)
1078 silly packumentCache full:https://registry.npmjs.org/minimatch set size:377924 disposed:false
1079 silly fetch manifest glob-parent@^6.0.2
1080 silly packumentCache full:https://registry.npmjs.org/glob-parent cache-miss
1081 http cache https://registry.npmjs.org/optionator 6ms (cache hit)
1082 silly packumentCache full:https://registry.npmjs.org/optionator set size:49651 disposed:false
1083 silly fetch manifest imurmurhash@^0.1.4
1084 silly packumentCache full:https://registry.npmjs.org/imurmurhash cache-miss
1085 http cache https://registry.npmjs.org/cross-spawn 6ms (cache hit)
1086 silly packumentCache full:https://registry.npmjs.org/cross-spawn set size:109066 disposed:false
1087 silly fetch manifest @eslint/core@^0.17.0
1088 silly packumentCache full:https://registry.npmjs.org/@eslint%2fcore cache-miss
1089 http cache https://registry.npmjs.org/glob-parent 5ms (cache hit)
1090 silly packumentCache full:https://registry.npmjs.org/glob-parent set size:42445 disposed:false
1091 silly fetch manifest eslint-scope@^8.4.0
1092 silly packumentCache full:https://registry.npmjs.org/eslint-scope cache-miss
1093 http cache https://registry.npmjs.org/imurmurhash 5ms (cache hit)
1094 silly packumentCache full:https://registry.npmjs.org/imurmurhash set size:35819 disposed:false
1095 silly fetch manifest lodash.merge@^4.6.2
1096 silly packumentCache full:https://registry.npmjs.org/lodash.merge cache-miss
1097 http cache https://registry.npmjs.org/eslint-scope 4ms (cache hit)
1098 silly packumentCache full:https://registry.npmjs.org/eslint-scope set size:98867 disposed:false
1099 silly fetch manifest @humanfs/node@^0.16.6
1100 silly packumentCache full:https://registry.npmjs.org/@humanfs%2fnode cache-miss
1101 http cache https://registry.npmjs.org/@eslint%2fcore 6ms (cache hit)
1102 silly packumentCache full:https://registry.npmjs.org/@eslint%2fcore set size:58023 disposed:false
1103 silly fetch manifest @types/estree@^1.0.6
1104 silly packumentCache full:https://registry.npmjs.org/@types%2festree cache-miss
1105 http cache https://registry.npmjs.org/@humanfs%2fnode 3ms (cache hit)
1106 silly packumentCache full:https://registry.npmjs.org/@humanfs%2fnode set size:41984 disposed:false
1107 silly fetch manifest fast-deep-equal@^3.1.3
1108 silly packumentCache full:https://registry.npmjs.org/fast-deep-equal cache-miss
1109 http cache https://registry.npmjs.org/lodash.merge 7ms (cache hit)
1110 silly packumentCache full:https://registry.npmjs.org/lodash.merge set size:78575 disposed:false
1111 silly fetch manifest natural-compare@^1.4.0
1112 silly packumentCache full:https://registry.npmjs.org/natural-compare cache-miss
1113 http cache https://registry.npmjs.org/@types%2festree 5ms (cache hit)
1114 silly packumentCache full:https://registry.npmjs.org/@types%2festree set size:76104 disposed:false
1115 silly fetch manifest @eslint/eslintrc@^3.3.6
1116 silly packumentCache full:https://registry.npmjs.org/@eslint%2feslintrc cache-miss
1117 http cache https://registry.npmjs.org/fast-deep-equal 6ms (cache hit)
1118 silly packumentCache full:https://registry.npmjs.org/fast-deep-equal set size:48634 disposed:false
1119 silly fetch manifest file-entry-cache@^8.0.0
1120 silly packumentCache full:https://registry.npmjs.org/file-entry-cache cache-miss
1121 http cache https://registry.npmjs.org/natural-compare 6ms (cache hit)
1122 silly packumentCache full:https://registry.npmjs.org/natural-compare set size:7852 disposed:false
1123 silly fetch manifest @eslint/plugin-kit@^0.4.1
1124 silly packumentCache full:https://registry.npmjs.org/@eslint%2fplugin-kit cache-miss
1125 http cache https://registry.npmjs.org/@eslint%2feslintrc 5ms (cache hit)
1126 silly packumentCache full:https://registry.npmjs.org/@eslint%2feslintrc set size:174680 disposed:false
1127 silly fetch manifest eslint-visitor-keys@^4.2.1
1128 silly packumentCache full:https://registry.npmjs.org/eslint-visitor-keys cache-miss
1129 http cache https://registry.npmjs.org/file-entry-cache 5ms (cache hit)
1130 silly packumentCache full:https://registry.npmjs.org/file-entry-cache set size:127681 disposed:false
1131 silly fetch manifest @eslint/config-array@^0.21.2
1132 silly packumentCache full:https://registry.npmjs.org/@eslint%2fconfig-array cache-miss
1133 http cache https://registry.npmjs.org/eslint-visitor-keys 4ms (cache hit)
1134 silly packumentCache full:https://registry.npmjs.org/eslint-visitor-keys set size:69949 disposed:false
1135 silly fetch manifest @humanwhocodes/retry@^0.4.2
1136 silly packumentCache full:https://registry.npmjs.org/@humanwhocodes%2fretry cache-miss
1137 http cache https://registry.npmjs.org/@eslint%2fplugin-kit 7ms (cache hit)
1138 silly packumentCache full:https://registry.npmjs.org/@eslint%2fplugin-kit set size:79166 disposed:false
1139 silly fetch manifest escape-string-regexp@^4.0.0
1140 silly packumentCache full:https://registry.npmjs.org/escape-string-regexp cache-miss
1141 http cache https://registry.npmjs.org/@eslint%2fconfig-array 5ms (cache hit)
1142 silly packumentCache full:https://registry.npmjs.org/@eslint%2fconfig-array set size:74140 disposed:false
1143 silly fetch manifest @eslint/config-helpers@^0.4.2
1144 silly packumentCache full:https://registry.npmjs.org/@eslint%2fconfig-helpers cache-miss
1145 http cache https://registry.npmjs.org/@humanwhocodes%2fretry 5ms (cache hit)
1146 silly packumentCache full:https://registry.npmjs.org/@humanwhocodes%2fretry set size:42348 disposed:false
1147 silly fetch manifest @eslint-community/regexpp@^4.12.1
1148 silly packumentCache full:https://registry.npmjs.org/@eslint-community%2fregexpp cache-miss
1149 http cache https://registry.npmjs.org/escape-string-regexp 5ms (cache hit)
1150 silly packumentCache full:https://registry.npmjs.org/escape-string-regexp set size:22244 disposed:false
1151 silly fetch manifest @eslint-community/eslint-utils@^4.8.0
1152 silly packumentCache full:https://registry.npmjs.org/@eslint-community%2feslint-utils cache-miss
1153 http cache https://registry.npmjs.org/@eslint-community%2fregexpp 4ms (cache hit)
1154 silly packumentCache full:https://registry.npmjs.org/@eslint-community%2fregexpp set size:106609 disposed:false
1155 silly fetch manifest @humanwhocodes/module-importer@^1.0.1
1156 silly packumentCache full:https://registry.npmjs.org/@humanwhocodes%2fmodule-importer cache-miss
1157 http cache https://registry.npmjs.org/@eslint%2fconfig-helpers 7ms (cache hit)
1158 silly packumentCache full:https://registry.npmjs.org/@eslint%2fconfig-helpers set size:55216 disposed:false
1159 silly fetch manifest json-stable-stringify-without-jsonify@^1.0.1
1160 silly packumentCache full:https://registry.npmjs.org/json-stable-stringify-without-jsonify cache-miss
1161 http cache https://registry.npmjs.org/@eslint-community%2feslint-utils 6ms (cache hit)
1162 silly packumentCache full:https://registry.npmjs.org/@eslint-community%2feslint-utils set size:108339 disposed:false
1163 silly fetch manifest qrcode@1.5.4
1164 silly packumentCache full:https://registry.npmjs.org/qrcode cache-miss
1165 http cache https://registry.npmjs.org/@humanwhocodes%2fmodule-importer 6ms (cache hit)
1166 silly packumentCache full:https://registry.npmjs.org/@humanwhocodes%2fmodule-importer set size:9516 disposed:false
1167 silly fetch manifest @codemirror/view@^6.0.0
1168 silly packumentCache full:https://registry.npmjs.org/@codemirror%2fview cache-miss
1169 http cache https://registry.npmjs.org/json-stable-stringify-without-jsonify 5ms (cache hit)
1170 silly packumentCache full:https://registry.npmjs.org/json-stable-stringify-without-jsonify set size:5808 disposed:false
1171 silly fetch manifest @codemirror/search@^6.0.0
1172 silly packumentCache full:https://registry.npmjs.org/@codemirror%2fsearch cache-miss
1173 http cache https://registry.npmjs.org/@codemirror%2fview 4ms (cache hit)
1174 silly packumentCache full:https://registry.npmjs.org/@codemirror%2fview set size:595962 disposed:false
1175 silly fetch manifest @codemirror/commands@^6.0.0
1176 silly packumentCache full:https://registry.npmjs.org/@codemirror%2fcommands cache-miss
1177 http fetch GET 200 https://registry.npmjs.org/qrcode 35ms (cache miss)
1178 silly packumentCache full:https://registry.npmjs.org/qrcode set size:undefined disposed:false
1179 silly fetch manifest open@^8.4.0
1180 silly packumentCache full:https://registry.npmjs.org/open cache-miss
1181 http fetch GET 200 https://registry.npmjs.org/@codemirror%2fsearch 38ms (cache miss)
1182 silly packumentCache full:https://registry.npmjs.org/@codemirror%2fsearch set size:undefined disposed:false
1183 silly fetch manifest picomatch@^4.0.0
1184 silly packumentCache full:https://registry.npmjs.org/picomatch cache-hit
1185 silly fetch manifest yargs@^17.6.2
1186 silly packumentCache full:https://registry.npmjs.org/yargs cache-hit
1187 silly fetch manifest saxes@^6.0.0
1188 silly packumentCache full:https://registry.npmjs.org/saxes cache-miss
1189 http fetch GET 200 https://registry.npmjs.org/saxes 27ms (cache miss)
1190 silly packumentCache full:https://registry.npmjs.org/saxes set size:undefined disposed:false
1191 silly fetch manifest parse5@^8.0.1
1192 silly packumentCache full:https://registry.npmjs.org/parse5 cache-miss
1193 http fetch GET 200 https://registry.npmjs.org/open 36ms (cache miss)
1194 silly packumentCache full:https://registry.npmjs.org/open set size:undefined disposed:false
1195 silly fetch manifest undici@^7.25.0
1196 silly packumentCache full:https://registry.npmjs.org/undici cache-miss
1197 http cache https://registry.npmjs.org/parse5 3ms (cache hit)
1198 silly packumentCache full:https://registry.npmjs.org/parse5 set size:123116 disposed:false
1199 silly fetch manifest css-tree@^3.2.1
1200 silly packumentCache full:https://registry.npmjs.org/css-tree cache-miss
1201 http cache https://registry.npmjs.org/undici 7ms (cache hit)
1202 silly packumentCache full:https://registry.npmjs.org/undici set size:1558776 disposed:false
1203 silly fetch manifest data-urls@^7.0.0
1204 silly packumentCache full:https://registry.npmjs.org/data-urls cache-miss
1205 http fetch GET 200 https://registry.npmjs.org/@codemirror%2fcommands 81ms (cache miss)
1206 silly packumentCache full:https://registry.npmjs.org/@codemirror%2fcommands set size:undefined disposed:false
1207 silly fetch manifest lru-cache@~11.2.7
1208 silly packumentCache full:https://registry.npmjs.org/lru-cache cache-miss
1209 http cache https://registry.npmjs.org/lru-cache 2ms (cache hit)
1210 silly packumentCache full:https://registry.npmjs.org/lru-cache set size:465506 disposed:false
1211 silly fetch manifest decimal.js@^10.6.0
1212 silly packumentCache full:https://registry.npmjs.org/decimal.js cache-miss
1213 http fetch GET 200 https://registry.npmjs.org/css-tree 29ms (cache miss)
1214 silly packumentCache full:https://registry.npmjs.org/css-tree set size:undefined disposed:false
1215 silly fetch manifest whatwg-url@^16.0.1
1216 silly packumentCache full:https://registry.npmjs.org/whatwg-url cache-miss
1217 http fetch GET 200 https://registry.npmjs.org/data-urls 28ms (cache miss)
1218 silly packumentCache full:https://registry.npmjs.org/data-urls set size:undefined disposed:false
1219 silly fetch manifest symbol-tree@^3.2.4
1220 silly packumentCache full:https://registry.npmjs.org/symbol-tree cache-miss
1221 http fetch GET 200 https://registry.npmjs.org/whatwg-url 26ms (cache miss)
1222 silly packumentCache full:https://registry.npmjs.org/whatwg-url set size:undefined disposed:false
1223 silly fetch manifest tough-cookie@^6.0.1
1224 silly packumentCache full:https://registry.npmjs.org/tough-cookie cache-miss
1225 http cache https://registry.npmjs.org/tough-cookie 2ms (cache hit)
1226 silly packumentCache full:https://registry.npmjs.org/tough-cookie set size:152921 disposed:false
1227 silly fetch manifest @exodus/bytes@^1.15.0
1228 silly packumentCache full:https://registry.npmjs.org/@exodus%2fbytes cache-miss
1229 http fetch GET 200 https://registry.npmjs.org/symbol-tree 30ms (cache miss)
1230 silly packumentCache full:https://registry.npmjs.org/symbol-tree set size:undefined disposed:false
1231 silly fetch manifest whatwg-mimetype@^5.0.0
1232 silly packumentCache full:https://registry.npmjs.org/whatwg-mimetype cache-miss
1233 http fetch GET 200 https://registry.npmjs.org/decimal.js 55ms (cache miss)
1234 silly packumentCache full:https://registry.npmjs.org/decimal.js set size:undefined disposed:false
1235 silly fetch manifest w3c-xmlserializer@^5.0.0
1236 silly packumentCache full:https://registry.npmjs.org/w3c-xmlserializer cache-miss
1237 http fetch GET 200 https://registry.npmjs.org/whatwg-mimetype 30ms (cache miss)
1238 silly packumentCache full:https://registry.npmjs.org/whatwg-mimetype set size:undefined disposed:false
1239 silly fetch manifest webidl-conversions@^8.0.1
1240 silly packumentCache full:https://registry.npmjs.org/webidl-conversions cache-miss
1241 http fetch GET 200 https://registry.npmjs.org/w3c-xmlserializer 38ms (cache miss)
1242 silly packumentCache full:https://registry.npmjs.org/w3c-xmlserializer set size:undefined disposed:false
1243 silly fetch manifest xml-name-validator@^5.0.0
1244 silly packumentCache full:https://registry.npmjs.org/xml-name-validator cache-miss
1245 http fetch GET 200 https://registry.npmjs.org/@exodus%2fbytes 69ms (cache miss)
1246 silly packumentCache full:https://registry.npmjs.org/@exodus%2fbytes set size:undefined disposed:false
1247 silly fetch manifest @bramus/specificity@^2.4.2
1248 silly packumentCache full:https://registry.npmjs.org/@bramus%2fspecificity cache-miss
1249 http fetch GET 200 https://registry.npmjs.org/webidl-conversions 32ms (cache miss)
1250 silly packumentCache full:https://registry.npmjs.org/webidl-conversions set size:undefined disposed:false
1251 silly fetch manifest @asamuzakjp/css-color@^5.1.11
1252 silly packumentCache full:https://registry.npmjs.org/@asamuzakjp%2fcss-color cache-miss
1253 http fetch GET 200 https://registry.npmjs.org/xml-name-validator 25ms (cache miss)
1254 silly packumentCache full:https://registry.npmjs.org/xml-name-validator set size:undefined disposed:false
1255 silly fetch manifest html-encoding-sniffer@^6.0.0
1256 silly packumentCache full:https://registry.npmjs.org/html-encoding-sniffer cache-miss
1257 http fetch GET 200 https://registry.npmjs.org/@bramus%2fspecificity 37ms (cache miss)
1258 silly packumentCache full:https://registry.npmjs.org/@bramus%2fspecificity set size:undefined disposed:false
1259 silly fetch manifest @asamuzakjp/dom-selector@^7.1.1
1260 silly packumentCache full:https://registry.npmjs.org/@asamuzakjp%2fdom-selector cache-miss
1261 http fetch GET 200 https://registry.npmjs.org/@asamuzakjp%2fcss-color 47ms (cache miss)
1262 silly packumentCache full:https://registry.npmjs.org/@asamuzakjp%2fcss-color set size:undefined disposed:false
1263 silly fetch manifest is-potential-custom-element-name@^1.0.1
1264 silly packumentCache full:https://registry.npmjs.org/is-potential-custom-element-name cache-miss
1265 http fetch GET 200 https://registry.npmjs.org/html-encoding-sniffer 43ms (cache miss)
1266 silly packumentCache full:https://registry.npmjs.org/html-encoding-sniffer set size:undefined disposed:false
1267 silly fetch manifest @csstools/css-syntax-patches-for-csstree@^1.1.3
1268 silly packumentCache full:https://registry.npmjs.org/@csstools%2fcss-syntax-patches-for-csstree cache-miss
1269 http fetch GET 200 https://registry.npmjs.org/is-potential-custom-element-name 31ms (cache miss)
1270 silly packumentCache full:https://registry.npmjs.org/is-potential-custom-element-name set size:undefined disposed:false
1271 silly fetch manifest immutable@^5.1.5
1272 silly packumentCache full:https://registry.npmjs.org/immutable cache-miss
1273 http fetch GET 200 https://registry.npmjs.org/@asamuzakjp%2fdom-selector 51ms (cache miss)
1274 silly packumentCache full:https://registry.npmjs.org/@asamuzakjp%2fdom-selector set size:undefined disposed:false
1275 silly fetch manifest source-map-js@>=0.6.2 <2.0.0
1276 silly packumentCache full:https://registry.npmjs.org/source-map-js cache-miss
1277 http fetch GET 200 https://registry.npmjs.org/@csstools%2fcss-syntax-patches-for-csstree 73ms (cache miss)
1278 silly packumentCache full:https://registry.npmjs.org/@csstools%2fcss-syntax-patches-for-csstree set size:undefined disposed:false
1279 silly fetch manifest @parcel/watcher@^2.4.1
1280 silly packumentCache full:https://registry.npmjs.org/@parcel%2fwatcher cache-miss
1281 http fetch GET 200 https://registry.npmjs.org/source-map-js 35ms (cache miss)
1282 silly packumentCache full:https://registry.npmjs.org/source-map-js set size:undefined disposed:false
1283 silly fetch manifest debug@~4.3.1
1284 silly packumentCache full:https://registry.npmjs.org/debug cache-hit
1285 silly fetch manifest backo2@~1.0.2
1286 silly packumentCache full:https://registry.npmjs.org/backo2 cache-miss
1287 http fetch GET 200 https://registry.npmjs.org/immutable 47ms (cache miss)
1288 silly packumentCache full:https://registry.npmjs.org/immutable set size:undefined disposed:false
1289 silly fetch manifest parseuri@0.0.6
1290 silly packumentCache full:https://registry.npmjs.org/parseuri cache-miss
1291 http cache https://registry.npmjs.org/backo2 5ms (cache hit)
1292 silly packumentCache full:https://registry.npmjs.org/backo2 set size:3477 disposed:false
1293 silly fetch manifest engine.io-client@~4.1.0
1294 silly packumentCache full:https://registry.npmjs.org/engine.io-client cache-miss
1295 http cache https://registry.npmjs.org/@parcel%2fwatcher 7ms (cache hit)
1296 silly packumentCache full:https://registry.npmjs.org/@parcel%2fwatcher set size:124080 disposed:false
1297 silly fetch manifest socket.io-parser@~4.0.4
1298 silly packumentCache full:https://registry.npmjs.org/socket.io-parser cache-miss
1299 http cache https://registry.npmjs.org/parseuri 5ms (cache hit)
1300 silly packumentCache full:https://registry.npmjs.org/parseuri set size:21184 disposed:false
1301 silly fetch manifest component-emitter@~1.3.0
1302 silly packumentCache full:https://registry.npmjs.org/component-emitter cache-miss
1303 http cache https://registry.npmjs.org/engine.io-client 6ms (cache hit)
1304 silly packumentCache full:https://registry.npmjs.org/engine.io-client set size:481324 disposed:false
1305 silly fetch manifest @types/component-emitter@^1.2.10
1306 silly packumentCache full:https://registry.npmjs.org/@types%2fcomponent-emitter cache-miss
1307 http cache https://registry.npmjs.org/socket.io-parser 8ms (cache hit)
1308 silly packumentCache full:https://registry.npmjs.org/socket.io-parser set size:130849 disposed:false
1309 silly fetch manifest meow@^13.2.0
1310 silly packumentCache full:https://registry.npmjs.org/meow cache-miss
1311 http cache https://registry.npmjs.org/component-emitter 8ms (cache hit)
1312 silly packumentCache full:https://registry.npmjs.org/component-emitter set size:23328 disposed:false
1313 silly fetch manifest debug@^4.4.3
1314 silly packumentCache full:https://registry.npmjs.org/debug cache-hit
1315 silly fetch manifest table@^6.9.0
1316 silly packumentCache full:https://registry.npmjs.org/table cache-miss
1317 http cache https://registry.npmjs.org/@types%2fcomponent-emitter 5ms (cache hit)
1318 silly packumentCache full:https://registry.npmjs.org/@types%2fcomponent-emitter set size:25619 disposed:false
1319 silly fetch manifest colord@^2.9.3
1320 silly packumentCache full:https://registry.npmjs.org/colord cache-miss
1321 http fetch GET 200 https://registry.npmjs.org/meow 35ms (cache miss)
1322 silly packumentCache full:https://registry.npmjs.org/meow set size:undefined disposed:false
1323 silly fetch manifest globby@^11.1.0
1324 silly packumentCache full:https://registry.npmjs.org/globby cache-miss
1325 http fetch GET 200 https://registry.npmjs.org/colord 33ms (cache miss)
1326 silly packumentCache full:https://registry.npmjs.org/colord set size:undefined disposed:false
1327 silly fetch manifest ignore@^7.0.5
1328 silly packumentCache full:https://registry.npmjs.org/ignore cache-hit
1329 silly fetch manifest postcss@^8.5.6
1330 silly packumentCache full:https://registry.npmjs.org/postcss cache-hit
1331 silly fetch manifest css-tree@^3.1.0
1332 silly packumentCache full:https://registry.npmjs.org/css-tree cache-miss
1333 http cache https://registry.npmjs.org/css-tree 2ms (cache hit)
1334 silly packumentCache full:https://registry.npmjs.org/css-tree set size:229638 disposed:false
1335 silly fetch manifest globjoin@^0.1.4
1336 silly packumentCache full:https://registry.npmjs.org/globjoin cache-miss
1337 http fetch GET 200 https://registry.npmjs.org/globby 30ms (cache miss)
1338 silly packumentCache full:https://registry.npmjs.org/globby set size:undefined disposed:false
1339 silly fetch manifest svg-tags@^1.0.0
1340 silly packumentCache full:https://registry.npmjs.org/svg-tags cache-miss
1341 http fetch GET 200 https://registry.npmjs.org/globjoin 32ms (cache miss)
1342 silly packumentCache full:https://registry.npmjs.org/globjoin set size:undefined disposed:false
1343 silly fetch manifest fast-glob@^3.3.3
1344 silly packumentCache full:https://registry.npmjs.org/fast-glob cache-miss
1345 http fetch GET 200 https://registry.npmjs.org/table 82ms (cache miss)
1346 silly packumentCache full:https://registry.npmjs.org/table set size:undefined disposed:false
1347 silly fetch manifest html-tags@^3.3.1
1348 silly packumentCache full:https://registry.npmjs.org/html-tags cache-miss
1349 http fetch GET 200 https://registry.npmjs.org/svg-tags 33ms (cache miss)
1350 silly packumentCache full:https://registry.npmjs.org/svg-tags set size:undefined disposed:false
1351 silly fetch manifest micromatch@^4.0.8
1352 silly packumentCache full:https://registry.npmjs.org/micromatch cache-miss
1353 http fetch GET 200 https://registry.npmjs.org/fast-glob 35ms (cache miss)
1354 silly packumentCache full:https://registry.npmjs.org/fast-glob set size:undefined disposed:false
1355 silly fetch manifest picocolors@^1.1.1
1356 silly packumentCache full:https://registry.npmjs.org/picocolors cache-miss
1357 http cache https://registry.npmjs.org/picocolors 1ms (cache hit)
1358 silly packumentCache full:https://registry.npmjs.org/picocolors set size:16648 disposed:false
1359 silly fetch manifest cosmiconfig@^9.0.0
1360 silly packumentCache full:https://registry.npmjs.org/cosmiconfig cache-miss
1361 http fetch GET 200 https://registry.npmjs.org/html-tags 36ms (cache miss)
1362 silly packumentCache full:https://registry.npmjs.org/html-tags set size:undefined disposed:false
1363 silly fetch manifest resolve-from@^5.0.0
1364 silly packumentCache full:https://registry.npmjs.org/resolve-from cache-miss
1365 http cache https://registry.npmjs.org/resolve-from 1ms (cache hit)
1366 silly packumentCache full:https://registry.npmjs.org/resolve-from set size:12911 disposed:false
1367 silly fetch manifest string-width@^4.2.3
1368 silly packumentCache full:https://registry.npmjs.org/string-width cache-miss
1369 http cache https://registry.npmjs.org/string-width 1ms (cache hit)
1370 silly packumentCache full:https://registry.npmjs.org/string-width set size:74702 disposed:false
1371 silly fetch manifest balanced-match@^2.0.0
1372 silly packumentCache full:https://registry.npmjs.org/balanced-match cache-miss
1373 http cache https://registry.npmjs.org/balanced-match 2ms (cache hit)
1374 silly packumentCache full:https://registry.npmjs.org/balanced-match set size:39082 disposed:false
1375 silly fetch manifest global-modules@^2.0.0
1376 silly packumentCache full:https://registry.npmjs.org/global-modules cache-miss
1377 http fetch GET 200 https://registry.npmjs.org/micromatch 34ms (cache miss)
1378 silly packumentCache full:https://registry.npmjs.org/micromatch set size:undefined disposed:false
1379 silly fetch manifest normalize-path@^3.0.0
1380 silly packumentCache full:https://registry.npmjs.org/normalize-path cache-miss
1381 http fetch GET 200 https://registry.npmjs.org/cosmiconfig 36ms (cache miss)
1382 silly packumentCache full:https://registry.npmjs.org/cosmiconfig set size:undefined disposed:false
1383 silly fetch manifest is-plain-object@^5.0.0
1384 silly packumentCache full:https://registry.npmjs.org/is-plain-object cache-miss
1385 http fetch GET 200 https://registry.npmjs.org/normalize-path 25ms (cache miss)
1386 silly packumentCache full:https://registry.npmjs.org/normalize-path set size:undefined disposed:false
1387 silly fetch manifest file-entry-cache@^11.1.1
1388 silly packumentCache full:https://registry.npmjs.org/file-entry-cache cache-hit
1389 silly fetch manifest mathml-tag-names@^2.1.3
1390 silly packumentCache full:https://registry.npmjs.org/mathml-tag-names cache-miss
1391 http fetch GET 200 https://registry.npmjs.org/global-modules 38ms (cache miss)
1392 silly packumentCache full:https://registry.npmjs.org/global-modules set size:undefined disposed:false
1393 silly fetch manifest write-file-atomic@^5.0.1
1394 silly packumentCache full:https://registry.npmjs.org/write-file-atomic cache-miss
1395 http cache https://registry.npmjs.org/write-file-atomic 1ms (cache hit)
1396 silly packumentCache full:https://registry.npmjs.org/write-file-atomic set size:82781 disposed:false
1397 silly fetch manifest css-functions-list@^3.2.3
1398 silly packumentCache full:https://registry.npmjs.org/css-functions-list cache-miss
1399 http fetch GET 200 https://registry.npmjs.org/is-plain-object 34ms (cache miss)
1400 silly packumentCache full:https://registry.npmjs.org/is-plain-object set size:undefined disposed:false
1401 silly fetch manifest fastest-levenshtein@^1.0.16
1402 silly packumentCache full:https://registry.npmjs.org/fastest-levenshtein cache-miss
1403 http fetch GET 200 https://registry.npmjs.org/mathml-tag-names 26ms (cache miss)
1404 silly packumentCache full:https://registry.npmjs.org/mathml-tag-names set size:undefined disposed:false
1405 silly fetch manifest postcss-safe-parser@^7.0.1
1406 silly packumentCache full:https://registry.npmjs.org/postcss-safe-parser cache-miss
1407 http fetch GET 200 https://registry.npmjs.org/css-functions-list 33ms (cache miss)
1408 silly packumentCache full:https://registry.npmjs.org/css-functions-list set size:undefined disposed:false
1409 silly fetch manifest supports-hyperlinks@^3.2.0
1410 silly packumentCache full:https://registry.npmjs.org/supports-hyperlinks cache-miss
1411 http fetch GET 200 https://registry.npmjs.org/postcss-safe-parser 25ms (cache miss)
1412 silly packumentCache full:https://registry.npmjs.org/postcss-safe-parser set size:undefined disposed:false
1413 silly fetch manifest known-css-properties@^0.37.0
1414 silly packumentCache full:https://registry.npmjs.org/known-css-properties cache-miss
1415 http fetch GET 200 https://registry.npmjs.org/fastest-levenshtein 31ms (cache miss)
1416 silly packumentCache full:https://registry.npmjs.org/fastest-levenshtein set size:undefined disposed:false
1417 silly fetch manifest postcss-value-parser@^4.2.0
1418 silly packumentCache full:https://registry.npmjs.org/postcss-value-parser cache-miss
1419 http fetch GET 200 https://registry.npmjs.org/known-css-properties 26ms (cache miss)
1420 silly packumentCache full:https://registry.npmjs.org/known-css-properties set size:undefined disposed:false
1421 silly fetch manifest @csstools/css-tokenizer@^3.0.4
1422 silly packumentCache full:https://registry.npmjs.org/@csstools%2fcss-tokenizer cache-miss
1423 http fetch GET 200 https://registry.npmjs.org/supports-hyperlinks 49ms (cache miss)
1424 silly packumentCache full:https://registry.npmjs.org/supports-hyperlinks set size:undefined disposed:false
1425 silly fetch manifest postcss-selector-parser@^7.1.0
1426 silly packumentCache full:https://registry.npmjs.org/postcss-selector-parser cache-miss
1427 http fetch GET 200 https://registry.npmjs.org/postcss-value-parser 37ms (cache miss)
1428 silly packumentCache full:https://registry.npmjs.org/postcss-value-parser set size:undefined disposed:false
1429 silly fetch manifest @csstools/selector-specificity@^5.0.0
1430 silly packumentCache full:https://registry.npmjs.org/@csstools%2fselector-specificity cache-miss
1431 http fetch GET 200 https://registry.npmjs.org/@csstools%2fcss-tokenizer 38ms (cache miss)
1432 silly packumentCache full:https://registry.npmjs.org/@csstools%2fcss-tokenizer set size:undefined disposed:false
1433 silly fetch manifest @csstools/css-parser-algorithms@^3.0.5
1434 silly packumentCache full:https://registry.npmjs.org/@csstools%2fcss-parser-algorithms cache-miss
1435 http fetch GET 200 https://registry.npmjs.org/@csstools%2fselector-specificity 42ms (cache miss)
1436 silly packumentCache full:https://registry.npmjs.org/@csstools%2fselector-specificity set size:undefined disposed:false
1437 silly fetch manifest postcss-resolve-nested-selector@^0.1.6
1438 silly packumentCache full:https://registry.npmjs.org/postcss-resolve-nested-selector cache-miss
1439 http fetch GET 200 https://registry.npmjs.org/@csstools%2fcss-parser-algorithms 34ms (cache miss)
1440 silly packumentCache full:https://registry.npmjs.org/@csstools%2fcss-parser-algorithms set size:undefined disposed:false
1441 silly fetch manifest @dual-bundle/import-meta-resolve@^4.2.1
1442 silly packumentCache full:https://registry.npmjs.org/@dual-bundle%2fimport-meta-resolve cache-miss
1443 http fetch GET 200 https://registry.npmjs.org/postcss-resolve-nested-selector 32ms (cache miss)
1444 silly packumentCache full:https://registry.npmjs.org/postcss-resolve-nested-selector set size:undefined disposed:false
1445 silly fetch manifest @csstools/media-query-list-parser@^4.0.3
1446 silly packumentCache full:https://registry.npmjs.org/@csstools%2fmedia-query-list-parser cache-miss
1447 http fetch GET 200 https://registry.npmjs.org/postcss-selector-parser 82ms (cache miss)
1448 silly packumentCache full:https://registry.npmjs.org/postcss-selector-parser set size:undefined disposed:false
1449 silly fetch manifest @csstools/css-syntax-patches-for-csstree@^1.0.19
1450 silly packumentCache full:https://registry.npmjs.org/@csstools%2fcss-syntax-patches-for-csstree cache-miss
1451 http cache https://registry.npmjs.org/@csstools%2fcss-syntax-patches-for-csstree 2ms (cache hit)
1452 silly packumentCache full:https://registry.npmjs.org/@csstools%2fcss-syntax-patches-for-csstree set size:100417 disposed:false
1453 silly fetch manifest postcss-scss@^4.0.9
1454 silly packumentCache full:https://registry.npmjs.org/postcss-scss cache-miss
1455 http fetch GET 200 https://registry.npmjs.org/@dual-bundle%2fimport-meta-resolve 34ms (cache miss)
1456 silly packumentCache full:https://registry.npmjs.org/@dual-bundle%2fimport-meta-resolve set size:undefined disposed:false
1457 silly fetch manifest stylelint-scss@^6.2.1
1458 silly packumentCache full:https://registry.npmjs.org/stylelint-scss cache-miss
1459 http cache https://registry.npmjs.org/stylelint-scss 2ms (cache hit)
1460 silly packumentCache full:https://registry.npmjs.org/stylelint-scss set size:522086 disposed:false
1461 silly fetch manifest @stylistic/stylelint-plugin@^3.0.1
1462 silly packumentCache full:https://registry.npmjs.org/@stylistic%2fstylelint-plugin cache-miss
1463 http fetch GET 200 https://registry.npmjs.org/postcss-scss 32ms (cache miss)
1464 silly packumentCache full:https://registry.npmjs.org/postcss-scss set size:undefined disposed:false
1465 silly fetch manifest nanoid@^3.3.18
1466 silly packumentCache full:https://registry.npmjs.org/nanoid cache-miss
1467 http fetch GET 200 https://registry.npmjs.org/@csstools%2fmedia-query-list-parser 47ms (cache miss)
1468 silly packumentCache full:https://registry.npmjs.org/@csstools%2fmedia-query-list-parser set size:undefined disposed:false
1469 silly fetch manifest source-map-js@^1.2.1
1470 silly packumentCache full:https://registry.npmjs.org/source-map-js cache-miss
1471 http cache https://registry.npmjs.org/source-map-js 2ms (cache hit)
1472 silly packumentCache full:https://registry.npmjs.org/source-map-js set size:66688 disposed:false
1473 silly fetch manifest css-tree@^3.0.1
1474 silly packumentCache full:https://registry.npmjs.org/css-tree cache-hit
1475 silly fetch manifest mdn-data@^2.25.0
1476 silly packumentCache full:https://registry.npmjs.org/mdn-data cache-miss
1477 http fetch GET 200 https://registry.npmjs.org/mdn-data 49ms (cache miss)
1478 silly packumentCache full:https://registry.npmjs.org/mdn-data set size:undefined disposed:false
1479 silly fetch manifest postcss-selector-parser@^7.1.1
1480 silly packumentCache full:https://registry.npmjs.org/postcss-selector-parser cache-miss
1481 http cache https://registry.npmjs.org/postcss-selector-parser 2ms (cache hit)
1482 silly packumentCache full:https://registry.npmjs.org/postcss-selector-parser set size:199901 disposed:false
1483 silly fetch manifest postcss-media-query-parser@^0.2.3
1484 silly packumentCache full:https://registry.npmjs.org/postcss-media-query-parser cache-miss
1485 http fetch GET 200 https://registry.npmjs.org/nanoid 66ms (cache miss)
1486 silly packumentCache full:https://registry.npmjs.org/nanoid set size:undefined disposed:false
1487 http fetch GET 200 https://registry.npmjs.org/postcss-media-query-parser 32ms (cache miss)
1488 silly packumentCache full:https://registry.npmjs.org/postcss-media-query-parser set size:undefined disposed:false
1489 http fetch GET 200 https://registry.npmjs.org/@stylistic%2fstylelint-plugin 228ms (cache miss)
1490 silly packumentCache full:https://registry.npmjs.org/@stylistic%2fstylelint-plugin set size:undefined disposed:false
1491 silly fetch manifest @types/node@^20.19.0 || >=22.12.0
1492 silly packumentCache full:https://registry.npmjs.org/@types%2fnode cache-miss
1493 http cache https://registry.npmjs.org/@types%2fnode 20ms (cache hit)
1494 silly packumentCache full:https://registry.npmjs.org/@types%2fnode set size:11171832 disposed:false
1495 silly fetch manifest @vitejs/devtools@^0.7.1
1496 silly packumentCache full:https://registry.npmjs.org/@vitejs%2fdevtools cache-miss
1497 http fetch GET 200 https://registry.npmjs.org/@vitejs%2fdevtools 72ms (cache miss)
1498 silly packumentCache full:https://registry.npmjs.org/@vitejs%2fdevtools set size:undefined disposed:false
1499 silly fetch manifest @vitejs/devtools-oxc@^0.7.6
1500 silly packumentCache full:https://registry.npmjs.org/@vitejs%2fdevtools-oxc cache-miss
1501 http fetch GET 200 https://registry.npmjs.org/@vitejs%2fdevtools-oxc 46ms (cache miss)
1502 silly packumentCache full:https://registry.npmjs.org/@vitejs%2fdevtools-oxc set size:undefined disposed:false
1503 silly fetch manifest @vitejs/devtools-rolldown@^0.7.6
1504 silly packumentCache full:https://registry.npmjs.org/@vitejs%2fdevtools-rolldown cache-miss
1505 http fetch GET 200 https://registry.npmjs.org/@vitejs%2fdevtools-rolldown 39ms (cache miss)
1506 silly packumentCache full:https://registry.npmjs.org/@vitejs%2fdevtools-rolldown set size:undefined disposed:false
1507 silly fetch manifest @vitejs/devtools-vite@^0.7.6
1508 silly packumentCache full:https://registry.npmjs.org/@vitejs%2fdevtools-vite cache-miss
1509 http fetch GET 200 https://registry.npmjs.org/@vitejs%2fdevtools-vite 116ms (cache miss)
1510 silly packumentCache full:https://registry.npmjs.org/@vitejs%2fdevtools-vite set size:undefined disposed:false
1511 silly fetch manifest @vitejs/devtools-vitest@^0.7.6
1512 silly packumentCache full:https://registry.npmjs.org/@vitejs%2fdevtools-vitest cache-miss
1513 http fetch GET 200 https://registry.npmjs.org/@vitejs%2fdevtools-vitest 48ms (cache miss)
1514 silly packumentCache full:https://registry.npmjs.org/@vitejs%2fdevtools-vitest set size:undefined disposed:false
1515 silly fetch manifest vitest@^4.0.8 || ^5.0.0
1516 silly packumentCache full:https://registry.npmjs.org/vitest cache-miss
1517 http cache https://registry.npmjs.org/vitest 5ms (cache hit)
1518 silly packumentCache full:https://registry.npmjs.org/vitest set size:2275010 disposed:false
1519 silly fetch manifest @vitest/browser-playwright@5.0.3
1520 silly packumentCache full:https://registry.npmjs.org/@vitest%2fbrowser-playwright cache-miss
1521 http cache https://registry.npmjs.org/@vitest%2fbrowser-playwright 27ms (cache hit)
1522 silly packumentCache full:https://registry.npmjs.org/@vitest%2fbrowser-playwright set size:162880 disposed:false
1523 silly fetch manifest @vitest/browser-preview@5.0.3
1524 silly packumentCache full:https://registry.npmjs.org/@vitest%2fbrowser-preview cache-miss
1525 http cache https://registry.npmjs.org/@vitest%2fbrowser-preview 1ms (cache hit)
1526 silly packumentCache full:https://registry.npmjs.org/@vitest%2fbrowser-preview set size:156316 disposed:false
1527 silly fetch manifest @vitest/browser-webdriverio@^5.0.0-beta.5 || >=5.0.0
1528 silly packumentCache full:https://registry.npmjs.org/@vitest%2fbrowser-webdriverio cache-miss
1529 http cache https://registry.npmjs.org/@vitest%2fbrowser-webdriverio 1ms (cache hit)
1530 silly packumentCache full:https://registry.npmjs.org/@vitest%2fbrowser-webdriverio set size:144024 disposed:false
1531 silly fetch manifest @vitest/coverage-istanbul@5.0.3
1532 silly packumentCache full:https://registry.npmjs.org/@vitest%2fcoverage-istanbul cache-miss
1533 http cache https://registry.npmjs.org/@vitest%2fcoverage-istanbul 2ms (cache hit)
1534 silly packumentCache full:https://registry.npmjs.org/@vitest%2fcoverage-istanbul set size:718242 disposed:false
1535 silly fetch manifest @vitest/coverage-v8@5.0.3
1536 silly packumentCache full:https://registry.npmjs.org/@vitest%2fcoverage-v8 cache-miss
1537 http cache https://registry.npmjs.org/@vitest%2fcoverage-v8 2ms (cache hit)
1538 silly packumentCache full:https://registry.npmjs.org/@vitest%2fcoverage-v8 set size:554644 disposed:false
1539 silly fetch manifest @vitest/browser@5.0.3
1540 silly packumentCache full:https://registry.npmjs.org/@vitest%2fbrowser cache-miss
1541 http cache https://registry.npmjs.org/@vitest%2fbrowser 2ms (cache hit)
1542 silly packumentCache full:https://registry.npmjs.org/@vitest%2fbrowser set size:819647 disposed:false
1543 silly fetch manifest @vitest/ui@5.0.3
1544 silly packumentCache full:https://registry.npmjs.org/@vitest%2fui cache-miss
1545 http cache https://registry.npmjs.org/@vitest%2fui 3ms (cache hit)
1546 silly packumentCache full:https://registry.npmjs.org/@vitest%2fui set size:1305983 disposed:false
1547 silly fetch manifest jsdom@*
1548 silly packumentCache full:https://registry.npmjs.org/jsdom cache-miss
1549 http cache https://registry.npmjs.org/jsdom 3ms (cache hit)
1550 silly packumentCache full:https://registry.npmjs.org/jsdom set size:1088597 disposed:false
1551 silly fetch manifest canvas@^3.2.3
1552 silly packumentCache full:https://registry.npmjs.org/canvas cache-miss
1553 http cache https://registry.npmjs.org/canvas 2ms (cache hit)
1554 silly packumentCache full:https://registry.npmjs.org/canvas set size:353371 disposed:false
1555 silly fetch manifest jiti@>=1.21.0
1556 silly packumentCache full:https://registry.npmjs.org/jiti cache-hit
1557 silly fetch manifest stylus@>=0.54.8
1558 silly packumentCache full:https://registry.npmjs.org/stylus cache-miss
1559 http fetch GET 200 https://registry.npmjs.org/stylus 33ms (cache miss)
1560 silly packumentCache full:https://registry.npmjs.org/stylus set size:undefined disposed:false
1561 silly fetch manifest sugarss@^5.0.0
1562 silly packumentCache full:https://registry.npmjs.org/sugarss cache-miss
1563 http fetch GET 200 https://registry.npmjs.org/sugarss 48ms (cache miss)
1564 silly packumentCache full:https://registry.npmjs.org/sugarss set size:undefined disposed:false
1565 silly fetch manifest terser@^5.16.0
1566 silly packumentCache full:https://registry.npmjs.org/terser cache-miss
1567 http fetch GET 200 https://registry.npmjs.org/terser 55ms (cache miss)
1568 silly packumentCache full:https://registry.npmjs.org/terser set size:undefined disposed:false
1569 silly fetch manifest tsx@^4.8.1
1570 silly packumentCache full:https://registry.npmjs.org/tsx cache-miss
1571 http cache https://registry.npmjs.org/tsx 2ms (cache hit)
1572 silly packumentCache full:https://registry.npmjs.org/tsx set size:349770 disposed:false
1573 silly fetch manifest yaml@^2.4.2
1574 silly packumentCache full:https://registry.npmjs.org/yaml cache-miss
1575 http fetch GET 200 https://registry.npmjs.org/yaml 31ms (cache miss)
1576 silly packumentCache full:https://registry.npmjs.org/yaml set size:undefined disposed:false
1577 silly fetch manifest @types/node@>=18
1578 silly packumentCache full:https://registry.npmjs.org/@types%2fnode cache-miss
1579 http cache https://registry.npmjs.org/@types%2fnode 19ms (cache hit)
1580 silly packumentCache full:https://registry.npmjs.org/@types%2fnode set size:11171832 disposed:false
1581 silly placeDep ROOT @ampproject/remapping@2.3.0 OK for: @angular/build@22.2.1 want: 2.3.0
1582 silly placeDep ROOT @angular-devkit/architect@0.2202.1 OK for: @angular/build@22.2.1 want: 0.2202.1
1583 silly placeDep ROOT @babel/core@8.0.5 OK for: @angular/build@22.2.1 want: 8.0.5
1584 silly placeDep ROOT @inquirer/confirm@6.3.2 OK for: @angular/build@22.2.1 want: 6.3.2
1585 silly placeDep ROOT @parcel/watcher@2.6.0 OK for: @angular/build@22.2.1 want: 2.6.0
1586 silly placeDep ROOT @vitejs/plugin-basic-ssl@2.3.0 OK for: @angular/build@22.2.1 want: 2.3.0
1587 silly placeDep ROOT vite@8.3.0 OK for: @vitejs/plugin-basic-ssl@2.3.0 want: ^6.0.0 || ^7.0.0 || ^8.0.0
1588 silly placeDep ROOT beasties@0.5.4 OK for: @angular/build@22.2.1 want: 0.5.4
1589 silly placeDep ROOT browserslist@4.29.3 OK for: @angular/build@22.2.1 want: ^4.26.0
1590 silly placeDep ROOT chokidar@5.0.0 OK for: @angular/build@22.2.1 want: 5.0.0
1591 silly placeDep ROOT esbuild@0.28.2 OK for: @angular/build@22.2.1 want: 0.28.2
1592 silly placeDep ROOT https-proxy-agent@9.1.0 OK for: @angular/build@22.2.1 want: 9.1.0
1593 silly placeDep ROOT jsonc-parser@3.3.1 OK for: @angular/build@22.2.1 want: 3.3.1
1594 silly placeDep ROOT listr2@11.1.0 OK for: @angular/build@22.2.1 want: 11.1.0
1595 silly placeDep ROOT lmdb@3.5.6 OK for: @angular/build@22.2.1 want: 3.5.6
1596 silly placeDep ROOT magic-string@1.4.1 OK for: @angular/build@22.2.1 want: 1.4.1
1597 silly placeDep ROOT mrmime@2.0.1 OK for: @angular/build@22.2.1 want: 2.0.1
1598 silly placeDep ROOT oxc-parser@0.150.0 OK for: @angular/build@22.2.1 want: 0.150.0
1599 silly placeDep ROOT parse5-html-rewriting-stream@8.0.1 OK for: @angular/build@22.2.1 want: 8.0.1
1600 silly placeDep ROOT picomatch@4.0.7 OK for: @angular/build@22.2.1 want: 4.0.7
1601 silly placeDep ROOT piscina@5.3.2 OK for: @angular/build@22.2.1 want: 5.3.2
1602 silly placeDep ROOT rolldown@1.2.8 OK for: @angular/build@22.2.1 want: 1.2.8
1603 silly placeDep node_modules/@angular/build sass@1.104.1 OK for: @angular/build@22.2.1 want: 1.104.1
1604 silly placeDep ROOT sass-embedded@1.104.1 OK for: @angular/build@22.2.1 want: 1.104.1
1605 silly placeDep ROOT semver@7.8.5 OK for: @angular/build@22.2.1 want: 7.8.5
1606 silly placeDep ROOT source-map-support@0.5.21 OK for: @angular/build@22.2.1 want: 0.5.21
1607 silly placeDep ROOT tinyglobby@0.2.17 OK for: @angular/build@22.2.1 want: 0.2.17
1608 silly placeDep ROOT xxhash-wasm@1.1.0 OK for: @angular/build@22.2.1 want: 1.1.0
1609 silly fetch manifest @jridgewell/gen-mapping@^0.3.5
1610 silly packumentCache full:https://registry.npmjs.org/@jridgewell%2fgen-mapping cache-miss
1611 silly fetch manifest @jridgewell/trace-mapping@^0.3.24
1612 silly packumentCache full:https://registry.npmjs.org/@jridgewell%2ftrace-mapping cache-miss
1613 silly fetch manifest json5@^2.2.3
1614 silly packumentCache full:https://registry.npmjs.org/json5 cache-miss
1615 http cache https://registry.npmjs.org/json5 3ms (cache hit)
1616 silly packumentCache full:https://registry.npmjs.org/json5 set size:86136 disposed:false
1617 silly fetch manifest verkit@^0.3.2
1618 silly packumentCache full:https://registry.npmjs.org/verkit cache-miss
1619 http cache https://registry.npmjs.org/@jridgewell%2ftrace-mapping 5ms (cache hit)
1620 silly packumentCache full:https://registry.npmjs.org/@jridgewell%2ftrace-mapping set size:170909 disposed:false
1621 silly fetch manifest gensync@^1.0.0-beta.2
1622 silly packumentCache full:https://registry.npmjs.org/gensync cache-miss
1623 http cache https://registry.npmjs.org/@jridgewell%2fgen-mapping 8ms (cache hit)
1624 silly packumentCache full:https://registry.npmjs.org/@jridgewell%2fgen-mapping set size:75941 disposed:false
1625 silly fetch manifest empathic@^2.0.1
1626 silly packumentCache full:https://registry.npmjs.org/empathic cache-miss
1627 http cache https://registry.npmjs.org/gensync 3ms (cache hit)
1628 silly packumentCache full:https://registry.npmjs.org/gensync set size:15068 disposed:false
1629 silly fetch manifest @babel/types@^8.0.5
1630 silly packumentCache full:https://registry.npmjs.org/@babel%2ftypes cache-miss
1631 http cache https://registry.npmjs.org/@babel%2ftypes 2ms (cache hit)
1632 silly packumentCache full:https://registry.npmjs.org/@babel%2ftypes set size:507562 disposed:false
1633 silly fetch manifest @babel/parser@^8.0.5
1634 silly packumentCache full:https://registry.npmjs.org/@babel%2fparser cache-miss
1635 http cache https://registry.npmjs.org/@babel%2fparser 3ms (cache hit)
1636 silly packumentCache full:https://registry.npmjs.org/@babel%2fparser set size:745724 disposed:false
1637 silly fetch manifest @babel/helpers@^8.0.5
1638 silly packumentCache full:https://registry.npmjs.org/@babel%2fhelpers cache-miss
1639 http cache https://registry.npmjs.org/@babel%2fhelpers 5ms (cache hit)
1640 silly packumentCache full:https://registry.npmjs.org/@babel%2fhelpers set size:400815 disposed:false
1641 silly fetch manifest @types/gensync@^1.0.5
1642 silly packumentCache full:https://registry.npmjs.org/@types%2fgensync cache-miss
1643 http fetch GET 200 https://registry.npmjs.org/verkit 30ms (cache miss)
1644 silly packumentCache full:https://registry.npmjs.org/verkit set size:undefined disposed:false
1645 silly fetch manifest @babel/template@^8.0.0
1646 silly packumentCache full:https://registry.npmjs.org/@babel%2ftemplate cache-miss
1647 http cache https://registry.npmjs.org/@babel%2ftemplate 1ms (cache hit)
1648 silly packumentCache full:https://registry.npmjs.org/@babel%2ftemplate set size:237074 disposed:false
1649 silly fetch manifest @babel/traverse@^8.0.5
1650 silly packumentCache full:https://registry.npmjs.org/@babel%2ftraverse cache-miss
1651 http cache https://registry.npmjs.org/@babel%2ftraverse 2ms (cache hit)
1652 silly packumentCache full:https://registry.npmjs.org/@babel%2ftraverse set size:569712 disposed:false
1653 silly fetch manifest @babel/generator@^8.0.5
1654 silly packumentCache full:https://registry.npmjs.org/@babel%2fgenerator cache-miss
1655 http fetch GET 200 https://registry.npmjs.org/empathic 37ms (cache miss)
1656 silly packumentCache full:https://registry.npmjs.org/empathic set size:undefined disposed:false
1657 silly fetch manifest @babel/code-frame@^8.0.0
1658 silly packumentCache full:https://registry.npmjs.org/@babel%2fcode-frame cache-miss
1659 http cache https://registry.npmjs.org/@babel%2fgenerator 4ms (cache hit)
1660 silly packumentCache full:https://registry.npmjs.org/@babel%2fgenerator set size:527796 disposed:false
1661 silly fetch manifest convert-source-map@^2.0.0
1662 silly packumentCache full:https://registry.npmjs.org/convert-source-map cache-hit
1663 silly fetch manifest import-meta-resolve@^4.2.0
1664 silly packumentCache full:https://registry.npmjs.org/import-meta-resolve cache-miss
1665 http cache https://registry.npmjs.org/@babel%2fcode-frame 5ms (cache hit)
1666 silly packumentCache full:https://registry.npmjs.org/@babel%2fcode-frame set size:208928 disposed:false
1667 silly fetch manifest @babel/helper-compilation-targets@^8.0.5
1668 silly packumentCache full:https://registry.npmjs.org/@babel%2fhelper-compilation-targets cache-miss
1669 http cache https://registry.npmjs.org/@babel%2fhelper-compilation-targets 1ms (cache hit)
1670 silly packumentCache full:https://registry.npmjs.org/@babel%2fhelper-compilation-targets set size:234171 disposed:false
1671 silly fetch manifest @inquirer/core@^12.0.3
1672 silly packumentCache full:https://registry.npmjs.org/@inquirer%2fcore cache-miss
1673 http fetch GET 200 https://registry.npmjs.org/@types%2fgensync 35ms (cache miss)
1674 silly packumentCache full:https://registry.npmjs.org/@types%2fgensync set size:undefined disposed:false
1675 silly fetch manifest @inquirer/type@4.1.1
1676 silly packumentCache full:https://registry.npmjs.org/@inquirer%2ftype cache-miss
1677 http fetch GET 200 https://registry.npmjs.org/import-meta-resolve 35ms (cache miss)
1678 silly packumentCache full:https://registry.npmjs.org/import-meta-resolve set size:undefined disposed:false
1679 silly fetch manifest detect-libc@^2.0.3
1680 silly packumentCache full:https://registry.npmjs.org/detect-libc cache-miss
1681 http cache https://registry.npmjs.org/detect-libc 1ms (cache hit)
1682 silly packumentCache full:https://registry.npmjs.org/detect-libc set size:47861 disposed:false
1683 silly fetch manifest is-glob@^4.0.3
1684 silly packumentCache full:https://registry.npmjs.org/is-glob cache-hit
1685 silly fetch manifest node-addon-api@^7.0.0
1686 silly packumentCache full:https://registry.npmjs.org/node-addon-api cache-miss
1687 http cache https://registry.npmjs.org/node-addon-api 2ms (cache hit)
1688 silly packumentCache full:https://registry.npmjs.org/node-addon-api set size:385298 disposed:false
1689 silly fetch manifest picomatch@^4.0.4
1690 silly packumentCache full:https://registry.npmjs.org/picomatch cache-hit
1691 silly fetch manifest @parcel/watcher-darwin-x64@2.6.0
1692 silly packumentCache full:https://registry.npmjs.org/@parcel%2fwatcher-darwin-x64 cache-miss
1693 http fetch GET 200 https://registry.npmjs.org/@inquirer%2ftype 41ms (cache miss)
1694 silly packumentCache full:https://registry.npmjs.org/@inquirer%2ftype set size:undefined disposed:false
1695 silly fetch manifest @parcel/watcher-darwin-arm64@2.6.0
1696 silly packumentCache full:https://registry.npmjs.org/@parcel%2fwatcher-darwin-arm64 cache-miss
1697 http fetch GET 200 https://registry.npmjs.org/@inquirer%2fcore 52ms (cache miss)
1698 silly packumentCache full:https://registry.npmjs.org/@inquirer%2fcore set size:undefined disposed:false
1699 silly fetch manifest @parcel/watcher-win32-x64@2.6.0
1700 silly packumentCache full:https://registry.npmjs.org/@parcel%2fwatcher-win32-x64 cache-miss
1701 http fetch GET 200 https://registry.npmjs.org/@parcel%2fwatcher-win32-x64 47ms (cache miss)
1702 silly packumentCache full:https://registry.npmjs.org/@parcel%2fwatcher-win32-x64 set size:undefined disposed:false
1703 silly fetch manifest @parcel/watcher-win32-arm64@2.6.0
1704 silly packumentCache full:https://registry.npmjs.org/@parcel%2fwatcher-win32-arm64 cache-miss
1705 http fetch GET 200 https://registry.npmjs.org/@parcel%2fwatcher-darwin-x64 66ms (cache miss)
1706 silly packumentCache full:https://registry.npmjs.org/@parcel%2fwatcher-darwin-x64 set size:undefined disposed:false
1707 silly fetch manifest @parcel/watcher-linux-x64-glibc@2.6.0
1708 silly packumentCache full:https://registry.npmjs.org/@parcel%2fwatcher-linux-x64-glibc cache-miss
1709 http fetch GET 200 https://registry.npmjs.org/@parcel%2fwatcher-darwin-arm64 94ms (cache miss)
1710 silly packumentCache full:https://registry.npmjs.org/@parcel%2fwatcher-darwin-arm64 set size:undefined disposed:false
1711 silly fetch manifest @parcel/watcher-linux-x64-musl@2.6.0
1712 silly packumentCache full:https://registry.npmjs.org/@parcel%2fwatcher-linux-x64-musl cache-miss
1713 http fetch GET 200 https://registry.npmjs.org/@parcel%2fwatcher-win32-arm64 46ms (cache miss)
1714 silly packumentCache full:https://registry.npmjs.org/@parcel%2fwatcher-win32-arm64 set size:undefined disposed:false
1715 silly fetch manifest @parcel/watcher-linux-arm64-glibc@2.6.0
1716 silly packumentCache full:https://registry.npmjs.org/@parcel%2fwatcher-linux-arm64-glibc cache-miss
1717 http fetch GET 200 https://registry.npmjs.org/@parcel%2fwatcher-linux-x64-glibc 75ms (cache miss)
1718 silly packumentCache full:https://registry.npmjs.org/@parcel%2fwatcher-linux-x64-glibc set size:undefined disposed:false
1719 silly fetch manifest @parcel/watcher-linux-arm64-musl@2.6.0
1720 silly packumentCache full:https://registry.npmjs.org/@parcel%2fwatcher-linux-arm64-musl cache-miss
1721 http fetch GET 200 https://registry.npmjs.org/@parcel%2fwatcher-linux-arm64-glibc 45ms (cache miss)
1722 silly packumentCache full:https://registry.npmjs.org/@parcel%2fwatcher-linux-arm64-glibc set size:undefined disposed:false
1723 silly fetch manifest @parcel/watcher-linux-arm-glibc@2.6.0
1724 silly packumentCache full:https://registry.npmjs.org/@parcel%2fwatcher-linux-arm-glibc cache-miss
1725 http fetch GET 200 https://registry.npmjs.org/@parcel%2fwatcher-linux-x64-musl 47ms (cache miss)
1726 silly packumentCache full:https://registry.npmjs.org/@parcel%2fwatcher-linux-x64-musl set size:undefined disposed:false
1727 silly fetch manifest @parcel/watcher-linux-arm-musl@2.6.0
1728 silly packumentCache full:https://registry.npmjs.org/@parcel%2fwatcher-linux-arm-musl cache-miss
1729 http fetch GET 200 https://registry.npmjs.org/@parcel%2fwatcher-linux-arm-musl 39ms (cache miss)
1730 silly packumentCache full:https://registry.npmjs.org/@parcel%2fwatcher-linux-arm-musl set size:undefined disposed:false
1731 silly fetch manifest @parcel/watcher-android-arm64@2.6.0
1732 silly packumentCache full:https://registry.npmjs.org/@parcel%2fwatcher-android-arm64 cache-miss
1733 http fetch GET 200 https://registry.npmjs.org/@parcel%2fwatcher-linux-arm-glibc 44ms (cache miss)
1734 silly packumentCache full:https://registry.npmjs.org/@parcel%2fwatcher-linux-arm-glibc set size:undefined disposed:false
1735 silly fetch manifest @parcel/watcher-freebsd-x64@2.6.0
1736 silly packumentCache full:https://registry.npmjs.org/@parcel%2fwatcher-freebsd-x64 cache-miss
1737 http fetch GET 200 https://registry.npmjs.org/@parcel%2fwatcher-linux-arm64-musl 61ms (cache miss)
1738 silly packumentCache full:https://registry.npmjs.org/@parcel%2fwatcher-linux-arm64-musl set size:undefined disposed:false
1739 silly fetch manifest rolldown@~1.2.6
1740 silly packumentCache full:https://registry.npmjs.org/rolldown cache-miss
1741 http cache https://registry.npmjs.org/rolldown 7ms (cache hit)
1742 silly packumentCache full:https://registry.npmjs.org/rolldown set size:3841440 disposed:false
1743 silly fetch manifest picomatch@^4.0.7
1744 silly packumentCache full:https://registry.npmjs.org/picomatch cache-hit
1745 silly fetch manifest tinyglobby@^0.2.17
1746 silly packumentCache full:https://registry.npmjs.org/tinyglobby cache-hit
1747 silly fetch manifest lightningcss@^1.33.0
1748 silly packumentCache full:https://registry.npmjs.org/lightningcss cache-miss
1749 http fetch GET 200 https://registry.npmjs.org/@parcel%2fwatcher-android-arm64 51ms (cache miss)
1750 silly packumentCache full:https://registry.npmjs.org/@parcel%2fwatcher-android-arm64 set size:undefined disposed:false
1751 silly fetch manifest fsevents@~2.3.3
1752 silly packumentCache full:https://registry.npmjs.org/fsevents cache-miss
1753 http fetch GET 200 https://registry.npmjs.org/@parcel%2fwatcher-freebsd-x64 49ms (cache miss)
1754 silly packumentCache full:https://registry.npmjs.org/@parcel%2fwatcher-freebsd-x64 set size:undefined disposed:false
1755 silly fetch manifest css-what@^8.0.0
1756 silly packumentCache full:https://registry.npmjs.org/css-what cache-miss
1757 http cache https://registry.npmjs.org/fsevents 4ms (cache hit)
1758 silly packumentCache full:https://registry.npmjs.org/fsevents set size:182472 disposed:false
1759 silly fetch manifest css-select@^7.0.0
1760 silly packumentCache full:https://registry.npmjs.org/css-select cache-miss
1761 http fetch GET 200 https://registry.npmjs.org/css-what 29ms (cache miss)
1762 silly packumentCache full:https://registry.npmjs.org/css-what set size:undefined disposed:false
1763 silly fetch manifest domhandler@^6.0.0
1764 silly packumentCache full:https://registry.npmjs.org/domhandler cache-miss
1765 http cache https://registry.npmjs.org/domhandler 3ms (cache hit)
1766 silly packumentCache full:https://registry.npmjs.org/domhandler set size:78187 disposed:false
1767 silly fetch manifest htmlparser2@^12.0.0
1768 silly packumentCache full:https://registry.npmjs.org/htmlparser2 cache-miss
1769 http fetch GET 200 https://registry.npmjs.org/lightningcss 53ms (cache miss)
1770 silly packumentCache full:https://registry.npmjs.org/lightningcss set size:undefined disposed:false
1771 silly fetch manifest dom-serializer@^3.0.0
1772 silly packumentCache full:https://registry.npmjs.org/dom-serializer cache-miss
1773 http cache https://registry.npmjs.org/htmlparser2 5ms (cache hit)
1774 silly packumentCache full:https://registry.npmjs.org/htmlparser2 set size:176895 disposed:false
1775 silly fetch manifest caniuse-lite@^1.0.30001813
1776 silly packumentCache full:https://registry.npmjs.org/caniuse-lite cache-miss
1777 http cache https://registry.npmjs.org/dom-serializer 5ms (cache hit)
1778 silly packumentCache full:https://registry.npmjs.org/dom-serializer set size:61296 disposed:false
1779 silly fetch manifest node-releases@^2.0.57
1780 silly packumentCache full:https://registry.npmjs.org/node-releases cache-miss
1781 http fetch GET 200 https://registry.npmjs.org/css-select 39ms (cache miss)
1782 silly packumentCache full:https://registry.npmjs.org/css-select set size:undefined disposed:false
1783 silly fetch manifest electron-to-chromium@^1.5.439
1784 silly packumentCache full:https://registry.npmjs.org/electron-to-chromium cache-miss
1785 http cache https://registry.npmjs.org/node-releases 4ms (cache hit)
1786 silly packumentCache full:https://registry.npmjs.org/node-releases set size:301779 disposed:false
1787 silly fetch manifest update-browserslist-db@^1.3.3
1788 silly packumentCache full:https://registry.npmjs.org/update-browserslist-db cache-miss
1789 http cache https://registry.npmjs.org/caniuse-lite 10ms (cache hit)
1790 silly packumentCache full:https://registry.npmjs.org/caniuse-lite set size:2319807 disposed:false
1791 silly fetch manifest baseline-browser-mapping@^2.11.26
1792 silly packumentCache full:https://registry.npmjs.org/baseline-browser-mapping cache-miss
1793 http cache https://registry.npmjs.org/update-browserslist-db 22ms (cache hit)
1794 silly packumentCache full:https://registry.npmjs.org/update-browserslist-db set size:71185 disposed:false
1795 silly fetch manifest readdirp@^5.0.0
1796 silly packumentCache full:https://registry.npmjs.org/readdirp cache-miss
1797 http cache https://registry.npmjs.org/electron-to-chromium 40ms (cache hit)
1798 silly packumentCache full:https://registry.npmjs.org/electron-to-chromium set size:4981485 disposed:false
1799 silly fetch manifest @esbuild/aix-ppc64@0.28.2
1800 silly packumentCache full:https://registry.npmjs.org/@esbuild%2faix-ppc64 cache-miss
1801 http cache https://registry.npmjs.org/baseline-browser-mapping 52ms (cache hit)
1802 silly packumentCache full:https://registry.npmjs.org/baseline-browser-mapping set size:649850 disposed:false
1803 silly fetch manifest @esbuild/linux-arm@0.28.2
1804 silly packumentCache full:https://registry.npmjs.org/@esbuild%2flinux-arm cache-miss
1805 http cache https://registry.npmjs.org/@esbuild%2faix-ppc64 13ms (cache hit)
1806 silly packumentCache full:https://registry.npmjs.org/@esbuild%2faix-ppc64 set size:67797 disposed:false
1807 silly fetch manifest @esbuild/linux-x64@0.28.2
1808 silly packumentCache full:https://registry.npmjs.org/@esbuild%2flinux-x64 cache-miss
1809 http cache https://registry.npmjs.org/@esbuild%2flinux-arm 3ms (cache hit)
1810 silly packumentCache full:https://registry.npmjs.org/@esbuild%2flinux-arm set size:198596 disposed:false
1811 silly fetch manifest @esbuild/sunos-x64@0.28.2
1812 silly packumentCache full:https://registry.npmjs.org/@esbuild%2fsunos-x64 cache-miss
1813 http cache https://registry.npmjs.org/@esbuild%2flinux-x64 4ms (cache hit)
1814 silly packumentCache full:https://registry.npmjs.org/@esbuild%2flinux-x64 set size:198942 disposed:false
1815 silly fetch manifest @esbuild/win32-x64@0.28.2
1816 silly packumentCache full:https://registry.npmjs.org/@esbuild%2fwin32-x64 cache-miss
1817 http cache https://registry.npmjs.org/@esbuild%2fsunos-x64 3ms (cache hit)
1818 silly packumentCache full:https://registry.npmjs.org/@esbuild%2fsunos-x64 set size:199187 disposed:false
1819 silly fetch manifest @esbuild/darwin-x64@0.28.2
1820 silly packumentCache full:https://registry.npmjs.org/@esbuild%2fdarwin-x64 cache-miss
1821 http cache https://registry.npmjs.org/@esbuild%2fwin32-x64 3ms (cache hit)
1822 silly packumentCache full:https://registry.npmjs.org/@esbuild%2fwin32-x64 set size:197540 disposed:false
1823 silly fetch manifest @esbuild/linux-ia32@0.28.2
1824 silly packumentCache full:https://registry.npmjs.org/@esbuild%2flinux-ia32 cache-miss
1825 http cache https://registry.npmjs.org/@esbuild%2fdarwin-x64 4ms (cache hit)
1826 silly packumentCache full:https://registry.npmjs.org/@esbuild%2fdarwin-x64 set size:199670 disposed:false
1827 silly fetch manifest @esbuild/netbsd-x64@0.28.2
1828 silly packumentCache full:https://registry.npmjs.org/@esbuild%2fnetbsd-x64 cache-miss
1829 http cache https://registry.npmjs.org/@esbuild%2fnetbsd-x64 3ms (cache hit)
1830 silly packumentCache full:https://registry.npmjs.org/@esbuild%2fnetbsd-x64 set size:197314 disposed:false
1831 silly fetch manifest @esbuild/win32-ia32@0.28.2
1832 silly packumentCache full:https://registry.npmjs.org/@esbuild%2fwin32-ia32 cache-miss
1833 http cache https://registry.npmjs.org/@esbuild%2flinux-ia32 6ms (cache hit)
1834 silly packumentCache full:https://registry.npmjs.org/@esbuild%2flinux-ia32 set size:199625 disposed:false
1835 silly fetch manifest @esbuild/android-arm@0.28.2
1836 silly packumentCache full:https://registry.npmjs.org/@esbuild%2fandroid-arm cache-miss
1837 http cache https://registry.npmjs.org/@esbuild%2fwin32-ia32 5ms (cache hit)
1838 silly packumentCache full:https://registry.npmjs.org/@esbuild%2fwin32-ia32 set size:199854 disposed:false
1839 silly fetch manifest @esbuild/android-x64@0.28.2
1840 silly packumentCache full:https://registry.npmjs.org/@esbuild%2fandroid-x64 cache-miss
1841 http fetch GET 200 https://registry.npmjs.org/readdirp 63ms (cache miss)
1842 silly packumentCache full:https://registry.npmjs.org/readdirp set size:undefined disposed:false
1843 silly fetch manifest @esbuild/freebsd-x64@0.28.2
1844 silly packumentCache full:https://registry.npmjs.org/@esbuild%2ffreebsd-x64 cache-miss
1845 http cache https://registry.npmjs.org/@esbuild%2fandroid-arm 6ms (cache hit)
1846 silly packumentCache full:https://registry.npmjs.org/@esbuild%2fandroid-arm set size:225217 disposed:false
1847 silly fetch manifest @esbuild/linux-arm64@0.28.2
1848 silly packumentCache full:https://registry.npmjs.org/@esbuild%2flinux-arm64 cache-miss
1849 http cache https://registry.npmjs.org/@esbuild%2flinux-arm64 8ms (cache hit)
1850 silly packumentCache full:https://registry.npmjs.org/@esbuild%2flinux-arm64 set size:200773 disposed:false
1851 silly fetch manifest @esbuild/linux-ppc64@0.28.2
1852 silly packumentCache full:https://registry.npmjs.org/@esbuild%2flinux-ppc64 cache-miss
1853 http cache https://registry.npmjs.org/@esbuild%2ffreebsd-x64 11ms (cache hit)
1854 silly packumentCache full:https://registry.npmjs.org/@esbuild%2ffreebsd-x64 set size:200565 disposed:false
1855 silly fetch manifest @esbuild/linux-s390x@0.28.2
1856 silly packumentCache full:https://registry.npmjs.org/@esbuild%2flinux-s390x cache-miss
1857 http cache https://registry.npmjs.org/@esbuild%2fandroid-x64 14ms (cache hit)
1858 silly packumentCache full:https://registry.npmjs.org/@esbuild%2fandroid-x64 set size:199017 disposed:false
1859 silly fetch manifest @esbuild/openbsd-x64@0.28.2
1860 silly packumentCache full:https://registry.npmjs.org/@esbuild%2fopenbsd-x64 cache-miss
1861 http cache https://registry.npmjs.org/@esbuild%2flinux-ppc64 6ms (cache hit)
1862 silly packumentCache full:https://registry.npmjs.org/@esbuild%2flinux-ppc64 set size:202845 disposed:false
1863 silly fetch manifest @esbuild/win32-arm64@0.28.2
1864 silly packumentCache full:https://registry.npmjs.org/@esbuild%2fwin32-arm64 cache-miss
1865 http cache https://registry.npmjs.org/@esbuild%2flinux-s390x 5ms (cache hit)
1866 silly packumentCache full:https://registry.npmjs.org/@esbuild%2flinux-s390x set size:202310 disposed:false
1867 silly fetch manifest @esbuild/darwin-arm64@0.28.2
1868 silly packumentCache full:https://registry.npmjs.org/@esbuild%2fdarwin-arm64 cache-miss
1869 http cache https://registry.npmjs.org/@esbuild%2fopenbsd-x64 6ms (cache hit)
1870 silly packumentCache full:https://registry.npmjs.org/@esbuild%2fopenbsd-x64 set size:200576 disposed:false
1871 silly fetch manifest @esbuild/netbsd-arm64@0.28.2
1872 silly packumentCache full:https://registry.npmjs.org/@esbuild%2fnetbsd-arm64 cache-miss
1873 http cache https://registry.npmjs.org/@esbuild%2fwin32-arm64 5ms (cache hit)
1874 silly packumentCache full:https://registry.npmjs.org/@esbuild%2fwin32-arm64 set size:201005 disposed:false
1875 silly fetch manifest @esbuild/android-arm64@0.28.2
1876 silly packumentCache full:https://registry.npmjs.org/@esbuild%2fandroid-arm64 cache-miss
1877 http cache https://registry.npmjs.org/@esbuild%2fnetbsd-arm64 3ms (cache hit)
1878 silly packumentCache full:https://registry.npmjs.org/@esbuild%2fnetbsd-arm64 set size:44308 disposed:false
1879 silly fetch manifest @esbuild/freebsd-arm64@0.28.2
1880 silly packumentCache full:https://registry.npmjs.org/@esbuild%2ffreebsd-arm64 cache-miss
1881 http cache https://registry.npmjs.org/@esbuild%2fdarwin-arm64 6ms (cache hit)
1882 silly packumentCache full:https://registry.npmjs.org/@esbuild%2fdarwin-arm64 set size:201471 disposed:false
1883 silly fetch manifest @esbuild/linux-loong64@0.28.2
1884 silly packumentCache full:https://registry.npmjs.org/@esbuild%2flinux-loong64 cache-miss
1885 http cache https://registry.npmjs.org/@esbuild%2fandroid-arm64 5ms (cache hit)
1886 silly packumentCache full:https://registry.npmjs.org/@esbuild%2fandroid-arm64 set size:204216 disposed:false
1887 silly fetch manifest @esbuild/linux-riscv64@0.28.2
1888 silly packumentCache full:https://registry.npmjs.org/@esbuild%2flinux-riscv64 cache-miss
1889 http cache https://registry.npmjs.org/@esbuild%2ffreebsd-arm64 5ms (cache hit)
1890 silly packumentCache full:https://registry.npmjs.org/@esbuild%2ffreebsd-arm64 set size:202383 disposed:false
1891 silly fetch manifest @esbuild/openbsd-arm64@0.28.2
1892 silly packumentCache full:https://registry.npmjs.org/@esbuild%2fopenbsd-arm64 cache-miss
1893 http cache https://registry.npmjs.org/@esbuild%2flinux-loong64 6ms (cache hit)
1894 silly packumentCache full:https://registry.npmjs.org/@esbuild%2flinux-loong64 set size:255749 disposed:false
1895 silly fetch manifest @esbuild/linux-mips64el@0.28.2
1896 silly packumentCache full:https://registry.npmjs.org/@esbuild%2flinux-mips64el cache-miss
1897 http cache https://registry.npmjs.org/@esbuild%2flinux-riscv64 5ms (cache hit)
1898 silly packumentCache full:https://registry.npmjs.org/@esbuild%2flinux-riscv64 set size:202512 disposed:false
1899 silly fetch manifest @esbuild/openharmony-arm64@0.28.2
1900 silly packumentCache full:https://registry.npmjs.org/@esbuild%2fopenharmony-arm64 cache-miss
1901 http cache https://registry.npmjs.org/@esbuild%2flinux-mips64el 4ms (cache hit)
1902 silly packumentCache full:https://registry.npmjs.org/@esbuild%2flinux-mips64el set size:204633 disposed:false
1903 silly fetch manifest debug@^4.3.4
1904 silly packumentCache full:https://registry.npmjs.org/debug cache-hit
1905 silly fetch manifest agent-base@9.0.0
1906 silly packumentCache full:https://registry.npmjs.org/agent-base cache-miss
1907 http cache https://registry.npmjs.org/@esbuild%2fopenbsd-arm64 7ms (cache hit)
1908 silly packumentCache full:https://registry.npmjs.org/@esbuild%2fopenbsd-arm64 set size:49642 disposed:false
1909 silly fetch manifest proxy-agent-negotiate@1.1.0
1910 silly packumentCache full:https://registry.npmjs.org/proxy-agent-negotiate cache-miss
1911 http cache https://registry.npmjs.org/agent-base 3ms (cache hit)
1912 silly packumentCache full:https://registry.npmjs.org/agent-base set size:72085 disposed:false
1913 silly fetch manifest wrap-ansi@^10.0.1
1914 silly packumentCache full:https://registry.npmjs.org/wrap-ansi cache-miss
1915 http cache https://registry.npmjs.org/@esbuild%2fopenharmony-arm64 7ms (cache hit)
1916 silly packumentCache full:https://registry.npmjs.org/@esbuild%2fopenharmony-arm64 set size:33054 disposed:false
1917 silly fetch manifest log-update@^8.0.0
1918 silly packumentCache full:https://registry.npmjs.org/log-update cache-miss
1919 http cache https://registry.npmjs.org/wrap-ansi 3ms (cache hit)
1920 silly packumentCache full:https://registry.npmjs.org/wrap-ansi set size:59620 disposed:false
1921 silly fetch manifest cli-truncate@^6.1.1
1922 silly packumentCache full:https://registry.npmjs.org/cli-truncate cache-miss
1923 http cache https://registry.npmjs.org/log-update 3ms (cache hit)
1924 silly packumentCache full:https://registry.npmjs.org/log-update set size:60732 disposed:false
1925 silly fetch manifest msgpackr@^1.11.2
1926 silly packumentCache full:https://registry.npmjs.org/msgpackr cache-miss
1927 http cache https://registry.npmjs.org/cli-truncate 3ms (cache hit)
1928 silly packumentCache full:https://registry.npmjs.org/cli-truncate set size:40857 disposed:false
1929 silly fetch manifest node-addon-api@^6.1.0
1930 silly packumentCache full:https://registry.npmjs.org/node-addon-api cache-hit
1931 silly fetch manifest ordered-binary@^1.5.3
1932 silly packumentCache full:https://registry.npmjs.org/ordered-binary cache-miss
1933 http fetch GET 200 https://registry.npmjs.org/proxy-agent-negotiate 25ms (cache miss)
1934 silly packumentCache full:https://registry.npmjs.org/proxy-agent-negotiate set size:undefined disposed:false
1935 silly fetch manifest weak-lru-cache@^1.2.2
1936 silly packumentCache full:https://registry.npmjs.org/weak-lru-cache cache-miss
1937 http fetch GET 200 https://registry.npmjs.org/ordered-binary 29ms (cache miss)
1938 silly packumentCache full:https://registry.npmjs.org/ordered-binary set size:undefined disposed:false
1939 silly fetch manifest @harperfast/extended-iterable@^1.0.3
1940 silly packumentCache full:https://registry.npmjs.org/@harperfast%2fextended-iterable cache-miss
1941 http fetch GET 200 https://registry.npmjs.org/msgpackr 43ms (cache miss)
1942 silly packumentCache full:https://registry.npmjs.org/msgpackr set size:undefined disposed:false
1943 silly fetch manifest node-gyp-build-optional-packages@5.2.2
1944 silly packumentCache full:https://registry.npmjs.org/node-gyp-build-optional-packages cache-miss
1945 http fetch GET 200 https://registry.npmjs.org/weak-lru-cache 38ms (cache miss)
1946 silly packumentCache full:https://registry.npmjs.org/weak-lru-cache set size:undefined disposed:false
1947 silly fetch manifest @lmdb/lmdb-linux-arm@3.5.6
1948 silly packumentCache full:https://registry.npmjs.org/@lmdb%2flmdb-linux-arm cache-miss
1949 http fetch GET 200 https://registry.npmjs.org/@harperfast%2fextended-iterable 40ms (cache miss)
1950 silly packumentCache full:https://registry.npmjs.org/@harperfast%2fextended-iterable set size:undefined disposed:false
1951 silly fetch manifest @lmdb/lmdb-linux-x64@3.5.6
1952 silly packumentCache full:https://registry.npmjs.org/@lmdb%2flmdb-linux-x64 cache-miss
1953 http fetch GET 200 https://registry.npmjs.org/node-gyp-build-optional-packages 33ms (cache miss)
1954 silly packumentCache full:https://registry.npmjs.org/node-gyp-build-optional-packages set size:undefined disposed:false
1955 silly fetch manifest @lmdb/lmdb-win32-x64@3.5.6
1956 silly packumentCache full:https://registry.npmjs.org/@lmdb%2flmdb-win32-x64 cache-miss
1957 http fetch GET 200 https://registry.npmjs.org/@lmdb%2flmdb-linux-x64 51ms (cache miss)
1958 silly packumentCache full:https://registry.npmjs.org/@lmdb%2flmdb-linux-x64 set size:undefined disposed:false
1959 silly fetch manifest @lmdb/lmdb-darwin-x64@3.5.6
1960 silly packumentCache full:https://registry.npmjs.org/@lmdb%2flmdb-darwin-x64 cache-miss
1961 http fetch GET 200 https://registry.npmjs.org/@lmdb%2flmdb-win32-x64 49ms (cache miss)
1962 silly packumentCache full:https://registry.npmjs.org/@lmdb%2flmdb-win32-x64 set size:undefined disposed:false
1963 silly fetch manifest @lmdb/lmdb-linux-arm64@3.5.6
1964 silly packumentCache full:https://registry.npmjs.org/@lmdb%2flmdb-linux-arm64 cache-miss
1965 http fetch GET 200 https://registry.npmjs.org/@lmdb%2flmdb-linux-arm 83ms (cache miss)
1966 silly packumentCache full:https://registry.npmjs.org/@lmdb%2flmdb-linux-arm set size:undefined disposed:false
1967 silly fetch manifest @lmdb/lmdb-win32-arm64@3.5.6
1968 silly packumentCache full:https://registry.npmjs.org/@lmdb%2flmdb-win32-arm64 cache-miss
1969 http fetch GET 200 https://registry.npmjs.org/@lmdb%2flmdb-darwin-x64 48ms (cache miss)
1970 silly packumentCache full:https://registry.npmjs.org/@lmdb%2flmdb-darwin-x64 set size:undefined disposed:false
1971 silly fetch manifest @lmdb/lmdb-darwin-arm64@3.5.6
1972 silly packumentCache full:https://registry.npmjs.org/@lmdb%2flmdb-darwin-arm64 cache-miss
1973 http fetch GET 200 https://registry.npmjs.org/@lmdb%2flmdb-linux-arm64 49ms (cache miss)
1974 silly packumentCache full:https://registry.npmjs.org/@lmdb%2flmdb-linux-arm64 set size:undefined disposed:false
1975 silly fetch manifest @jridgewell/sourcemap-codec@^1.6.0
1976 silly packumentCache full:https://registry.npmjs.org/@jridgewell%2fsourcemap-codec cache-hit
1977 silly fetch manifest @oxc-project/types@^0.150.0
1978 silly packumentCache full:https://registry.npmjs.org/@oxc-project%2ftypes cache-miss
1979 http fetch GET 200 https://registry.npmjs.org/@lmdb%2flmdb-win32-arm64 49ms (cache miss)
1980 silly packumentCache full:https://registry.npmjs.org/@lmdb%2flmdb-win32-arm64 set size:undefined disposed:false
1981 silly fetch manifest @oxc-parser/binding-darwin-x64@0.150.0
1982 silly packumentCache full:https://registry.npmjs.org/@oxc-parser%2fbinding-darwin-x64 cache-miss
1983 http fetch GET 200 https://registry.npmjs.org/@oxc-project%2ftypes 48ms (cache miss)
1984 silly packumentCache full:https://registry.npmjs.org/@oxc-project%2ftypes set size:undefined disposed:false
1985 silly fetch manifest @oxc-parser/binding-freebsd-x64@0.150.0
1986 silly packumentCache full:https://registry.npmjs.org/@oxc-parser%2fbinding-freebsd-x64 cache-miss
1987 http fetch GET 200 https://registry.npmjs.org/@lmdb%2flmdb-darwin-arm64 73ms (cache miss)
1988 silly packumentCache full:https://registry.npmjs.org/@lmdb%2flmdb-darwin-arm64 set size:undefined disposed:false
1989 silly fetch manifest @oxc-parser/binding-darwin-arm64@0.150.0
1990 silly packumentCache full:https://registry.npmjs.org/@oxc-parser%2fbinding-darwin-arm64 cache-miss
1991 http fetch GET 200 https://registry.npmjs.org/@oxc-parser%2fbinding-darwin-x64 78ms (cache miss)
1992 silly packumentCache full:https://registry.npmjs.org/@oxc-parser%2fbinding-darwin-x64 set size:undefined disposed:false
1993 silly fetch manifest @oxc-parser/binding-android-arm64@0.150.0
1994 silly packumentCache full:https://registry.npmjs.org/@oxc-parser%2fbinding-android-arm64 cache-miss
1995 http fetch GET 200 https://registry.npmjs.org/@oxc-parser%2fbinding-freebsd-x64 44ms (cache miss)
1996 silly packumentCache full:https://registry.npmjs.org/@oxc-parser%2fbinding-freebsd-x64 set size:undefined disposed:false
1997 silly fetch manifest @oxc-parser/binding-linux-x64-gnu@0.150.0
1998 silly packumentCache full:https://registry.npmjs.org/@oxc-parser%2fbinding-linux-x64-gnu cache-miss
1999 http fetch GET 200 https://registry.npmjs.org/@oxc-parser%2fbinding-linux-x64-gnu 50ms (cache miss)
2000 silly packumentCache full:https://registry.npmjs.org/@oxc-parser%2fbinding-linux-x64-gnu set size:undefined disposed:false
2001 silly fetch manifest @oxc-parser/binding-linux-x64-musl@0.150.0
2002 silly packumentCache full:https://registry.npmjs.org/@oxc-parser%2fbinding-linux-x64-musl cache-miss
2003 http fetch GET 200 https://registry.npmjs.org/@oxc-parser%2fbinding-darwin-arm64 91ms (cache miss)
2004 silly packumentCache full:https://registry.npmjs.org/@oxc-parser%2fbinding-darwin-arm64 set size:undefined disposed:false
2005 silly fetch manifest @oxc-parser/binding-win32-x64-msvc@0.150.0
2006 silly packumentCache full:https://registry.npmjs.org/@oxc-parser%2fbinding-win32-x64-msvc cache-miss
2007 http fetch GET 200 https://registry.npmjs.org/@oxc-parser%2fbinding-android-arm64 76ms (cache miss)
2008 silly packumentCache full:https://registry.npmjs.org/@oxc-parser%2fbinding-android-arm64 set size:undefined disposed:false
2009 silly fetch manifest @oxc-parser/binding-linux-arm64-gnu@0.150.0
2010 silly packumentCache full:https://registry.npmjs.org/@oxc-parser%2fbinding-linux-arm64-gnu cache-miss
2011 http fetch GET 200 https://registry.npmjs.org/@oxc-parser%2fbinding-linux-x64-musl 48ms (cache miss)
2012 silly packumentCache full:https://registry.npmjs.org/@oxc-parser%2fbinding-linux-x64-musl set size:undefined disposed:false
2013 silly fetch manifest @oxc-parser/binding-linux-ppc64-gnu@0.150.0
2014 silly packumentCache full:https://registry.npmjs.org/@oxc-parser%2fbinding-linux-ppc64-gnu cache-miss
2015 http fetch GET 200 https://registry.npmjs.org/@oxc-parser%2fbinding-win32-x64-msvc 47ms (cache miss)
2016 silly packumentCache full:https://registry.npmjs.org/@oxc-parser%2fbinding-win32-x64-msvc set size:undefined disposed:false
2017 silly fetch manifest @oxc-parser/binding-linux-s390x-gnu@0.150.0
2018 silly packumentCache full:https://registry.npmjs.org/@oxc-parser%2fbinding-linux-s390x-gnu cache-miss
2019 http fetch GET 200 https://registry.npmjs.org/@oxc-parser%2fbinding-linux-ppc64-gnu 44ms (cache miss)
2020 silly packumentCache full:https://registry.npmjs.org/@oxc-parser%2fbinding-linux-ppc64-gnu set size:undefined disposed:false
2021 silly fetch manifest @oxc-parser/binding-win32-ia32-msvc@0.150.0
2022 silly packumentCache full:https://registry.npmjs.org/@oxc-parser%2fbinding-win32-ia32-msvc cache-miss
2023 http fetch GET 200 https://registry.npmjs.org/@oxc-parser%2fbinding-linux-arm64-gnu 76ms (cache miss)
2024 silly packumentCache full:https://registry.npmjs.org/@oxc-parser%2fbinding-linux-arm64-gnu set size:undefined disposed:false
2025 silly fetch manifest @oxc-parser/binding-android-arm-eabi@0.150.0
2026 silly packumentCache full:https://registry.npmjs.org/@oxc-parser%2fbinding-android-arm-eabi cache-miss
2027 http fetch GET 200 https://registry.npmjs.org/@oxc-parser%2fbinding-linux-s390x-gnu 43ms (cache miss)
2028 silly packumentCache full:https://registry.npmjs.org/@oxc-parser%2fbinding-linux-s390x-gnu set size:undefined disposed:false
2029 silly fetch manifest @oxc-parser/binding-linux-arm64-musl@0.150.0
2030 silly packumentCache full:https://registry.npmjs.org/@oxc-parser%2fbinding-linux-arm64-musl cache-miss
2031 http fetch GET 200 https://registry.npmjs.org/@oxc-parser%2fbinding-win32-ia32-msvc 40ms (cache miss)
2032 silly packumentCache full:https://registry.npmjs.org/@oxc-parser%2fbinding-win32-ia32-msvc set size:undefined disposed:false
2033 silly fetch manifest @oxc-parser/binding-win32-arm64-msvc@0.150.0
2034 silly packumentCache full:https://registry.npmjs.org/@oxc-parser%2fbinding-win32-arm64-msvc cache-miss
2035 http fetch GET 200 https://registry.npmjs.org/@oxc-parser%2fbinding-android-arm-eabi 45ms (cache miss)
2036 silly packumentCache full:https://registry.npmjs.org/@oxc-parser%2fbinding-android-arm-eabi set size:undefined disposed:false
2037 silly fetch manifest @oxc-parser/binding-linux-riscv64-gnu@0.150.0
2038 silly packumentCache full:https://registry.npmjs.org/@oxc-parser%2fbinding-linux-riscv64-gnu cache-miss
2039 http fetch GET 200 https://registry.npmjs.org/@oxc-parser%2fbinding-linux-arm64-musl 46ms (cache miss)
2040 silly packumentCache full:https://registry.npmjs.org/@oxc-parser%2fbinding-linux-arm64-musl set size:undefined disposed:false
2041 silly fetch manifest @oxc-parser/binding-openharmony-arm64@0.150.0
2042 silly packumentCache full:https://registry.npmjs.org/@oxc-parser%2fbinding-openharmony-arm64 cache-miss
2043 http fetch GET 200 https://registry.npmjs.org/@oxc-parser%2fbinding-win32-arm64-msvc 50ms (cache miss)
2044 silly packumentCache full:https://registry.npmjs.org/@oxc-parser%2fbinding-win32-arm64-msvc set size:undefined disposed:false
2045 silly fetch manifest @oxc-parser/binding-linux-riscv64-musl@0.150.0
2046 silly packumentCache full:https://registry.npmjs.org/@oxc-parser%2fbinding-linux-riscv64-musl cache-miss
2047 http fetch GET 200 https://registry.npmjs.org/@oxc-parser%2fbinding-linux-riscv64-gnu 46ms (cache miss)
2048 silly packumentCache full:https://registry.npmjs.org/@oxc-parser%2fbinding-linux-riscv64-gnu set size:undefined disposed:false
2049 silly fetch manifest @oxc-parser/binding-linux-arm-gnueabihf@0.150.0
2050 silly packumentCache full:https://registry.npmjs.org/@oxc-parser%2fbinding-linux-arm-gnueabihf cache-miss
2051 http fetch GET 200 https://registry.npmjs.org/@oxc-parser%2fbinding-openharmony-arm64 44ms (cache miss)
2052 silly packumentCache full:https://registry.npmjs.org/@oxc-parser%2fbinding-openharmony-arm64 set size:undefined disposed:false
2053 silly fetch manifest @oxc-parser/binding-linux-arm-musleabihf@0.150.0
2054 silly packumentCache full:https://registry.npmjs.org/@oxc-parser%2fbinding-linux-arm-musleabihf cache-miss
2055 http fetch GET 200 https://registry.npmjs.org/@oxc-parser%2fbinding-linux-arm-musleabihf 41ms (cache miss)
2056 silly packumentCache full:https://registry.npmjs.org/@oxc-parser%2fbinding-linux-arm-musleabihf set size:undefined disposed:false
2057 silly fetch manifest entities@^8.0.0
2058 silly packumentCache full:https://registry.npmjs.org/entities cache-miss
2059 http cache https://registry.npmjs.org/entities 3ms (cache hit)
2060 silly packumentCache full:https://registry.npmjs.org/entities set size:104868 disposed:false
2061 silly fetch manifest parse5-sax-parser@^8.0.0
2062 silly packumentCache full:https://registry.npmjs.org/parse5-sax-parser cache-miss
2063 http fetch GET 200 https://registry.npmjs.org/@oxc-parser%2fbinding-linux-arm-gnueabihf 54ms (cache miss)
2064 silly packumentCache full:https://registry.npmjs.org/@oxc-parser%2fbinding-linux-arm-gnueabihf set size:undefined disposed:false
2065 silly fetch manifest @napi-rs/nice@^1.0.4
2066 silly packumentCache full:https://registry.npmjs.org/@napi-rs%2fnice cache-miss
2067 http fetch GET 200 https://registry.npmjs.org/@oxc-parser%2fbinding-linux-riscv64-musl 62ms (cache miss)
2068 silly packumentCache full:https://registry.npmjs.org/@oxc-parser%2fbinding-linux-riscv64-musl set size:undefined disposed:false
2069 silly fetch manifest @oxc-project/types@=0.149.0
2070 silly packumentCache full:https://registry.npmjs.org/@oxc-project%2ftypes cache-miss
2071 http cache https://registry.npmjs.org/@oxc-project%2ftypes 1ms (cache hit)
2072 silly packumentCache full:https://registry.npmjs.org/@oxc-project%2ftypes set size:260338 disposed:false
2073 silly fetch manifest @rolldown/pluginutils@^1.0.0
2074 silly packumentCache full:https://registry.npmjs.org/@rolldown%2fpluginutils cache-miss
2075 http fetch GET 200 https://registry.npmjs.org/parse5-sax-parser 25ms (cache miss)
2076 silly packumentCache full:https://registry.npmjs.org/parse5-sax-parser set size:undefined disposed:false
2077 silly fetch manifest @rolldown/binding-darwin-x64@1.2.8
2078 silly packumentCache full:https://registry.npmjs.org/@rolldown%2fbinding-darwin-x64 cache-miss
2079 http fetch GET 200 https://registry.npmjs.org/@napi-rs%2fnice 42ms (cache miss)
2080 silly packumentCache full:https://registry.npmjs.org/@napi-rs%2fnice set size:undefined disposed:false
2081 silly fetch manifest @rolldown/binding-freebsd-x64@1.2.8
2082 silly packumentCache full:https://registry.npmjs.org/@rolldown%2fbinding-freebsd-x64 cache-miss
2083 http fetch GET 200 https://registry.npmjs.org/@rolldown%2fpluginutils 78ms (cache miss)
2084 silly packumentCache full:https://registry.npmjs.org/@rolldown%2fpluginutils set size:undefined disposed:false
2085 silly fetch manifest @rolldown/binding-darwin-arm64@1.2.8
2086 silly packumentCache full:https://registry.npmjs.org/@rolldown%2fbinding-darwin-arm64 cache-miss
2087 http fetch GET 200 https://registry.npmjs.org/@rolldown%2fbinding-darwin-x64 68ms (cache miss)
2088 silly packumentCache full:https://registry.npmjs.org/@rolldown%2fbinding-darwin-x64 set size:undefined disposed:false
2089 silly fetch manifest @rolldown/binding-android-arm64@1.2.8
2090 silly packumentCache full:https://registry.npmjs.org/@rolldown%2fbinding-android-arm64 cache-miss
2091 http fetch GET 200 https://registry.npmjs.org/@rolldown%2fbinding-freebsd-x64 67ms (cache miss)
2092 silly packumentCache full:https://registry.npmjs.org/@rolldown%2fbinding-freebsd-x64 set size:undefined disposed:false
2093 silly fetch manifest @rolldown/binding-linux-x64-gnu@1.2.8
2094 silly packumentCache full:https://registry.npmjs.org/@rolldown%2fbinding-linux-x64-gnu cache-miss
2095 http fetch GET 200 https://registry.npmjs.org/@rolldown%2fbinding-android-arm64 47ms (cache miss)
2096 silly packumentCache full:https://registry.npmjs.org/@rolldown%2fbinding-android-arm64 set size:undefined disposed:false
2097 silly fetch manifest @rolldown/binding-linux-x64-musl@1.2.8
2098 silly packumentCache full:https://registry.npmjs.org/@rolldown%2fbinding-linux-x64-musl cache-miss
2099 http fetch GET 200 https://registry.npmjs.org/@rolldown%2fbinding-darwin-arm64 68ms (cache miss)
2100 silly packumentCache full:https://registry.npmjs.org/@rolldown%2fbinding-darwin-arm64 set size:undefined disposed:false
2101 silly fetch manifest @rolldown/binding-win32-x64-msvc@1.2.8
2102 silly packumentCache full:https://registry.npmjs.org/@rolldown%2fbinding-win32-x64-msvc cache-miss
2103 http fetch GET 200 https://registry.npmjs.org/@rolldown%2fbinding-linux-x64-gnu 81ms (cache miss)
2104 silly packumentCache full:https://registry.npmjs.org/@rolldown%2fbinding-linux-x64-gnu set size:undefined disposed:false
2105 silly fetch manifest @rolldown/binding-linux-arm64-gnu@1.2.8
2106 silly packumentCache full:https://registry.npmjs.org/@rolldown%2fbinding-linux-arm64-gnu cache-miss
2107 http fetch GET 200 https://registry.npmjs.org/@rolldown%2fbinding-linux-x64-musl 69ms (cache miss)
2108 silly packumentCache full:https://registry.npmjs.org/@rolldown%2fbinding-linux-x64-musl set size:undefined disposed:false
2109 silly fetch manifest @rolldown/binding-linux-ppc64-gnu@1.2.8
2110 silly packumentCache full:https://registry.npmjs.org/@rolldown%2fbinding-linux-ppc64-gnu cache-miss
2111 http fetch GET 200 https://registry.npmjs.org/@rolldown%2fbinding-win32-x64-msvc 90ms (cache miss)
2112 silly packumentCache full:https://registry.npmjs.org/@rolldown%2fbinding-win32-x64-msvc set size:undefined disposed:false
2113 silly fetch manifest @rolldown/binding-linux-s390x-gnu@1.2.8
2114 silly packumentCache full:https://registry.npmjs.org/@rolldown%2fbinding-linux-s390x-gnu cache-miss
2115 http fetch GET 200 https://registry.npmjs.org/@rolldown%2fbinding-linux-ppc64-gnu 41ms (cache miss)
2116 silly packumentCache full:https://registry.npmjs.org/@rolldown%2fbinding-linux-ppc64-gnu set size:undefined disposed:false
2117 silly fetch manifest @rolldown/binding-android-arm-eabi@1.2.8
2118 silly packumentCache full:https://registry.npmjs.org/@rolldown%2fbinding-android-arm-eabi cache-miss
2119 http fetch GET 200 https://registry.npmjs.org/@rolldown%2fbinding-linux-arm64-gnu 76ms (cache miss)
2120 silly packumentCache full:https://registry.npmjs.org/@rolldown%2fbinding-linux-arm64-gnu set size:undefined disposed:false
2121 silly fetch manifest @rolldown/binding-linux-arm64-musl@1.2.8
2122 silly packumentCache full:https://registry.npmjs.org/@rolldown%2fbinding-linux-arm64-musl cache-miss
2123 http fetch GET 200 https://registry.npmjs.org/@rolldown%2fbinding-android-arm-eabi 40ms (cache miss)
2124 silly packumentCache full:https://registry.npmjs.org/@rolldown%2fbinding-android-arm-eabi set size:undefined disposed:false
2125 silly fetch manifest @rolldown/binding-win32-arm64-msvc@1.2.8
2126 silly packumentCache full:https://registry.npmjs.org/@rolldown%2fbinding-win32-arm64-msvc cache-miss
2127 http fetch GET 200 https://registry.npmjs.org/@rolldown%2fbinding-linux-arm64-musl 73ms (cache miss)
2128 silly packumentCache full:https://registry.npmjs.org/@rolldown%2fbinding-linux-arm64-musl set size:undefined disposed:false
2129 silly fetch manifest @rolldown/binding-openharmony-arm64@1.2.8
2130 silly packumentCache full:https://registry.npmjs.org/@rolldown%2fbinding-openharmony-arm64 cache-miss
2131 http fetch GET 200 https://registry.npmjs.org/@rolldown%2fbinding-linux-s390x-gnu 103ms (cache miss)
2132 silly packumentCache full:https://registry.npmjs.org/@rolldown%2fbinding-linux-s390x-gnu set size:undefined disposed:false
2133 silly fetch manifest @rolldown/binding-linux-arm-gnueabihf@1.2.8
2134 silly packumentCache full:https://registry.npmjs.org/@rolldown%2fbinding-linux-arm-gnueabihf cache-miss
2135 http fetch GET 200 https://registry.npmjs.org/@rolldown%2fbinding-win32-arm64-msvc 70ms (cache miss)
2136 silly packumentCache full:https://registry.npmjs.org/@rolldown%2fbinding-win32-arm64-msvc set size:undefined disposed:false
2137 silly fetch manifest varint@^6.0.0
2138 silly packumentCache full:https://registry.npmjs.org/varint cache-miss
2139 http fetch GET 200 https://registry.npmjs.org/varint 27ms (cache miss)
2140 silly packumentCache full:https://registry.npmjs.org/varint set size:undefined disposed:false
2141 silly fetch manifest colorjs.io@^0.7.0
2142 silly packumentCache full:https://registry.npmjs.org/colorjs.io cache-miss
2143 http fetch GET 200 https://registry.npmjs.org/@rolldown%2fbinding-openharmony-arm64 48ms (cache miss)
2144 silly packumentCache full:https://registry.npmjs.org/@rolldown%2fbinding-openharmony-arm64 set size:undefined disposed:false
2145 silly fetch manifest supports-color@^8.1.1
2146 silly packumentCache full:https://registry.npmjs.org/supports-color cache-miss
2147 http cache https://registry.npmjs.org/supports-color 2ms (cache hit)
2148 silly packumentCache full:https://registry.npmjs.org/supports-color set size:124169 disposed:false
2149 silly fetch manifest @bufbuild/protobuf@^2.5.0
2150 silly packumentCache full:https://registry.npmjs.org/@bufbuild%2fprotobuf cache-miss
2151 http fetch GET 200 https://registry.npmjs.org/colorjs.io 29ms (cache miss)
2152 silly packumentCache full:https://registry.npmjs.org/colorjs.io set size:undefined disposed:false
2153 silly fetch manifest sync-child-process@^1.0.2
2154 silly packumentCache full:https://registry.npmjs.org/sync-child-process cache-miss
2155 http fetch GET 200 https://registry.npmjs.org/@rolldown%2fbinding-linux-arm-gnueabihf 92ms (cache miss)
2156 silly packumentCache full:https://registry.npmjs.org/@rolldown%2fbinding-linux-arm-gnueabihf set size:undefined disposed:false
2157 silly fetch manifest sass-embedded-linux-arm@1.104.1
2158 silly packumentCache full:https://registry.npmjs.org/sass-embedded-linux-arm cache-miss
2159 http fetch GET 200 https://registry.npmjs.org/@bufbuild%2fprotobuf 50ms (cache miss)
2160 silly packumentCache full:https://registry.npmjs.org/@bufbuild%2fprotobuf set size:undefined disposed:false
2161 silly fetch manifest sass-embedded-linux-x64@1.104.1
2162 silly packumentCache full:https://registry.npmjs.org/sass-embedded-linux-x64 cache-miss
2163 http fetch GET 200 https://registry.npmjs.org/sync-child-process 27ms (cache miss)
2164 silly packumentCache full:https://registry.npmjs.org/sync-child-process set size:undefined disposed:false
2165 silly fetch manifest sass-embedded-win32-x64@1.104.1
2166 silly packumentCache full:https://registry.npmjs.org/sass-embedded-win32-x64 cache-miss
2167 http fetch GET 200 https://registry.npmjs.org/sass-embedded-win32-x64 32ms (cache miss)
2168 silly packumentCache full:https://registry.npmjs.org/sass-embedded-win32-x64 set size:undefined disposed:false
2169 silly fetch manifest sass-embedded-darwin-x64@1.104.1
2170 silly packumentCache full:https://registry.npmjs.org/sass-embedded-darwin-x64 cache-miss
2171 http fetch GET 200 https://registry.npmjs.org/sass-embedded-linux-arm 41ms (cache miss)
2172 silly packumentCache full:https://registry.npmjs.org/sass-embedded-linux-arm set size:undefined disposed:false
2173 silly fetch manifest sass-embedded-all-unknown@1.104.1
2174 silly packumentCache full:https://registry.npmjs.org/sass-embedded-all-unknown cache-miss
2175 http fetch GET 200 https://registry.npmjs.org/sass-embedded-linux-x64 46ms (cache miss)
2176 silly packumentCache full:https://registry.npmjs.org/sass-embedded-linux-x64 set size:undefined disposed:false
2177 silly fetch manifest sass-embedded-android-arm@1.104.1
2178 silly packumentCache full:https://registry.npmjs.org/sass-embedded-android-arm cache-miss
2179 http fetch GET 200 https://registry.npmjs.org/sass-embedded-all-unknown 33ms (cache miss)
2180 silly packumentCache full:https://registry.npmjs.org/sass-embedded-all-unknown set size:undefined disposed:false
2181 silly fetch manifest sass-embedded-android-x64@1.104.1
2182 silly packumentCache full:https://registry.npmjs.org/sass-embedded-android-x64 cache-miss
2183 http fetch GET 200 https://registry.npmjs.org/sass-embedded-darwin-x64 43ms (cache miss)
2184 silly packumentCache full:https://registry.npmjs.org/sass-embedded-darwin-x64 set size:undefined disposed:false
2185 silly fetch manifest sass-embedded-linux-arm64@1.104.1
2186 silly packumentCache full:https://registry.npmjs.org/sass-embedded-linux-arm64 cache-miss
2187 http fetch GET 200 https://registry.npmjs.org/sass-embedded-android-arm 36ms (cache miss)
2188 silly packumentCache full:https://registry.npmjs.org/sass-embedded-android-arm set size:undefined disposed:false
2189 silly fetch manifest sass-embedded-unknown-all@1.104.1
2190 silly packumentCache full:https://registry.npmjs.org/sass-embedded-unknown-all cache-miss
2191 http fetch GET 200 https://registry.npmjs.org/sass-embedded-unknown-all 36ms (cache miss)
2192 silly packumentCache full:https://registry.npmjs.org/sass-embedded-unknown-all set size:undefined disposed:false
2193 silly fetch manifest sass-embedded-win32-arm64@1.104.1
2194 silly packumentCache full:https://registry.npmjs.org/sass-embedded-win32-arm64 cache-miss
2195 http fetch GET 200 https://registry.npmjs.org/sass-embedded-linux-arm64 45ms (cache miss)
2196 silly packumentCache full:https://registry.npmjs.org/sass-embedded-linux-arm64 set size:undefined disposed:false
2197 silly fetch manifest sass-embedded-darwin-arm64@1.104.1
2198 silly packumentCache full:https://registry.npmjs.org/sass-embedded-darwin-arm64 cache-miss
2199 http fetch GET 200 https://registry.npmjs.org/sass-embedded-android-x64 79ms (cache miss)
2200 silly packumentCache full:https://registry.npmjs.org/sass-embedded-android-x64 set size:undefined disposed:false
2201 silly fetch manifest sass-embedded-android-arm64@1.104.1
2202 silly packumentCache full:https://registry.npmjs.org/sass-embedded-android-arm64 cache-miss
2203 http fetch GET 200 https://registry.npmjs.org/sass-embedded-win32-arm64 34ms (cache miss)
2204 silly packumentCache full:https://registry.npmjs.org/sass-embedded-win32-arm64 set size:undefined disposed:false
2205 silly fetch manifest sass-embedded-linux-riscv64@1.104.1
2206 silly packumentCache full:https://registry.npmjs.org/sass-embedded-linux-riscv64 cache-miss
2207 http fetch GET 200 https://registry.npmjs.org/sass-embedded-darwin-arm64 45ms (cache miss)
2208 silly packumentCache full:https://registry.npmjs.org/sass-embedded-darwin-arm64 set size:undefined disposed:false
2209 silly fetch manifest sass-embedded-linux-musl-arm@1.104.1
2210 silly packumentCache full:https://registry.npmjs.org/sass-embedded-linux-musl-arm cache-miss
2211 http fetch GET 200 https://registry.npmjs.org/sass-embedded-android-arm64 26ms (cache miss)
2212 silly packumentCache full:https://registry.npmjs.org/sass-embedded-android-arm64 set size:undefined disposed:false
2213 silly fetch manifest sass-embedded-linux-musl-x64@1.104.1
2214 silly packumentCache full:https://registry.npmjs.org/sass-embedded-linux-musl-x64 cache-miss
2215 http fetch GET 200 https://registry.npmjs.org/sass-embedded-linux-musl-arm 37ms (cache miss)
2216 silly packumentCache full:https://registry.npmjs.org/sass-embedded-linux-musl-arm set size:undefined disposed:false
2217 silly fetch manifest sass-embedded-android-riscv64@1.104.1
2218 silly packumentCache full:https://registry.npmjs.org/sass-embedded-android-riscv64 cache-miss
2219 http fetch GET 200 https://registry.npmjs.org/sass-embedded-linux-musl-x64 32ms (cache miss)
2220 silly packumentCache full:https://registry.npmjs.org/sass-embedded-linux-musl-x64 set size:undefined disposed:false
2221 silly fetch manifest sass-embedded-linux-musl-arm64@1.104.1
2222 silly packumentCache full:https://registry.npmjs.org/sass-embedded-linux-musl-arm64 cache-miss
2223 http fetch GET 200 https://registry.npmjs.org/sass-embedded-linux-musl-arm64 32ms (cache miss)
2224 silly packumentCache full:https://registry.npmjs.org/sass-embedded-linux-musl-arm64 set size:undefined disposed:false
2225 silly fetch manifest sass-embedded-linux-musl-riscv64@1.104.1
2226 silly packumentCache full:https://registry.npmjs.org/sass-embedded-linux-musl-riscv64 cache-miss
2227 http fetch GET 200 https://registry.npmjs.org/sass-embedded-android-riscv64 38ms (cache miss)
2228 silly packumentCache full:https://registry.npmjs.org/sass-embedded-android-riscv64 set size:undefined disposed:false
2229 silly fetch manifest buffer-from@^1.0.0
2230 silly packumentCache full:https://registry.npmjs.org/buffer-from cache-miss
2231 http cache https://registry.npmjs.org/buffer-from 2ms (cache hit)
2232 silly packumentCache full:https://registry.npmjs.org/buffer-from set size:15463 disposed:false
2233 silly fetch manifest source-map@^0.6.0
2234 silly packumentCache full:https://registry.npmjs.org/source-map cache-miss
2235 http cache https://registry.npmjs.org/source-map 2ms (cache hit)
2236 silly packumentCache full:https://registry.npmjs.org/source-map set size:231637 disposed:false
2237 silly fetch manifest fdir@^6.5.0
2238 silly packumentCache full:https://registry.npmjs.org/fdir cache-miss
2239 http cache https://registry.npmjs.org/fdir 2ms (cache hit)
2240 silly packumentCache full:https://registry.npmjs.org/fdir set size:136182 disposed:false
2241 http fetch GET 200 https://registry.npmjs.org/sass-embedded-linux-musl-riscv64 28ms (cache miss)
2242 silly packumentCache full:https://registry.npmjs.org/sass-embedded-linux-musl-riscv64 set size:undefined disposed:false
2243 http fetch GET 200 https://registry.npmjs.org/sass-embedded-linux-riscv64 127ms (cache miss)
2244 silly packumentCache full:https://registry.npmjs.org/sass-embedded-linux-riscv64 set size:undefined disposed:false
2245 silly placeDep ROOT @jridgewell/gen-mapping@0.3.13 OK for: @ampproject/remapping@2.3.0 want: ^0.3.5
2246 silly placeDep ROOT @jridgewell/trace-mapping@0.3.31 OK for: @ampproject/remapping@2.3.0 want: ^0.3.24
2247 silly fetch manifest @jridgewell/sourcemap-codec@^1.5.0
2248 silly packumentCache full:https://registry.npmjs.org/@jridgewell%2fsourcemap-codec cache-hit
2249 silly fetch manifest @jridgewell/resolve-uri@^3.1.0
2250 silly packumentCache full:https://registry.npmjs.org/@jridgewell%2fresolve-uri cache-miss
2251 http cache https://registry.npmjs.org/@jridgewell%2fresolve-uri 2ms (cache hit)
2252 silly packumentCache full:https://registry.npmjs.org/@jridgewell%2fresolve-uri set size:57361 disposed:false
2253 silly placeDep ROOT @angular-devkit/core@22.2.1 OK for: @angular-devkit/architect@0.2202.1 want: 22.2.1
2254 silly fetch manifest ajv@8.20.0
2255 silly packumentCache full:https://registry.npmjs.org/ajv cache-miss
2256 silly fetch manifest source-map@0.8.0
2257 silly packumentCache full:https://registry.npmjs.org/source-map cache-hit
2258 silly fetch manifest ajv-formats@3.0.1
2259 silly packumentCache full:https://registry.npmjs.org/ajv-formats cache-hit
2260 http cache https://registry.npmjs.org/ajv 4ms (cache hit)
2261 silly packumentCache full:https://registry.npmjs.org/ajv set size:1142658 disposed:false
2262 silly placeDep ROOT ajv@8.20.0 OK for: @angular-devkit/core@22.2.1 want: 8.20.0
2263 silly placeDep ROOT ajv-formats@3.0.1 OK for: @angular-devkit/core@22.2.1 want: 3.0.1
2264 silly placeDep ROOT source-map@0.8.0 OK for: @angular-devkit/core@22.2.1 want: 0.8.0
2265 silly fetch manifest fast-uri@^3.0.1
2266 silly packumentCache full:https://registry.npmjs.org/fast-uri cache-miss
2267 silly fetch manifest json-schema-traverse@^1.0.0
2268 silly packumentCache full:https://registry.npmjs.org/json-schema-traverse cache-miss
2269 silly fetch manifest require-from-string@^2.0.2
2270 silly packumentCache full:https://registry.npmjs.org/require-from-string cache-miss
2271 http cache https://registry.npmjs.org/fast-uri 14ms (cache hit)
2272 silly packumentCache full:https://registry.npmjs.org/fast-uri set size:137334 disposed:false
2273 http cache https://registry.npmjs.org/require-from-string 15ms (cache hit)
2274 silly packumentCache full:https://registry.npmjs.org/require-from-string set size:15128 disposed:false
2275 http cache https://registry.npmjs.org/json-schema-traverse 20ms (cache hit)
2276 silly packumentCache full:https://registry.npmjs.org/json-schema-traverse set size:23537 disposed:false
2277 silly placeDep ROOT parse5@8.0.1 OK for: @angular/cdk@22.2.1 want: ^8.0.0
2278 silly placeDep ROOT @angular-devkit/schematics@22.2.1 OK for: @angular/cli@22.2.1 want: 22.2.1
2279 silly placeDep ROOT @inquirer/prompts@8.7.2 OK for: @angular/cli@22.2.1 want: 8.7.2
2280 silly placeDep ROOT @listr2/prompt-adapter-inquirer@4.2.7 OK for: @angular/cli@22.2.1 want: 4.2.7
2281 silly placeDep ROOT @modelcontextprotocol/server@2.0.0 OK for: @angular/cli@22.2.1 want: 2.0.0
2282 silly placeDep ROOT @schematics/angular@22.2.1 OK for: @angular/cli@22.2.1 want: 22.2.1
2283 silly placeDep ROOT npm-package-arg@14.0.0 OK for: @angular/cli@22.2.1 want: 14.0.0
2284 silly placeDep ROOT yargs@18.1.0 OK for: @angular/cli@22.2.1 want: 18.1.0
2285 silly placeDep ROOT zod@4.6.5 OK for: @angular/cli@22.2.1 want: 4.6.5
2286 silly fetch manifest ora@9.4.1
2287 silly packumentCache full:https://registry.npmjs.org/ora cache-miss
2288 silly fetch manifest @inquirer/input@^5.1.6
2289 silly packumentCache full:https://registry.npmjs.org/@inquirer%2finput cache-miss
2290 silly fetch manifest @inquirer/editor@^5.3.3
2291 silly packumentCache full:https://registry.npmjs.org/@inquirer%2feditor cache-miss
2292 http fetch GET 200 https://registry.npmjs.org/ora 55ms (cache miss)
2293 silly packumentCache full:https://registry.npmjs.org/ora set size:undefined disposed:false
2294 silly fetch manifest @inquirer/expand@^5.1.5
2295 silly packumentCache full:https://registry.npmjs.org/@inquirer%2fexpand cache-miss
2296 http fetch GET 200 https://registry.npmjs.org/@inquirer%2finput 58ms (cache miss)
2297 silly packumentCache full:https://registry.npmjs.org/@inquirer%2finput set size:undefined disposed:false
2298 silly fetch manifest @inquirer/number@^4.2.3
2299 silly packumentCache full:https://registry.npmjs.org/@inquirer%2fnumber cache-miss
2300 http fetch GET 200 https://registry.npmjs.org/@inquirer%2feditor 64ms (cache miss)
2301 silly packumentCache full:https://registry.npmjs.org/@inquirer%2feditor set size:undefined disposed:false
2302 silly fetch manifest @inquirer/search@^4.3.3
2303 silly packumentCache full:https://registry.npmjs.org/@inquirer%2fsearch cache-miss
2304 http fetch GET 200 https://registry.npmjs.org/@inquirer%2fexpand 50ms (cache miss)
2305 silly packumentCache full:https://registry.npmjs.org/@inquirer%2fexpand set size:undefined disposed:false
2306 silly fetch manifest @inquirer/select@^5.2.5
2307 silly packumentCache full:https://registry.npmjs.org/@inquirer%2fselect cache-miss
2308 http fetch GET 200 https://registry.npmjs.org/@inquirer%2fnumber 49ms (cache miss)
2309 silly packumentCache full:https://registry.npmjs.org/@inquirer%2fnumber set size:undefined disposed:false
2310 silly fetch manifest @inquirer/rawlist@^5.3.5
2311 silly packumentCache full:https://registry.npmjs.org/@inquirer%2frawlist cache-miss
2312 http fetch GET 200 https://registry.npmjs.org/@inquirer%2fsearch 48ms (cache miss)
2313 silly packumentCache full:https://registry.npmjs.org/@inquirer%2fsearch set size:undefined disposed:false
2314 silly fetch manifest @inquirer/checkbox@^5.2.5
2315 silly packumentCache full:https://registry.npmjs.org/@inquirer%2fcheckbox cache-miss
2316 http fetch GET 200 https://registry.npmjs.org/@inquirer%2frawlist 49ms (cache miss)
2317 silly packumentCache full:https://registry.npmjs.org/@inquirer%2frawlist set size:undefined disposed:false
2318 silly fetch manifest @inquirer/password@^5.2.2
2319 silly packumentCache full:https://registry.npmjs.org/@inquirer%2fpassword cache-miss
2320 http fetch GET 200 https://registry.npmjs.org/@inquirer%2fselect 60ms (cache miss)
2321 silly packumentCache full:https://registry.npmjs.org/@inquirer%2fselect set size:undefined disposed:false
2322 silly fetch manifest @inquirer/type@^4.0.7
2323 silly packumentCache full:https://registry.npmjs.org/@inquirer%2ftype cache-miss
2324 http cache https://registry.npmjs.org/@inquirer%2ftype 2ms (cache hit)
2325 silly packumentCache full:https://registry.npmjs.org/@inquirer%2ftype set size:125095 disposed:false
2326 silly fetch manifest zod@^4.2.0
2327 silly packumentCache full:https://registry.npmjs.org/zod cache-miss
2328 http cache https://registry.npmjs.org/zod 8ms (cache hit)
2329 silly packumentCache full:https://registry.npmjs.org/zod set size:4166672 disposed:false
2330 silly fetch manifest @modelcontextprotocol/core@2.0.0
2331 silly packumentCache full:https://registry.npmjs.org/@modelcontextprotocol%2fcore cache-miss
2332 http fetch GET 200 https://registry.npmjs.org/@inquirer%2fcheckbox 82ms (cache miss)
2333 silly packumentCache full:https://registry.npmjs.org/@inquirer%2fcheckbox set size:undefined disposed:false
2334 silly fetch manifest proc-log@^7.0.0
2335 silly packumentCache full:https://registry.npmjs.org/proc-log cache-miss
2336 http cache https://registry.npmjs.org/proc-log 1ms (cache hit)
2337 silly packumentCache full:https://registry.npmjs.org/proc-log set size:35855 disposed:false
2338 silly fetch manifest hosted-git-info@^10.1.0
2339 silly packumentCache full:https://registry.npmjs.org/hosted-git-info cache-miss
2340 http cache https://registry.npmjs.org/hosted-git-info 1ms (cache hit)
2341 silly packumentCache full:https://registry.npmjs.org/hosted-git-info set size:190199 disposed:false
2342 silly fetch manifest validate-npm-package-name@^8.0.0
2343 silly packumentCache full:https://registry.npmjs.org/validate-npm-package-name cache-miss
2344 http fetch GET 200 https://registry.npmjs.org/@inquirer%2fpassword 52ms (cache miss)
2345 silly packumentCache full:https://registry.npmjs.org/@inquirer%2fpassword set size:undefined disposed:false
2346 silly fetch manifest y18n@^5.0.5
2347 silly packumentCache full:https://registry.npmjs.org/y18n cache-miss
2348 http cache https://registry.npmjs.org/y18n 1ms (cache hit)
2349 silly packumentCache full:https://registry.npmjs.org/y18n set size:76206 disposed:false
2350 silly fetch manifest cliui@^9.0.1
2351 silly packumentCache full:https://registry.npmjs.org/cliui cache-miss
2352 http cache https://registry.npmjs.org/cliui 1ms (cache hit)
2353 silly packumentCache full:https://registry.npmjs.org/cliui set size:69089 disposed:false
2354 silly fetch manifest escalade@^3.1.1
2355 silly packumentCache full:https://registry.npmjs.org/escalade cache-miss
2356 http cache https://registry.npmjs.org/escalade 1ms (cache hit)
2357 silly packumentCache full:https://registry.npmjs.org/escalade set size:33724 disposed:false
2358 silly fetch manifest string-width@^8.2.1
2359 silly packumentCache full:https://registry.npmjs.org/string-width cache-hit
2360 silly fetch manifest yargs-parser@^22.0.0
2361 silly packumentCache full:https://registry.npmjs.org/yargs-parser cache-miss
2362 http cache https://registry.npmjs.org/yargs-parser 1ms (cache hit)
2363 silly packumentCache full:https://registry.npmjs.org/yargs-parser set size:238681 disposed:false
2364 silly fetch manifest get-caller-file@^2.0.5
2365 silly packumentCache full:https://registry.npmjs.org/get-caller-file cache-miss
2366 http cache https://registry.npmjs.org/get-caller-file 1ms (cache hit)
2367 silly packumentCache full:https://registry.npmjs.org/get-caller-file set size:26456 disposed:false
2368 http fetch GET 200 https://registry.npmjs.org/validate-npm-package-name 31ms (cache miss)
2369 silly packumentCache full:https://registry.npmjs.org/validate-npm-package-name set size:undefined disposed:false
2370 http fetch GET 200 https://registry.npmjs.org/@modelcontextprotocol%2fcore 50ms (cache miss)
2371 silly packumentCache full:https://registry.npmjs.org/@modelcontextprotocol%2fcore set size:undefined disposed:false
2372 silly placeDep ROOT ora@9.4.1 OK for: @angular-devkit/schematics@22.2.1 want: 9.4.1
2373 silly fetch manifest chalk@^5.6.2
2374 silly packumentCache full:https://registry.npmjs.org/chalk cache-hit
2375 silly fetch manifest cli-cursor@^5.0.0
2376 silly packumentCache full:https://registry.npmjs.org/cli-cursor cache-miss
2377 silly fetch manifest cli-spinners@^3.2.0
2378 silly packumentCache full:https://registry.npmjs.org/cli-spinners cache-miss
2379 silly fetch manifest is-interactive@^2.0.0
2380 silly packumentCache full:https://registry.npmjs.org/is-interactive cache-miss
2381 http cache https://registry.npmjs.org/cli-cursor 3ms (cache hit)
2382 silly packumentCache full:https://registry.npmjs.org/cli-cursor set size:18913 disposed:false
2383 silly fetch manifest is-unicode-supported@^2.1.0
2384 silly packumentCache full:https://registry.npmjs.org/is-unicode-supported cache-miss
2385 http cache https://registry.npmjs.org/is-unicode-supported 2ms (cache hit)
2386 silly packumentCache full:https://registry.npmjs.org/is-unicode-supported set size:19461 disposed:false
2387 silly fetch manifest log-symbols@^7.0.1
2388 silly packumentCache full:https://registry.npmjs.org/log-symbols cache-miss
2389 http cache https://registry.npmjs.org/log-symbols 2ms (cache hit)
2390 silly packumentCache full:https://registry.npmjs.org/log-symbols set size:31977 disposed:false
2391 silly fetch manifest stdin-discarder@^0.3.2
2392 silly packumentCache full:https://registry.npmjs.org/stdin-discarder cache-miss
2393 http fetch GET 200 https://registry.npmjs.org/cli-spinners 29ms (cache miss)
2394 silly packumentCache full:https://registry.npmjs.org/cli-spinners set size:undefined disposed:false
2395 silly fetch manifest string-width@^8.1.0
2396 silly packumentCache full:https://registry.npmjs.org/string-width cache-hit
2397 http fetch GET 200 https://registry.npmjs.org/is-interactive 31ms (cache miss)
2398 silly packumentCache full:https://registry.npmjs.org/is-interactive set size:undefined disposed:false
2399 http fetch GET 200 https://registry.npmjs.org/stdin-discarder 28ms (cache miss)
2400 silly packumentCache full:https://registry.npmjs.org/stdin-discarder set size:undefined disposed:false
2401 silly placeDep node_modules/@angular/compiler-cli @babel/core@8.0.1 OK for: @angular/compiler-cli@22.2.1 want: 8.0.1
2402 silly placeDep ROOT @jridgewell/sourcemap-codec@1.6.0 OK for: @angular/compiler-cli@22.2.1 want: ^1.4.14
2403 silly placeDep ROOT convert-source-map@1.9.0 OK for: @angular/compiler-cli@22.2.1 want: ^1.5.1
2404 silly placeDep ROOT reflect-metadata@0.2.2 OK for: @angular/compiler-cli@22.2.1 want: ^0.2.0
2405 silly fetch manifest @babel/types@^8.0.0
2406 silly packumentCache full:https://registry.npmjs.org/@babel%2ftypes cache-hit
2407 silly fetch manifest @babel/parser@^8.0.0
2408 silly packumentCache full:https://registry.npmjs.org/@babel%2fparser cache-hit
2409 silly fetch manifest @babel/helpers@^8.0.0
2410 silly packumentCache full:https://registry.npmjs.org/@babel%2fhelpers cache-hit
2411 silly fetch manifest @babel/traverse@^8.0.0
2412 silly packumentCache full:https://registry.npmjs.org/@babel%2ftraverse cache-hit
2413 silly fetch manifest @babel/generator@^8.0.0
2414 silly packumentCache full:https://registry.npmjs.org/@babel%2fgenerator cache-hit
2415 silly fetch manifest @babel/helper-compilation-targets@^8.0.0
2416 silly packumentCache full:https://registry.npmjs.org/@babel%2fhelper-compilation-targets cache-hit
2417 silly placeDep ROOT @standard-schema/spec@1.1.0 OK for: @angular/forms@22.2.1 want: ^1.0.0
2418 silly placeDep ROOT @babel/code-frame@8.0.6 OK for: @babel/core@8.0.5 want: ^8.0.0
2419 silly placeDep ROOT @babel/generator@8.0.6 OK for: @babel/core@8.0.5 want: ^8.0.5
2420 silly placeDep ROOT @babel/helper-compilation-targets@8.0.6 OK for: @babel/core@8.0.5 want: ^8.0.5
2421 silly placeDep ROOT @babel/helpers@8.0.5 OK for: @babel/core@8.0.5 want: ^8.0.5
2422 silly placeDep ROOT @babel/parser@8.0.6 OK for: @babel/core@8.0.5 want: ^8.0.5
2423 silly placeDep ROOT @babel/template@8.0.0 OK for: @babel/core@8.0.5 want: ^8.0.0
2424 silly placeDep ROOT @babel/traverse@8.0.6 OK for: @babel/core@8.0.5 want: ^8.0.5
2425 silly placeDep ROOT @babel/types@8.0.6 OK for: @babel/core@8.0.5 want: ^8.0.5
2426 silly placeDep ROOT @types/gensync@1.0.5 OK for: @babel/core@8.0.5 want: ^1.0.5
2427 silly placeDep node_modules/@babel/core convert-source-map@2.0.0 OK for: @babel/core@8.0.5 want: ^2.0.0
2428 silly placeDep ROOT empathic@2.1.0 OK for: @babel/core@8.0.5 want: ^2.0.1
2429 silly placeDep ROOT gensync@1.0.0-beta.2 OK for: @babel/core@8.0.5 want: ^1.0.0-beta.2
2430 silly placeDep ROOT import-meta-resolve@4.2.0 OK for: @babel/core@8.0.5 want: ^4.2.0
2431 silly placeDep ROOT json5@2.2.3 OK for: @babel/core@8.0.5 want: ^2.2.3
2432 silly placeDep ROOT obug@2.2.1 OK for: @babel/core@8.0.5 want: ^2.1.1
2433 silly placeDep ROOT verkit@0.3.2 OK for: @babel/core@8.0.5 want: ^0.3.2
2434 silly fetch manifest js-tokens@^10.0.0
2435 silly packumentCache full:https://registry.npmjs.org/js-tokens cache-miss
2436 silly fetch manifest @babel/helper-validator-identifier@^8.0.6
2437 silly packumentCache full:https://registry.npmjs.org/@babel%2fhelper-validator-identifier cache-miss
2438 silly fetch manifest jsesc@^3.0.2
2439 silly packumentCache full:https://registry.npmjs.org/jsesc cache-miss
2440 http cache https://registry.npmjs.org/js-tokens 3ms (cache hit)
2441 silly packumentCache full:https://registry.npmjs.org/js-tokens set size:41947 disposed:false
2442 silly fetch manifest @babel/types@^8.0.6
2443 silly packumentCache full:https://registry.npmjs.org/@babel%2ftypes cache-hit
2444 silly fetch manifest @types/jsesc@^2.5.0
2445 silly packumentCache full:https://registry.npmjs.org/@types%2fjsesc cache-miss
2446 http cache https://registry.npmjs.org/@babel%2fhelper-validator-identifier 4ms (cache hit)
2447 silly packumentCache full:https://registry.npmjs.org/@babel%2fhelper-validator-identifier set size:132572 disposed:false
2448 silly fetch manifest @babel/parser@^8.0.6
2449 silly packumentCache full:https://registry.npmjs.org/@babel%2fparser cache-hit
2450 silly fetch manifest @jridgewell/gen-mapping@0.4.0-beta.0
2451 silly packumentCache full:https://registry.npmjs.org/@jridgewell%2fgen-mapping cache-hit
2452 silly fetch manifest flru@1.0.2
2453 silly packumentCache full:https://registry.npmjs.org/flru cache-miss
2454 http cache https://registry.npmjs.org/jsesc 6ms (cache hit)
2455 silly packumentCache full:https://registry.npmjs.org/jsesc set size:61512 disposed:false
2456 silly fetch manifest @babel/compat-data@^8.0.5
2457 silly packumentCache full:https://registry.npmjs.org/@babel%2fcompat-data cache-miss
2458 http cache https://registry.npmjs.org/@babel%2fcompat-data 3ms (cache hit)
2459 silly packumentCache full:https://registry.npmjs.org/@babel%2fcompat-data set size:321231 disposed:false
2460 silly fetch manifest @babel/helper-validator-option@^8.0.0
2461 silly packumentCache full:https://registry.npmjs.org/@babel%2fhelper-validator-option cache-miss
2462 http cache https://registry.npmjs.org/@babel%2fhelper-validator-option 1ms (cache hit)
2463 silly packumentCache full:https://registry.npmjs.org/@babel%2fhelper-validator-option set size:101303 disposed:false
2464 silly fetch manifest @babel/helper-globals@^8.0.6
2465 silly packumentCache full:https://registry.npmjs.org/@babel%2fhelper-globals cache-miss
2466 http cache https://registry.npmjs.org/@babel%2fhelper-globals 2ms (cache hit)
2467 silly packumentCache full:https://registry.npmjs.org/@babel%2fhelper-globals set size:27304 disposed:false
2468 silly fetch manifest @babel/helper-string-parser@^8.0.6
2469 silly packumentCache full:https://registry.npmjs.org/@babel%2fhelper-string-parser cache-miss
2470 http cache https://registry.npmjs.org/@babel%2fhelper-string-parser 2ms (cache hit)
2471 silly packumentCache full:https://registry.npmjs.org/@babel%2fhelper-string-parser set size:93686 disposed:false
2472 http fetch GET 200 https://registry.npmjs.org/@types%2fjsesc 33ms (cache miss)
2473 silly packumentCache full:https://registry.npmjs.org/@types%2fjsesc set size:undefined disposed:false
2474 http fetch GET 200 https://registry.npmjs.org/flru 34ms (cache miss)
2475 silly packumentCache full:https://registry.npmjs.org/flru set size:undefined disposed:false
2476 silly placeDep ROOT @babel/helper-validator-identifier@8.0.6 OK for: @babel/code-frame@8.0.6 want: ^8.0.6
2477 silly placeDep ROOT js-tokens@10.0.0 OK for: @babel/code-frame@8.0.6 want: ^10.0.0
2478 silly placeDep node_modules/@babel/generator @jridgewell/gen-mapping@0.4.0-beta.0 OK for: @babel/generator@8.0.6 want: 0.4.0-beta.0
2479 silly placeDep ROOT @types/jsesc@2.5.1 OK for: @babel/generator@8.0.6 want: ^2.5.0
2480 silly placeDep ROOT jsesc@3.1.0 OK for: @babel/generator@8.0.6 want: ^3.0.2
2481 silly placeDep ROOT @babel/compat-data@8.0.5 OK for: @babel/helper-compilation-targets@8.0.6 want: ^8.0.5
2482 silly placeDep ROOT @babel/helper-validator-option@8.0.0 OK for: @babel/helper-compilation-targets@8.0.6 want: ^8.0.0
2483 silly placeDep ROOT flru@1.0.2 OK for: @babel/helper-compilation-targets@8.0.6 want: 1.0.2
2484 silly placeDep ROOT @babel/helper-globals@8.0.6 OK for: @babel/traverse@8.0.6 want: ^8.0.6
2485 silly placeDep ROOT @babel/helper-string-parser@8.0.6 OK for: @babel/types@8.0.6 want: ^8.0.6
2486 silly placeDep ROOT @codemirror/autocomplete@6.20.3 OK for: @codemirror/lang-javascript@6.2.5 want: ^6.0.0
2487 silly placeDep ROOT @codemirror/language@6.12.4 OK for: @codemirror/lang-javascript@6.2.5 want: ^6.6.0
2488 silly placeDep ROOT @codemirror/lint@6.9.7 OK for: @codemirror/lang-javascript@6.2.5 want: ^6.0.0
2489 silly placeDep ROOT @codemirror/state@6.7.6 OK for: @codemirror/lang-javascript@6.2.5 want: ^6.0.0
2490 silly placeDep ROOT @codemirror/view@6.43.13 OK for: @codemirror/lang-javascript@6.2.5 want: ^6.17.0
2491 silly placeDep ROOT @lezer/common@1.5.3 OK for: @codemirror/lang-javascript@6.2.5 want: ^1.0.0
2492 silly placeDep ROOT @lezer/javascript@1.5.6 OK for: @codemirror/lang-javascript@6.2.5 want: ^1.0.0
2493 silly fetch manifest @codemirror/view@^6.23.0
2494 silly packumentCache full:https://registry.npmjs.org/@codemirror%2fview cache-hit
2495 silly fetch manifest @lezer/common@^1.5.0
2496 silly packumentCache full:https://registry.npmjs.org/@lezer%2fcommon cache-hit
2497 silly fetch manifest style-mod@^4.0.0
2498 silly packumentCache full:https://registry.npmjs.org/style-mod cache-miss
2499 silly fetch manifest @codemirror/view@^6.42.0
2500 silly packumentCache full:https://registry.npmjs.org/@codemirror%2fview cache-hit
2501 silly fetch manifest crelt@^1.0.5
2502 silly packumentCache full:https://registry.npmjs.org/crelt cache-miss
2503 silly fetch manifest @marijn/find-cluster-break@^1.0.0
2504 silly packumentCache full:https://registry.npmjs.org/@marijn%2ffind-cluster-break cache-miss
2505 http cache https://registry.npmjs.org/style-mod 2ms (cache hit)
2506 silly packumentCache full:https://registry.npmjs.org/style-mod set size:72996 disposed:false
2507 silly fetch manifest crelt@^1.0.6
2508 silly packumentCache full:https://registry.npmjs.org/crelt cache-miss
2509 http fetch GET 200 https://registry.npmjs.org/crelt 34ms (cache miss)
2510 silly packumentCache full:https://registry.npmjs.org/crelt set size:undefined disposed:false
2511 silly fetch manifest w3c-keyname@^2.2.4
2512 silly packumentCache full:https://registry.npmjs.org/w3c-keyname cache-miss
2513 http fetch GET 200 https://registry.npmjs.org/crelt 40ms (cache miss)
2514 silly packumentCache full:https://registry.npmjs.org/crelt set size:undefined disposed:false
2515 silly fetch manifest @lezer/lr@^1.3.0
2516 silly packumentCache full:https://registry.npmjs.org/@lezer%2flr cache-miss
2517 http cache https://registry.npmjs.org/@lezer%2flr 2ms (cache hit)
2518 silly packumentCache full:https://registry.npmjs.org/@lezer%2flr set size:106375 disposed:false
2519 silly fetch manifest @lezer/highlight@^1.1.3
2520 silly packumentCache full:https://registry.npmjs.org/@lezer%2fhighlight cache-miss
2521 http fetch GET 200 https://registry.npmjs.org/@marijn%2ffind-cluster-break 45ms (cache miss)
2522 silly packumentCache full:https://registry.npmjs.org/@marijn%2ffind-cluster-break set size:undefined disposed:false
2523 http cache https://registry.npmjs.org/@lezer%2fhighlight 3ms (cache hit)
2524 silly packumentCache full:https://registry.npmjs.org/@lezer%2fhighlight set size:34079 disposed:false
2525 http fetch GET 200 https://registry.npmjs.org/w3c-keyname 35ms (cache miss)
2526 silly packumentCache full:https://registry.npmjs.org/w3c-keyname set size:undefined disposed:false
2527 silly placeDep ROOT @lezer/json@1.0.3 OK for: @codemirror/lang-json@6.0.2 want: ^1.0.0
2528 silly placeDep ROOT @lezer/highlight@1.2.5 OK for: @codemirror/lang-yaml@6.1.3 want: ^1.2.0
2529 silly placeDep ROOT @lezer/lr@1.4.10 OK for: @codemirror/lang-yaml@6.1.3 want: ^1.0.0
2530 silly placeDep ROOT @lezer/yaml@1.0.4 OK for: @codemirror/lang-yaml@6.1.3 want: ^1.0.0
2531 silly placeDep ROOT style-mod@4.1.4 OK for: @codemirror/language@6.12.4 want: ^4.0.0
2532 silly placeDep ROOT crelt@1.0.7 OK for: @codemirror/lint@6.9.7 want: ^1.0.5
2533 silly placeDep ROOT @marijn/find-cluster-break@1.0.4 OK for: @codemirror/state@6.7.6 want: ^1.0.0
2534 silly placeDep ROOT w3c-keyname@2.2.8 OK for: @codemirror/view@6.43.13 want: ^2.2.4
2535 silly fetch manifest libxmljs2@^0.35||^0.37
2536 silly packumentCache full:https://registry.npmjs.org/libxmljs2 cache-miss
2537 http cache https://registry.npmjs.org/libxmljs2 2ms (cache hit)
2538 silly packumentCache full:https://registry.npmjs.org/libxmljs2 set size:136492 disposed:false
2539 silly fetch manifest xmlbuilder2@^3.0.2||^4.0.0
2540 silly packumentCache full:https://registry.npmjs.org/xmlbuilder2 cache-miss
2541 http cache https://registry.npmjs.org/xmlbuilder2 2ms (cache hit)
2542 silly packumentCache full:https://registry.npmjs.org/xmlbuilder2 set size:169332 disposed:false
2543 silly placeDep ROOT @cyclonedx/cyclonedx-library@10.3.0 OK for: @cyclonedx/cyclonedx-esbuild@1.4.4 want: ^10.0.0
2544 silly placeDep ROOT ajv-formats-draft2019@1.6.1 OK for: @cyclonedx/cyclonedx-esbuild@1.4.4 want: ^1.6.1
2545 silly placeDep ROOT commander@14.0.3 OK for: @cyclonedx/cyclonedx-esbuild@1.4.4 want: ^14.0.0
2546 silly placeDep ROOT normalize-package-data@8.0.0 OK for: @cyclonedx/cyclonedx-esbuild@1.4.4 want: ^7.0.0 || ^8.0.0
2547 silly placeDep ROOT packageurl-js@2.0.1 OK for: @cyclonedx/cyclonedx-esbuild@1.4.4 want: ^2.0.1
2548 silly placeDep ROOT spdx-expression-parse@4.0.0 OK for: @cyclonedx/cyclonedx-esbuild@1.4.4 want: ^3.0.1 || ^4.0.0
2549 silly fetch manifest punycode@^2.1.1
2550 silly packumentCache full:https://registry.npmjs.org/punycode cache-miss
2551 silly fetch manifest schemes@^1.4.0
2552 silly packumentCache full:https://registry.npmjs.org/schemes cache-miss
2553 silly fetch manifest smtp-address-parser@^1.0.3
2554 silly packumentCache full:https://registry.npmjs.org/smtp-address-parser cache-miss
2555 http cache https://registry.npmjs.org/punycode 2ms (cache hit)
2556 silly packumentCache full:https://registry.npmjs.org/punycode set size:61278 disposed:false
2557 silly fetch manifest uri-js@^4.4.1
2558 silly packumentCache full:https://registry.npmjs.org/uri-js cache-miss
2559 http cache https://registry.npmjs.org/schemes 4ms (cache hit)
2560 silly packumentCache full:https://registry.npmjs.org/schemes set size:19938 disposed:false
2561 silly fetch manifest hosted-git-info@^9.0.0
2562 silly packumentCache full:https://registry.npmjs.org/hosted-git-info cache-hit
2563 silly fetch manifest validate-npm-package-license@^3.0.4
2564 silly packumentCache full:https://registry.npmjs.org/validate-npm-package-license cache-miss
2565 http cache https://registry.npmjs.org/smtp-address-parser 5ms (cache hit)
2566 silly packumentCache full:https://registry.npmjs.org/smtp-address-parser set size:29389 disposed:false
2567 silly fetch manifest spdx-exceptions@^2.1.0
2568 silly packumentCache full:https://registry.npmjs.org/spdx-exceptions cache-miss
2569 http cache https://registry.npmjs.org/uri-js 5ms (cache hit)
2570 silly packumentCache full:https://registry.npmjs.org/uri-js set size:42559 disposed:false
2571 silly fetch manifest spdx-license-ids@^3.0.0
2572 silly packumentCache full:https://registry.npmjs.org/spdx-license-ids cache-miss
2573 http cache https://registry.npmjs.org/spdx-exceptions 4ms (cache hit)
2574 silly packumentCache full:https://registry.npmjs.org/spdx-exceptions set size:21227 disposed:false
2575 http cache https://registry.npmjs.org/validate-npm-package-license 4ms (cache hit)
2576 silly packumentCache full:https://registry.npmjs.org/validate-npm-package-license set size:21821 disposed:false
2577 http cache https://registry.npmjs.org/spdx-license-ids 3ms (cache hit)
2578 silly packumentCache full:https://registry.npmjs.org/spdx-license-ids set size:83411 disposed:false
2579 silly placeDep ROOT @fortawesome/fontawesome-common-types@0.2.36 OK for: @fortawesome/fontawesome-svg-core@1.2.36 want: ^0.2.36
2580 silly placeDep ROOT @inquirer/core@12.0.3 OK for: @inquirer/confirm@6.3.2 want: ^12.0.3
2581 silly placeDep ROOT @inquirer/type@4.1.1 OK for: @inquirer/confirm@6.3.2 want: 4.1.1
2582 silly fetch manifest cli-width@^4.1.0
2583 silly packumentCache full:https://registry.npmjs.org/cli-width cache-miss
2584 silly fetch manifest mute-stream@^3.0.0
2585 silly packumentCache full:https://registry.npmjs.org/mute-stream cache-miss
2586 silly fetch manifest signal-exit@^4.1.0
2587 silly packumentCache full:https://registry.npmjs.org/signal-exit cache-miss
2588 http cache https://registry.npmjs.org/signal-exit 5ms (cache hit)
2589 silly packumentCache full:https://registry.npmjs.org/signal-exit set size:53489 disposed:false
2590 silly fetch manifest @inquirer/ansi@^2.0.8
2591 silly packumentCache full:https://registry.npmjs.org/@inquirer%2fansi cache-miss
2592 http fetch GET 200 https://registry.npmjs.org/mute-stream 28ms (cache miss)
2593 silly packumentCache full:https://registry.npmjs.org/mute-stream set size:undefined disposed:false
2594 silly fetch manifest fast-wrap-ansi@^0.2.0
2595 silly packumentCache full:https://registry.npmjs.org/fast-wrap-ansi cache-miss
2596 http fetch GET 200 https://registry.npmjs.org/cli-width 30ms (cache miss)
2597 silly packumentCache full:https://registry.npmjs.org/cli-width set size:undefined disposed:false
2598 silly fetch manifest @inquirer/figures@^2.0.9
2599 silly packumentCache full:https://registry.npmjs.org/@inquirer%2ffigures cache-miss
2600 http fetch GET 200 https://registry.npmjs.org/@inquirer%2fansi 49ms (cache miss)
2601 silly packumentCache full:https://registry.npmjs.org/@inquirer%2fansi set size:undefined disposed:false
2602 http fetch GET 200 https://registry.npmjs.org/fast-wrap-ansi 31ms (cache miss)
2603 silly packumentCache full:https://registry.npmjs.org/fast-wrap-ansi set size:undefined disposed:false
2604 http fetch GET 200 https://registry.npmjs.org/@inquirer%2ffigures 57ms (cache miss)
2605 silly packumentCache full:https://registry.npmjs.org/@inquirer%2ffigures set size:undefined disposed:false
2606 silly placeDep ROOT @inquirer/ansi@2.0.8 OK for: @inquirer/core@12.0.3 want: ^2.0.8
2607 silly placeDep ROOT @inquirer/figures@2.0.9 OK for: @inquirer/core@12.0.3 want: ^2.0.9
2608 silly placeDep ROOT cli-width@4.1.0 OK for: @inquirer/core@12.0.3 want: ^4.1.0
2609 silly placeDep ROOT fast-wrap-ansi@0.2.2 OK for: @inquirer/core@12.0.3 want: ^0.2.0
2610 silly placeDep ROOT mute-stream@3.0.0 OK for: @inquirer/core@12.0.3 want: ^3.0.0
2611 silly placeDep ROOT signal-exit@4.1.0 OK for: @inquirer/core@12.0.3 want: ^4.1.0
2612 silly fetch manifest fast-string-width@^3.0.2
2613 silly packumentCache full:https://registry.npmjs.org/fast-string-width cache-miss
2614 http fetch GET 200 https://registry.npmjs.org/fast-string-width 30ms (cache miss)
2615 silly packumentCache full:https://registry.npmjs.org/fast-string-width set size:undefined disposed:false
2616 silly placeDep ROOT @inquirer/checkbox@5.2.5 OK for: @inquirer/prompts@8.7.2 want: ^5.2.5
2617 silly placeDep ROOT @inquirer/editor@5.3.3 OK for: @inquirer/prompts@8.7.2 want: ^5.3.3
2618 silly placeDep ROOT @inquirer/expand@5.1.5 OK for: @inquirer/prompts@8.7.2 want: ^5.1.5
2619 silly placeDep ROOT @inquirer/input@5.1.6 OK for: @inquirer/prompts@8.7.2 want: ^5.1.6
2620 silly placeDep ROOT @inquirer/number@4.2.3 OK for: @inquirer/prompts@8.7.2 want: ^4.2.3
2621 silly placeDep ROOT @inquirer/password@5.2.2 OK for: @inquirer/prompts@8.7.2 want: ^5.2.2
2622 silly placeDep ROOT @inquirer/rawlist@5.3.5 OK for: @inquirer/prompts@8.7.2 want: ^5.3.5
2623 silly placeDep ROOT @inquirer/search@4.3.3 OK for: @inquirer/prompts@8.7.2 want: ^4.3.3
2624 silly placeDep ROOT @inquirer/select@5.2.5 OK for: @inquirer/prompts@8.7.2 want: ^5.2.5
2625 silly fetch manifest @inquirer/external-editor@^3.0.5
2626 silly packumentCache full:https://registry.npmjs.org/@inquirer%2fexternal-editor cache-miss
2627 http fetch GET 200 https://registry.npmjs.org/@inquirer%2fexternal-editor 37ms (cache miss)
2628 silly packumentCache full:https://registry.npmjs.org/@inquirer%2fexternal-editor set size:undefined disposed:false
2629 silly placeDep ROOT @inquirer/external-editor@3.0.5 OK for: @inquirer/editor@5.3.3 want: ^3.0.5
2630 silly fetch manifest chardet@^2.1.1
2631 silly packumentCache full:https://registry.npmjs.org/chardet cache-miss
2632 silly fetch manifest iconv-lite@^0.7.2
2633 silly packumentCache full:https://registry.npmjs.org/iconv-lite cache-miss
2634 http cache https://registry.npmjs.org/iconv-lite 2ms (cache hit)
2635 silly packumentCache full:https://registry.npmjs.org/iconv-lite set size:126462 disposed:false
2636 http fetch GET 200 https://registry.npmjs.org/chardet 44ms (cache miss)
2637 silly packumentCache full:https://registry.npmjs.org/chardet set size:undefined disposed:false
2638 silly placeDep ROOT chardet@2.2.0 OK for: @inquirer/external-editor@3.0.5 want: ^2.1.1
2639 silly placeDep ROOT iconv-lite@0.7.3 OK for: @inquirer/external-editor@3.0.5 want: ^0.7.2
2640 silly fetch manifest safer-buffer@>= 2.1.2 < 3.0.0
2641 silly packumentCache full:https://registry.npmjs.org/safer-buffer cache-miss
2642 http cache https://registry.npmjs.org/safer-buffer 2ms (cache hit)
2643 silly packumentCache full:https://registry.npmjs.org/safer-buffer set size:18521 disposed:false
2644 silly placeDep ROOT @jridgewell/resolve-uri@3.1.2 OK for: @jridgewell/trace-mapping@0.3.31 want: ^3.1.0
2645 silly placeDep ROOT @modelcontextprotocol/core@2.0.0 OK for: @modelcontextprotocol/server@2.0.0 want: 2.0.0
2646 silly placeDep ROOT @parcel/watcher-android-arm64@2.6.0 OK for: @parcel/watcher@2.6.0 want: 2.6.0
2647 silly placeDep ROOT @parcel/watcher-darwin-arm64@2.6.0 OK for: @parcel/watcher@2.6.0 want: 2.6.0
2648 silly placeDep ROOT @parcel/watcher-darwin-x64@2.6.0 OK for: @parcel/watcher@2.6.0 want: 2.6.0
2649 silly placeDep ROOT @parcel/watcher-freebsd-x64@2.6.0 OK for: @parcel/watcher@2.6.0 want: 2.6.0
2650 silly placeDep ROOT @parcel/watcher-linux-arm-glibc@2.6.0 OK for: @parcel/watcher@2.6.0 want: 2.6.0
2651 silly placeDep ROOT @parcel/watcher-linux-arm-musl@2.6.0 OK for: @parcel/watcher@2.6.0 want: 2.6.0
2652 silly placeDep ROOT @parcel/watcher-linux-arm64-glibc@2.6.0 OK for: @parcel/watcher@2.6.0 want: 2.6.0
2653 silly placeDep ROOT @parcel/watcher-linux-arm64-musl@2.6.0 OK for: @parcel/watcher@2.6.0 want: 2.6.0
2654 silly placeDep ROOT @parcel/watcher-linux-x64-glibc@2.6.0 OK for: @parcel/watcher@2.6.0 want: 2.6.0
2655 silly placeDep ROOT @parcel/watcher-linux-x64-musl@2.6.0 OK for: @parcel/watcher@2.6.0 want: 2.6.0
2656 silly placeDep ROOT @parcel/watcher-win32-arm64@2.6.0 OK for: @parcel/watcher@2.6.0 want: 2.6.0
2657 silly placeDep ROOT @parcel/watcher-win32-x64@2.6.0 OK for: @parcel/watcher@2.6.0 want: 2.6.0
2658 silly placeDep ROOT detect-libc@2.1.2 OK for: @parcel/watcher@2.6.0 want: ^2.0.3
2659 silly placeDep ROOT is-glob@4.0.3 OK for: @parcel/watcher@2.6.0 want: ^4.0.3
2660 silly placeDep ROOT node-addon-api@7.1.1 OK for: @parcel/watcher@2.6.0 want: ^7.0.0
2661 silly fetch manifest is-extglob@^2.1.1
2662 silly packumentCache full:https://registry.npmjs.org/is-extglob cache-miss
2663 http cache https://registry.npmjs.org/is-extglob 2ms (cache hit)
2664 silly packumentCache full:https://registry.npmjs.org/is-extglob set size:11766 disposed:false
2665 silly placeDep ROOT @types/qs@6.15.1 OK for: @types/express-serve-static-core@4.19.9 want: *
2666 silly placeDep ROOT @types/range-parser@1.2.7 OK for: @types/express-serve-static-core@4.19.9 want: *
2667 silly placeDep ROOT @types/send@1.2.1 OK for: @types/express-serve-static-core@4.19.9 want: *
2668 silly placeDep ROOT undici-types@6.21.0 OK for: @types/node@20.19.43 want: ~6.21.0
2669 silly placeDep ROOT @bcoe/v8-coverage@1.0.2 OK for: @vitest/coverage-v8@4.1.11 want: ^1.0.2
2670 silly placeDep ROOT @vitest/utils@4.1.11 OK for: @vitest/coverage-v8@4.1.11 want: 4.1.11
2671 silly placeDep ROOT ast-v8-to-istanbul@1.0.7 OK for: @vitest/coverage-v8@4.1.11 want: ^1.0.0
2672 silly placeDep ROOT istanbul-lib-coverage@3.2.2 OK for: @vitest/coverage-v8@4.1.11 want: ^3.2.2
2673 silly placeDep ROOT istanbul-lib-report@3.0.1 OK for: @vitest/coverage-v8@4.1.11 want: ^3.0.1
2674 silly placeDep ROOT istanbul-reports@3.2.0 OK for: @vitest/coverage-v8@4.1.11 want: ^3.2.0
2675 silly placeDep ROOT magicast@0.5.5 OK for: @vitest/coverage-v8@4.1.11 want: ^0.5.2
2676 silly placeDep ROOT std-env@4.3.0 OK for: @vitest/coverage-v8@4.1.11 want: ^4.0.0-rc.1
2677 silly placeDep ROOT tinyrainbow@3.2.0 OK for: @vitest/coverage-v8@4.1.11 want: ^3.1.0
2678 silly fetch manifest estree-walker@^3.0.3
2679 silly packumentCache full:https://registry.npmjs.org/estree-walker cache-miss
2680 silly fetch manifest make-dir@^4.0.0
2681 silly packumentCache full:https://registry.npmjs.org/make-dir cache-miss
2682 silly fetch manifest supports-color@^7.1.0
2683 silly packumentCache full:https://registry.npmjs.org/supports-color cache-hit
2684 silly fetch manifest html-escaper@^2.0.0
2685 silly packumentCache full:https://registry.npmjs.org/html-escaper cache-miss
2686 http cache https://registry.npmjs.org/make-dir 3ms (cache hit)
2687 silly packumentCache full:https://registry.npmjs.org/make-dir set size:34889 disposed:false
2688 silly fetch manifest @babel/types@^7.29.7
2689 silly packumentCache full:https://registry.npmjs.org/@babel%2ftypes cache-hit
2690 silly fetch manifest @babel/parser@^7.29.7
2691 silly packumentCache full:https://registry.npmjs.org/@babel%2fparser cache-hit
2692 http cache https://registry.npmjs.org/html-escaper 4ms (cache hit)
2693 silly packumentCache full:https://registry.npmjs.org/html-escaper set size:29853 disposed:false
2694 http fetch GET 200 https://registry.npmjs.org/estree-walker 35ms (cache miss)
2695 silly packumentCache full:https://registry.npmjs.org/estree-walker set size:undefined disposed:false
2696 silly placeDep ROOT @vitest/pretty-format@4.1.11 OK for: @vitest/utils@4.1.11 want: 4.1.11
2697 silly placeDep node_modules/@vitest/utils convert-source-map@2.0.0 OK for: @vitest/utils@4.1.11 want: ^2.0.0
2698 silly fetch manifest @types/react@>=16.8
2699 silly packumentCache full:https://registry.npmjs.org/@types%2freact cache-miss
2700 http fetch GET 200 https://registry.npmjs.org/@types%2freact 78ms (cache miss)
2701 silly packumentCache full:https://registry.npmjs.org/@types%2freact set size:undefined disposed:false
2702 silly fetch manifest immer@>=9.0.6
2703 silly packumentCache full:https://registry.npmjs.org/immer cache-miss
2704 http fetch GET 200 https://registry.npmjs.org/immer 88ms (cache miss)
2705 silly packumentCache full:https://registry.npmjs.org/immer set size:undefined disposed:false
2706 silly fetch manifest react@>=16.8
2707 silly packumentCache full:https://registry.npmjs.org/react cache-miss
2708 http fetch GET 200 https://registry.npmjs.org/react 165ms (cache miss)
2709 silly packumentCache full:https://registry.npmjs.org/react set size:undefined disposed:false
2710 silly placeDep ROOT eventemitter3@4.0.7 OK for: @wagmi/core@0.5.8 want: ^4.0.7
2711 silly placeDep ROOT zustand@4.5.7 OK for: @wagmi/core@0.5.8 want: ^4.0.0
2712 silly fetch manifest use-sync-external-store@^1.2.2
2713 silly packumentCache full:https://registry.npmjs.org/use-sync-external-store cache-miss
2714 http fetch GET 200 https://registry.npmjs.org/use-sync-external-store 143ms (cache miss)
2715 silly packumentCache full:https://registry.npmjs.org/use-sync-external-store set size:undefined disposed:false
2716 silly placeDep ROOT fast-deep-equal@3.1.3 OK for: ajv@8.20.0 want: ^3.1.3
2717 silly placeDep ROOT fast-uri@3.1.8 OK for: ajv@8.20.0 want: ^3.0.1
2718 silly placeDep ROOT json-schema-traverse@1.0.0 OK for: ajv@8.20.0 want: ^1.0.0
2719 silly placeDep ROOT require-from-string@2.0.2 OK for: ajv@8.20.0 want: ^2.0.2
2720 silly placeDep ROOT punycode@2.3.1 OK for: ajv-formats-draft2019@1.6.1 want: ^2.1.1
2721 silly placeDep ROOT schemes@1.4.0 OK for: ajv-formats-draft2019@1.6.1 want: ^1.4.0
2722 silly placeDep ROOT smtp-address-parser@1.1.0 OK for: ajv-formats-draft2019@1.6.1 want: ^1.0.3
2723 silly placeDep ROOT uri-js@4.4.1 OK for: ajv-formats-draft2019@1.6.1 want: ^4.4.1
2724 silly fetch manifest extend@^3.0.0
2725 silly packumentCache full:https://registry.npmjs.org/extend cache-miss
2726 silly fetch manifest nearley@^2.20.1
2727 silly packumentCache full:https://registry.npmjs.org/nearley cache-miss
2728 http cache https://registry.npmjs.org/extend 16ms (cache hit)
2729 silly packumentCache full:https://registry.npmjs.org/extend set size:25974 disposed:false
2730 http cache https://registry.npmjs.org/nearley 17ms (cache hit)
2731 silly packumentCache full:https://registry.npmjs.org/nearley set size:210822 disposed:false
2732 silly fetch manifest eslint@^9.0.0 || ^10.0.0
2733 silly packumentCache full:https://registry.npmjs.org/eslint cache-miss
2734 http cache https://registry.npmjs.org/eslint 4ms (cache hit)
2735 silly packumentCache full:https://registry.npmjs.org/eslint set size:2092267 disposed:false
2736 silly fetch manifest typescript@*
2737 silly packumentCache full:https://registry.npmjs.org/typescript cache-miss
2738 http cache https://registry.npmjs.org/typescript 55ms (cache hit)
2739 silly packumentCache full:https://registry.npmjs.org/typescript set size:15753183 disposed:false
2740 silly fetch manifest typescript@>=4.8.4 <6.1.0
2741 silly packumentCache full:https://registry.npmjs.org/typescript cache-miss
2742 http cache https://registry.npmjs.org/typescript 27ms (cache hit)
2743 silly packumentCache full:https://registry.npmjs.org/typescript set size:15753183 disposed:false
2744 silly placeDep ROOT @angular-eslint/builder@22.5.0 OK for: angular-eslint@22.5.0 want: 22.5.0
2745 silly placeDep ROOT @angular-eslint/eslint-plugin@22.5.0 OK for: angular-eslint@22.5.0 want: 22.5.0
2746 silly placeDep ROOT @typescript-eslint/utils@8.71.0 OK for: @angular-eslint/eslint-plugin@22.5.0 want: ^8.0.0
2747 silly placeDep ROOT @angular-eslint/eslint-plugin-template@22.5.0 OK for: angular-eslint@22.5.0 want: 22.5.0
2748 silly placeDep ROOT @typescript-eslint/types@8.71.0 OK for: @angular-eslint/eslint-plugin-template@22.5.0 want: ^8.0.0
2749 silly placeDep ROOT @angular-eslint/template-parser@22.5.0 OK for: @angular-eslint/eslint-plugin-template@22.5.0 want: 22.5.0
2750 silly placeDep ROOT @angular-eslint/schematics@22.5.0 OK for: angular-eslint@22.5.0 want: 22.5.0
2751 silly fetch manifest ts-api-utils@^2.1.0
2752 silly packumentCache full:https://registry.npmjs.org/ts-api-utils cache-miss
2753 silly fetch manifest @angular-eslint/utils@22.5.0
2754 silly packumentCache full:https://registry.npmjs.org/@angular-eslint%2futils cache-miss
2755 silly fetch manifest @angular-eslint/bundled-angular-compiler@22.5.0
2756 silly packumentCache full:https://registry.npmjs.org/@angular-eslint%2fbundled-angular-compiler cache-miss
2757 http cache https://registry.npmjs.org/ts-api-utils 4ms (cache hit)
2758 silly packumentCache full:https://registry.npmjs.org/ts-api-utils set size:226785 disposed:false
2759 silly fetch manifest @typescript-eslint/types@8.71.0
2760 silly packumentCache full:https://registry.npmjs.org/@typescript-eslint%2ftypes cache-miss
2761 http cache https://registry.npmjs.org/@typescript-eslint%2ftypes 21ms (cache hit)
2762 silly packumentCache full:https://registry.npmjs.org/@typescript-eslint%2ftypes set size:13043533 disposed:false
2763 silly fetch manifest @eslint-community/eslint-utils@^4.9.1
2764 silly packumentCache full:https://registry.npmjs.org/@eslint-community%2feslint-utils cache-hit
2765 silly fetch manifest @typescript-eslint/scope-manager@8.71.0
2766 silly packumentCache full:https://registry.npmjs.org/@typescript-eslint%2fscope-manager cache-miss
2767 http cache https://registry.npmjs.org/@typescript-eslint%2fscope-manager 23ms (cache hit)
2768 silly packumentCache full:https://registry.npmjs.org/@typescript-eslint%2fscope-manager set size:13219625 disposed:false
2769 silly fetch manifest aria-query@5.3.2
2770 silly packumentCache full:https://registry.npmjs.org/aria-query cache-miss
2771 http fetch GET 200 https://registry.npmjs.org/@angular-eslint%2fbundled-angular-compiler 168ms (cache miss)
2772 silly packumentCache full:https://registry.npmjs.org/@angular-eslint%2fbundled-angular-compiler set size:undefined disposed:false
2773 silly fetch manifest axobject-query@4.1.0
2774 silly packumentCache full:https://registry.npmjs.org/axobject-query cache-miss
2775 http fetch GET 200 https://registry.npmjs.org/@angular-eslint%2futils 173ms (cache miss)
2776 silly packumentCache full:https://registry.npmjs.org/@angular-eslint%2futils set size:undefined disposed:false
2777 silly fetch manifest eslint-scope@9.1.2
2778 silly packumentCache full:https://registry.npmjs.org/eslint-scope cache-hit
2779 silly fetch manifest ignore@7.0.8
2780 silly packumentCache full:https://registry.npmjs.org/ignore cache-hit
2781 silly fetch manifest strip-json-comments@3.1.1
2782 silly packumentCache full:https://registry.npmjs.org/strip-json-comments cache-miss
2783 http cache https://registry.npmjs.org/strip-json-comments 3ms (cache hit)
2784 silly packumentCache full:https://registry.npmjs.org/strip-json-comments set size:43569 disposed:false
2785 http fetch GET 200 https://registry.npmjs.org/aria-query 39ms (cache miss)
2786 silly packumentCache full:https://registry.npmjs.org/aria-query set size:undefined disposed:false
2787 http fetch GET 200 https://registry.npmjs.org/axobject-query 38ms (cache miss)
2788 silly packumentCache full:https://registry.npmjs.org/axobject-query set size:undefined disposed:false
2789 silly placeDep ROOT @angular-eslint/bundled-angular-compiler@22.5.0 OK for: @angular-eslint/eslint-plugin@22.5.0 want: 22.5.0
2790 silly placeDep ROOT @angular-eslint/utils@22.5.0 OK for: @angular-eslint/eslint-plugin@22.5.0 want: 22.5.0
2791 silly placeDep ROOT ts-api-utils@2.5.0 OK for: @angular-eslint/eslint-plugin@22.5.0 want: ^2.1.0
2792 silly placeDep ROOT aria-query@5.3.2 OK for: @angular-eslint/eslint-plugin-template@22.5.0 want: 5.3.2
2793 silly placeDep ROOT axobject-query@4.1.0 OK for: @angular-eslint/eslint-plugin-template@22.5.0 want: 4.1.0
2794 silly placeDep ROOT ignore@7.0.8 OK for: @angular-eslint/schematics@22.5.0 want: 7.0.8
2795 silly placeDep ROOT strip-json-comments@3.1.1 OK for: @angular-eslint/schematics@22.5.0 want: 3.1.1
2796 silly placeDep ROOT eslint-scope@9.1.2 OK for: @angular-eslint/template-parser@22.5.0 want: 9.1.2
2797 silly fetch manifest @types/esrecurse@^4.3.1
2798 silly packumentCache full:https://registry.npmjs.org/@types%2fesrecurse cache-miss
2799 silly fetch manifest @types/estree@^1.0.8
2800 silly packumentCache full:https://registry.npmjs.org/@types%2festree cache-hit
2801 silly fetch manifest esrecurse@^4.3.0
2802 silly packumentCache full:https://registry.npmjs.org/esrecurse cache-miss
2803 silly fetch manifest estraverse@^5.2.0
2804 silly packumentCache full:https://registry.npmjs.org/estraverse cache-miss
2805 http cache https://registry.npmjs.org/esrecurse 3ms (cache hit)
2806 silly packumentCache full:https://registry.npmjs.org/esrecurse set size:29005 disposed:false
2807 http cache https://registry.npmjs.org/estraverse 3ms (cache hit)
2808 silly packumentCache full:https://registry.npmjs.org/estraverse set size:62412 disposed:false
2809 http fetch GET 200 https://registry.npmjs.org/@types%2fesrecurse 42ms (cache miss)
2810 silly packumentCache full:https://registry.npmjs.org/@types%2fesrecurse set size:undefined disposed:false
2811 silly fetch manifest eslint@^8.57.0 || ^9.0.0 || ^10.0.0
2812 silly packumentCache full:https://registry.npmjs.org/eslint cache-miss
2813 http cache https://registry.npmjs.org/eslint 5ms (cache hit)
2814 silly packumentCache full:https://registry.npmjs.org/eslint set size:2092267 disposed:false
2815 silly placeDep ROOT @eslint-community/eslint-utils@4.10.1 OK for: @typescript-eslint/utils@8.71.0 want: ^4.9.1
2816 silly placeDep ROOT @typescript-eslint/scope-manager@8.71.0 OK for: @typescript-eslint/utils@8.71.0 want: 8.71.0
2817 silly placeDep ROOT @typescript-eslint/typescript-estree@8.71.0 OK for: @typescript-eslint/utils@8.71.0 want: 8.71.0
2818 silly fetch manifest eslint-visitor-keys@^3.4.3
2819 silly packumentCache full:https://registry.npmjs.org/eslint-visitor-keys cache-hit
2820 silly fetch manifest @typescript-eslint/visitor-keys@8.71.0
2821 silly packumentCache full:https://registry.npmjs.org/@typescript-eslint%2fvisitor-keys cache-miss
2822 silly fetch manifest minimatch@^10.2.2
2823 silly packumentCache full:https://registry.npmjs.org/minimatch cache-hit
2824 silly fetch manifest @typescript-eslint/visitor-keys@8.71.0
2825 silly packumentCache full:https://registry.npmjs.org/@typescript-eslint%2fvisitor-keys cache-miss
2826 silly fetch manifest @typescript-eslint/tsconfig-utils@8.71.0
2827 silly packumentCache full:https://registry.npmjs.org/@typescript-eslint%2ftsconfig-utils cache-miss
2828 http cache https://registry.npmjs.org/@typescript-eslint%2ftsconfig-utils 6ms (cache hit)
2829 silly packumentCache full:https://registry.npmjs.org/@typescript-eslint%2ftsconfig-utils set size:1980388 disposed:false
2830 silly fetch manifest @typescript-eslint/project-service@8.71.0
2831 silly packumentCache full:https://registry.npmjs.org/@typescript-eslint%2fproject-service cache-miss
2832 http cache https://registry.npmjs.org/@typescript-eslint%2fvisitor-keys 29ms (cache hit)
2833 silly packumentCache full:https://registry.npmjs.org/@typescript-eslint%2fvisitor-keys set size:12558502 disposed:false
2834 http cache https://registry.npmjs.org/@typescript-eslint%2fvisitor-keys 108ms (cache hit)
2835 silly packumentCache full:https://registry.npmjs.org/@typescript-eslint%2fvisitor-keys set size:12558502 disposed:false
2836 http cache https://registry.npmjs.org/@typescript-eslint%2fproject-service 132ms (cache hit)
2837 silly packumentCache full:https://registry.npmjs.org/@typescript-eslint%2fproject-service set size:2105381 disposed:false
2838 silly placeDep ROOT eslint-visitor-keys@3.4.3 OK for: @eslint-community/eslint-utils@4.10.1 want: ^3.4.3
2839 silly placeDep ROOT @typescript-eslint/visitor-keys@8.71.0 OK for: @typescript-eslint/scope-manager@8.71.0 want: 8.71.0
2840 silly fetch manifest eslint-visitor-keys@^5.0.0
2841 silly packumentCache full:https://registry.npmjs.org/eslint-visitor-keys cache-hit
2842 silly placeDep ROOT @typescript-eslint/project-service@8.71.0 OK for: @typescript-eslint/typescript-estree@8.71.0 want: 8.71.0
2843 silly placeDep ROOT @typescript-eslint/tsconfig-utils@8.71.0 OK for: @typescript-eslint/typescript-estree@8.71.0 want: 8.71.0
2844 silly placeDep ROOT debug@4.4.3 OK for: @typescript-eslint/typescript-estree@8.71.0 want: ^4.4.3
2845 silly placeDep ROOT minimatch@10.2.6 OK for: @typescript-eslint/typescript-estree@8.71.0 want: ^10.2.2
2846 silly fetch manifest @typescript-eslint/tsconfig-utils@^8.71.0
2847 silly packumentCache full:https://registry.npmjs.org/@typescript-eslint%2ftsconfig-utils cache-miss
2848 silly fetch manifest ms@^2.1.3
2849 silly packumentCache full:https://registry.npmjs.org/ms cache-miss
2850 silly fetch manifest brace-expansion@^5.0.8
2851 silly packumentCache full:https://registry.npmjs.org/brace-expansion cache-miss
2852 http cache https://registry.npmjs.org/ms 3ms (cache hit)
2853 silly packumentCache full:https://registry.npmjs.org/ms set size:92208 disposed:false
2854 http cache https://registry.npmjs.org/brace-expansion 4ms (cache hit)
2855 silly packumentCache full:https://registry.npmjs.org/brace-expansion set size:128514 disposed:false
2856 http cache https://registry.npmjs.org/@typescript-eslint%2ftsconfig-utils 8ms (cache hit)
2857 silly packumentCache full:https://registry.npmjs.org/@typescript-eslint%2ftsconfig-utils set size:1980388 disposed:false
2858 silly placeDep node_modules/@typescript-eslint/visitor-keys eslint-visitor-keys@5.0.1 OK for: @typescript-eslint/visitor-keys@8.71.0 want: ^5.0.0
2859 silly placeDep ROOT qrcode@1.5.4 OK for: angularx-qrcode@21.0.5 want: 1.5.4
2860 silly fetch manifest pngjs@^5.0.0
2861 silly packumentCache full:https://registry.npmjs.org/pngjs cache-miss
2862 silly fetch manifest yargs@^15.3.1
2863 silly packumentCache full:https://registry.npmjs.org/yargs cache-hit
2864 silly fetch manifest dijkstrajs@^1.0.1
2865 silly packumentCache full:https://registry.npmjs.org/dijkstrajs cache-miss
2866 http fetch GET 200 https://registry.npmjs.org/pngjs 29ms (cache miss)
2867 silly packumentCache full:https://registry.npmjs.org/pngjs set size:undefined disposed:false
2868 http fetch GET 200 https://registry.npmjs.org/dijkstrajs 32ms (cache miss)
2869 silly packumentCache full:https://registry.npmjs.org/dijkstrajs set size:undefined disposed:false
2870 silly placeDep ROOT estree-walker@3.0.3 OK for: ast-v8-to-istanbul@1.0.7 want: ^3.0.3
2871 silly fetch manifest @types/estree@^1.0.0
2872 silly packumentCache full:https://registry.npmjs.org/@types%2festree cache-hit
2873 silly fetch manifest postcss@^8.4.49
2874 silly packumentCache full:https://registry.npmjs.org/postcss cache-hit
2875 silly placeDep ROOT css-select@7.0.0 OK for: beasties@0.5.4 want: ^7.0.0
2876 silly placeDep ROOT css-what@8.0.0 OK for: beasties@0.5.4 want: ^8.0.0
2877 silly placeDep ROOT dom-serializer@3.1.1 OK for: beasties@0.5.4 want: ^3.0.0
2878 silly placeDep ROOT domhandler@6.0.1 OK for: beasties@0.5.4 want: ^6.0.0
2879 silly placeDep ROOT htmlparser2@12.0.0 OK for: beasties@0.5.4 want: ^12.0.0
2880 silly placeDep ROOT picocolors@1.1.1 OK for: beasties@0.5.4 want: ^1.1.1
2881 silly placeDep ROOT postcss-media-query-parser@0.2.3 OK for: beasties@0.5.4 want: ^0.2.3
2882 silly placeDep ROOT postcss-safe-parser@7.1.0 OK for: beasties@0.5.4 want: ^7.0.1
2883 silly fetch manifest boolbase@^2.0.0
2884 silly packumentCache full:https://registry.npmjs.org/boolbase cache-miss
2885 silly fetch manifest domhandler@^6.0.1
2886 silly packumentCache full:https://registry.npmjs.org/domhandler cache-hit
2887 silly fetch manifest domutils@^4.0.2
2888 silly packumentCache full:https://registry.npmjs.org/domutils cache-miss
2889 silly fetch manifest nth-check@^3.0.1
2890 silly packumentCache full:https://registry.npmjs.org/nth-check cache-miss
2891 http cache https://registry.npmjs.org/domutils 3ms (cache hit)
2892 silly packumentCache full:https://registry.npmjs.org/domutils set size:110068 disposed:false
2893 silly fetch manifest domelementtype@^3.0.0
2894 silly packumentCache full:https://registry.npmjs.org/domelementtype cache-miss
2895 http cache https://registry.npmjs.org/domelementtype 2ms (cache hit)
2896 silly packumentCache full:https://registry.npmjs.org/domelementtype set size:33363 disposed:false
2897 http fetch GET 200 https://registry.npmjs.org/nth-check 24ms (cache miss)
2898 silly packumentCache full:https://registry.npmjs.org/nth-check set size:undefined disposed:false
2899 http fetch GET 200 https://registry.npmjs.org/boolbase 66ms (cache miss)
2900 silly packumentCache full:https://registry.npmjs.org/boolbase set size:undefined disposed:false
2901 silly fetch manifest browserslist@>= 4.21.0
2902 silly packumentCache full:https://registry.npmjs.org/browserslist cache-hit
2903 silly placeDep ROOT baseline-browser-mapping@2.11.27 OK for: browserslist@4.29.3 want: ^2.11.26
2904 silly placeDep ROOT caniuse-lite@1.0.30001814 OK for: browserslist@4.29.3 want: ^1.0.30001813
2905 silly placeDep ROOT electron-to-chromium@1.5.444 OK for: browserslist@4.29.3 want: ^1.5.439
2906 silly placeDep ROOT node-releases@2.0.57 OK for: browserslist@4.29.3 want: ^2.0.57
2907 silly placeDep ROOT update-browserslist-db@1.3.3 OK for: browserslist@4.29.3 want: ^1.3.3
2908 silly fetch manifest escalade@^3.2.0
2909 silly packumentCache full:https://registry.npmjs.org/escalade cache-hit
2910 silly placeDep ROOT readdirp@5.1.1 OK for: chokidar@5.0.0 want: ^5.0.0
2911 silly placeDep ROOT @codemirror/commands@6.11.1 OK for: codemirror@6.0.2 want: ^6.0.0
2912 silly placeDep ROOT @codemirror/search@6.7.2 OK for: codemirror@6.0.2 want: ^6.0.0
2913 silly placeDep ROOT boolbase@2.0.0 OK for: css-select@7.0.0 want: ^2.0.0
2914 silly placeDep ROOT domutils@4.0.2 OK for: css-select@7.0.0 want: ^4.0.2
2915 silly placeDep ROOT nth-check@3.0.1 OK for: css-select@7.0.0 want: ^3.0.1
2916 silly placeDep ROOT ms@2.1.3 OK for: debug@4.4.3 want: ^2.1.3
2917 silly placeDep ROOT domelementtype@3.0.0 OK for: dom-serializer@3.1.1 want: ^3.0.0
2918 silly placeDep ROOT entities@8.1.0 OK for: dom-serializer@3.1.1 want: ^8.0.0
2919 silly placeDep ROOT @esbuild/aix-ppc64@0.28.2 OK for: esbuild@0.28.2 want: 0.28.2
2920 silly placeDep ROOT @esbuild/android-arm@0.28.2 OK for: esbuild@0.28.2 want: 0.28.2
2921 silly placeDep ROOT @esbuild/android-arm64@0.28.2 OK for: esbuild@0.28.2 want: 0.28.2
2922 silly placeDep ROOT @esbuild/android-x64@0.28.2 OK for: esbuild@0.28.2 want: 0.28.2
2923 silly placeDep ROOT @esbuild/darwin-arm64@0.28.2 OK for: esbuild@0.28.2 want: 0.28.2
2924 silly placeDep ROOT @esbuild/darwin-x64@0.28.2 OK for: esbuild@0.28.2 want: 0.28.2
2925 silly placeDep ROOT @esbuild/freebsd-arm64@0.28.2 OK for: esbuild@0.28.2 want: 0.28.2
2926 silly placeDep ROOT @esbuild/freebsd-x64@0.28.2 OK for: esbuild@0.28.2 want: 0.28.2
2927 silly placeDep ROOT @esbuild/linux-arm@0.28.2 OK for: esbuild@0.28.2 want: 0.28.2
2928 silly placeDep ROOT @esbuild/linux-arm64@0.28.2 OK for: esbuild@0.28.2 want: 0.28.2
2929 silly placeDep ROOT @esbuild/linux-ia32@0.28.2 OK for: esbuild@0.28.2 want: 0.28.2
2930 silly placeDep ROOT @esbuild/linux-loong64@0.28.2 OK for: esbuild@0.28.2 want: 0.28.2
2931 silly placeDep ROOT @esbuild/linux-mips64el@0.28.2 OK for: esbuild@0.28.2 want: 0.28.2
2932 silly placeDep ROOT @esbuild/linux-ppc64@0.28.2 OK for: esbuild@0.28.2 want: 0.28.2
2933 silly placeDep ROOT @esbuild/linux-riscv64@0.28.2 OK for: esbuild@0.28.2 want: 0.28.2
2934 silly placeDep ROOT @esbuild/linux-s390x@0.28.2 OK for: esbuild@0.28.2 want: 0.28.2
2935 silly placeDep ROOT @esbuild/linux-x64@0.28.2 OK for: esbuild@0.28.2 want: 0.28.2
2936 silly placeDep ROOT @esbuild/netbsd-arm64@0.28.2 OK for: esbuild@0.28.2 want: 0.28.2
2937 silly placeDep ROOT @esbuild/netbsd-x64@0.28.2 OK for: esbuild@0.28.2 want: 0.28.2
2938 silly placeDep ROOT @esbuild/openbsd-arm64@0.28.2 OK for: esbuild@0.28.2 want: 0.28.2
2939 silly placeDep ROOT @esbuild/openbsd-x64@0.28.2 OK for: esbuild@0.28.2 want: 0.28.2
2940 silly placeDep ROOT @esbuild/openharmony-arm64@0.28.2 OK for: esbuild@0.28.2 want: 0.28.2
2941 silly placeDep ROOT @esbuild/sunos-x64@0.28.2 OK for: esbuild@0.28.2 want: 0.28.2
2942 silly placeDep ROOT @esbuild/win32-arm64@0.28.2 OK for: esbuild@0.28.2 want: 0.28.2
2943 silly placeDep ROOT @esbuild/win32-ia32@0.28.2 OK for: esbuild@0.28.2 want: 0.28.2
2944 silly placeDep ROOT @esbuild/win32-x64@0.28.2 OK for: esbuild@0.28.2 want: 0.28.2
2945 silly placeDep ROOT open@8.4.2 OK for: esbuild-visualizer@0.7.0 want: ^8.4.0
2946 silly placeDep node_modules/esbuild-visualizer yargs@17.7.3 OK for: esbuild-visualizer@0.7.0 want: ^17.6.2
2947 silly fetch manifest is-wsl@^2.2.0
2948 silly packumentCache full:https://registry.npmjs.org/is-wsl cache-miss
2949 silly fetch manifest is-docker@^2.1.1
2950 silly packumentCache full:https://registry.npmjs.org/is-docker cache-miss
2951 silly fetch manifest define-lazy-prop@^2.0.0
2952 silly packumentCache full:https://registry.npmjs.org/define-lazy-prop cache-miss
2953 http fetch GET 200 https://registry.npmjs.org/is-docker 28ms (cache miss)
2954 silly packumentCache full:https://registry.npmjs.org/is-docker set size:undefined disposed:false
2955 silly fetch manifest cliui@^8.0.1
2956 silly packumentCache full:https://registry.npmjs.org/cliui cache-hit
2957 silly fetch manifest yargs-parser@^21.1.1
2958 silly packumentCache full:https://registry.npmjs.org/yargs-parser cache-hit
2959 silly fetch manifest require-directory@^2.1.1
2960 silly packumentCache full:https://registry.npmjs.org/require-directory cache-miss
2961 http fetch GET 200 https://registry.npmjs.org/is-wsl 31ms (cache miss)
2962 silly packumentCache full:https://registry.npmjs.org/is-wsl set size:undefined disposed:false
2963 http cache https://registry.npmjs.org/require-directory 3ms (cache hit)
2964 silly packumentCache full:https://registry.npmjs.org/require-directory set size:26866 disposed:false
2965 http fetch GET 200 https://registry.npmjs.org/define-lazy-prop 36ms (cache miss)
2966 silly packumentCache full:https://registry.npmjs.org/define-lazy-prop set size:undefined disposed:false
2967 silly placeDep ROOT @eslint-community/regexpp@4.12.2 OK for: eslint@9.39.5 want: ^4.12.1
2968 silly placeDep ROOT @eslint/config-array@0.21.2 OK for: eslint@9.39.5 want: ^0.21.2
2969 silly placeDep ROOT @eslint/config-helpers@0.4.2 OK for: eslint@9.39.5 want: ^0.4.2
2970 silly placeDep ROOT @eslint/core@0.17.0 OK for: eslint@9.39.5 want: ^0.17.0
2971 silly placeDep ROOT @eslint/eslintrc@3.3.7 OK for: eslint@9.39.5 want: ^3.3.6
2972 silly placeDep node_modules/eslint @eslint/js@9.39.5 OK for: eslint@9.39.5 want: 9.39.5
2973 silly placeDep ROOT @eslint/plugin-kit@0.4.1 OK for: eslint@9.39.5 want: ^0.4.1
2974 silly placeDep ROOT @humanfs/node@0.16.8 OK for: eslint@9.39.5 want: ^0.16.6
2975 silly placeDep ROOT @humanwhocodes/module-importer@1.0.1 OK for: eslint@9.39.5 want: ^1.0.1
2976 silly placeDep ROOT @humanwhocodes/retry@0.4.3 OK for: eslint@9.39.5 want: ^0.4.2
2977 silly placeDep ROOT @types/estree@1.0.9 OK for: eslint@9.39.5 want: ^1.0.6
2978 silly placeDep node_modules/eslint ajv@6.15.0 OK for: eslint@9.39.5 want: ^6.14.0
2979 silly placeDep ROOT chalk@4.1.2 OK for: eslint@9.39.5 want: ^4.0.0
2980 silly placeDep ROOT cross-spawn@7.0.6 OK for: eslint@9.39.5 want: ^7.0.6
2981 silly placeDep ROOT escape-string-regexp@4.0.0 OK for: eslint@9.39.5 want: ^4.0.0
2982 silly placeDep node_modules/eslint eslint-scope@8.4.0 OK for: eslint@9.39.5 want: ^8.4.0
2983 silly placeDep node_modules/eslint eslint-visitor-keys@4.2.1 OK for: eslint@9.39.5 want: ^4.2.1
2984 silly placeDep ROOT espree@10.4.0 OK for: eslint@9.39.5 want: ^10.4.0
2985 silly placeDep ROOT esquery@1.7.0 OK for: eslint@9.39.5 want: ^1.5.0
2986 silly placeDep ROOT esutils@2.0.3 OK for: eslint@9.39.5 want: ^2.0.2
2987 silly placeDep ROOT file-entry-cache@8.0.0 OK for: eslint@9.39.5 want: ^8.0.0
2988 silly placeDep ROOT find-up@5.0.0 OK for: eslint@9.39.5 want: ^5.0.0
2989 silly placeDep ROOT glob-parent@6.0.2 OK for: eslint@9.39.5 want: ^6.0.2
2990 silly placeDep node_modules/eslint ignore@5.3.2 OK for: eslint@9.39.5 want: ^5.2.0
2991 silly placeDep ROOT imurmurhash@0.1.4 OK for: eslint@9.39.5 want: ^0.1.4
2992 silly placeDep ROOT json-stable-stringify-without-jsonify@1.0.1 OK for: eslint@9.39.5 want: ^1.0.1
2993 silly placeDep ROOT lodash.merge@4.6.2 OK for: eslint@9.39.5 want: ^4.6.2
2994 silly placeDep node_modules/eslint minimatch@3.1.5 OK for: eslint@9.39.5 want: ^3.1.5
2995 silly placeDep ROOT natural-compare@1.4.0 OK for: eslint@9.39.5 want: ^1.4.0
2996 silly placeDep ROOT optionator@0.9.4 OK for: eslint@9.39.5 want: ^0.9.3
2997 silly fetch manifest @eslint/object-schema@^2.1.7
2998 silly packumentCache full:https://registry.npmjs.org/@eslint%2fobject-schema cache-miss
2999 silly fetch manifest @types/json-schema@^7.0.15
3000 silly packumentCache full:https://registry.npmjs.org/@types%2fjson-schema cache-miss
3001 silly fetch manifest espree@^10.0.1
3002 silly packumentCache full:https://registry.npmjs.org/espree cache-hit
3003 silly fetch manifest globals@^14.0.0
3004 silly packumentCache full:https://registry.npmjs.org/globals cache-miss
3005 http cache https://registry.npmjs.org/@eslint%2fobject-schema 7ms (cache hit)
3006 silly packumentCache full:https://registry.npmjs.org/@eslint%2fobject-schema set size:38535 disposed:false
3007 silly fetch manifest js-yaml@^4.3.2
3008 silly packumentCache full:https://registry.npmjs.org/js-yaml cache-miss
3009 http cache https://registry.npmjs.org/@types%2fjson-schema 9ms (cache hit)
3010 silly packumentCache full:https://registry.npmjs.org/@types%2fjson-schema set size:44738 disposed:false
3011 silly fetch manifest import-fresh@^3.2.1
3012 silly packumentCache full:https://registry.npmjs.org/import-fresh cache-miss
3013 http cache https://registry.npmjs.org/globals 10ms (cache hit)
3014 silly packumentCache full:https://registry.npmjs.org/globals set size:342829 disposed:false
3015 silly fetch manifest levn@^0.4.1
3016 silly packumentCache full:https://registry.npmjs.org/levn cache-miss
3017 http cache https://registry.npmjs.org/js-yaml 8ms (cache hit)
3018 silly packumentCache full:https://registry.npmjs.org/js-yaml set size:198692 disposed:false
3019 silly fetch manifest @humanfs/core@^0.19.2
3020 silly packumentCache full:https://registry.npmjs.org/@humanfs%2fcore cache-miss
3021 http cache https://registry.npmjs.org/levn 5ms (cache hit)
3022 silly packumentCache full:https://registry.npmjs.org/levn set size:28223 disposed:false
3023 silly fetch manifest @humanfs/types@^0.15.0
3024 silly packumentCache full:https://registry.npmjs.org/@humanfs%2ftypes cache-miss
3025 http cache https://registry.npmjs.org/import-fresh 9ms (cache hit)
3026 silly packumentCache full:https://registry.npmjs.org/import-fresh set size:26738 disposed:false
3027 silly fetch manifest @humanwhocodes/retry@^0.4.0
3028 silly packumentCache full:https://registry.npmjs.org/@humanwhocodes%2fretry cache-hit
3029 silly fetch manifest json-schema-traverse@^0.4.1
3030 silly packumentCache full:https://registry.npmjs.org/json-schema-traverse cache-hit
3031 silly fetch manifest fast-json-stable-stringify@^2.0.0
3032 silly packumentCache full:https://registry.npmjs.org/fast-json-stable-stringify cache-miss
3033 http cache https://registry.npmjs.org/@humanfs%2fcore 11ms (cache hit)
3034 silly packumentCache full:https://registry.npmjs.org/@humanfs%2fcore set size:39480 disposed:false
3035 silly fetch manifest ansi-styles@^4.1.0
3036 silly packumentCache full:https://registry.npmjs.org/ansi-styles cache-miss
3037 http cache https://registry.npmjs.org/@humanfs%2ftypes 12ms (cache hit)
3038 silly packumentCache full:https://registry.npmjs.org/@humanfs%2ftypes set size:21303 disposed:false
3039 silly fetch manifest which@^2.0.1
3040 silly packumentCache full:https://registry.npmjs.org/which cache-miss
3041 http cache https://registry.npmjs.org/fast-json-stable-stringify 11ms (cache hit)
3042 silly packumentCache full:https://registry.npmjs.org/fast-json-stable-stringify set size:11337 disposed:false
3043 silly fetch manifest path-key@^3.1.0
3044 silly packumentCache full:https://registry.npmjs.org/path-key cache-miss
3045 http cache https://registry.npmjs.org/ansi-styles 3ms (cache hit)
3046 silly packumentCache full:https://registry.npmjs.org/ansi-styles set size:71772 disposed:false
3047 silly fetch manifest shebang-command@^2.0.0
3048 silly packumentCache full:https://registry.npmjs.org/shebang-command cache-miss
3049 http cache https://registry.npmjs.org/which 4ms (cache hit)
3050 silly packumentCache full:https://registry.npmjs.org/which set size:70147 disposed:false
3051 silly fetch manifest acorn@^8.15.0
3052 silly packumentCache full:https://registry.npmjs.org/acorn cache-miss
3053 http cache https://registry.npmjs.org/shebang-command 4ms (cache hit)
3054 silly packumentCache full:https://registry.npmjs.org/shebang-command set size:8525 disposed:false
3055 silly fetch manifest acorn-jsx@^5.3.2
3056 silly packumentCache full:https://registry.npmjs.org/acorn-jsx cache-miss
3057 http cache https://registry.npmjs.org/path-key 6ms (cache hit)
3058 silly packumentCache full:https://registry.npmjs.org/path-key set size:16975 disposed:false
3059 silly fetch manifest estraverse@^5.1.0
3060 silly packumentCache full:https://registry.npmjs.org/estraverse cache-hit
3061 silly fetch manifest flat-cache@^4.0.0
3062 silly packumentCache full:https://registry.npmjs.org/flat-cache cache-miss
3063 http cache https://registry.npmjs.org/acorn 5ms (cache hit)
3064 silly packumentCache full:https://registry.npmjs.org/acorn set size:383439 disposed:false
3065 silly fetch manifest locate-path@^6.0.0
3066 silly packumentCache full:https://registry.npmjs.org/locate-path cache-miss
3067 http cache https://registry.npmjs.org/acorn-jsx 7ms (cache hit)
3068 silly packumentCache full:https://registry.npmjs.org/acorn-jsx set size:71068 disposed:false
3069 silly fetch manifest path-exists@^4.0.0
3070 silly packumentCache full:https://registry.npmjs.org/path-exists cache-miss
3071 http cache https://registry.npmjs.org/flat-cache 8ms (cache hit)
3072 silly packumentCache full:https://registry.npmjs.org/flat-cache set size:160097 disposed:false
3073 silly fetch manifest brace-expansion@^1.1.7
3074 silly packumentCache full:https://registry.npmjs.org/brace-expansion cache-hit
3075 silly fetch manifest prelude-ls@^1.2.1
3076 silly packumentCache full:https://registry.npmjs.org/prelude-ls cache-miss
3077 http cache https://registry.npmjs.org/path-exists 5ms (cache hit)
3078 silly packumentCache full:https://registry.npmjs.org/path-exists set size:13704 disposed:false
3079 silly fetch manifest deep-is@^0.1.3
3080 silly packumentCache full:https://registry.npmjs.org/deep-is cache-miss
3081 http cache https://registry.npmjs.org/locate-path 6ms (cache hit)
3082 silly packumentCache full:https://registry.npmjs.org/locate-path set size:31329 disposed:false
3083 silly fetch manifest word-wrap@^1.2.5
3084 silly packumentCache full:https://registry.npmjs.org/word-wrap cache-miss
3085 http cache https://registry.npmjs.org/prelude-ls 4ms (cache hit)
3086 silly packumentCache full:https://registry.npmjs.org/prelude-ls set size:25777 disposed:false
3087 silly fetch manifest type-check@^0.4.0
3088 silly packumentCache full:https://registry.npmjs.org/type-check cache-miss
3089 http cache https://registry.npmjs.org/word-wrap 3ms (cache hit)
3090 silly packumentCache full:https://registry.npmjs.org/word-wrap set size:37835 disposed:false
3091 silly fetch manifest fast-levenshtein@^2.0.6
3092 silly packumentCache full:https://registry.npmjs.org/fast-levenshtein cache-miss
3093 http cache https://registry.npmjs.org/deep-is 5ms (cache hit)
3094 silly packumentCache full:https://registry.npmjs.org/deep-is set size:10205 disposed:false
3095 http cache https://registry.npmjs.org/type-check 4ms (cache hit)
3096 silly packumentCache full:https://registry.npmjs.org/type-check set size:21221 disposed:false
3097 http cache https://registry.npmjs.org/fast-levenshtein 2ms (cache hit)
3098 silly packumentCache full:https://registry.npmjs.org/fast-levenshtein set size:39317 disposed:false
3099 silly placeDep ROOT @eslint/object-schema@2.1.7 OK for: @eslint/config-array@0.21.2 want: ^2.1.7
3100 silly placeDep node_modules/@eslint/config-array minimatch@3.1.5 OK for: @eslint/config-array@0.21.2 want: ^3.1.5
3101 silly placeDep ROOT @types/json-schema@7.0.15 OK for: @eslint/core@0.17.0 want: ^7.0.15
3102 silly placeDep node_modules/@eslint/eslintrc ajv@6.15.0 OK for: @eslint/eslintrc@3.3.7 want: ^6.14.0
3103 silly placeDep ROOT globals@14.0.0 OK for: @eslint/eslintrc@3.3.7 want: ^14.0.0
3104 silly placeDep node_modules/@eslint/eslintrc ignore@5.3.2 OK for: @eslint/eslintrc@3.3.7 want: ^5.2.0
3105 silly placeDep ROOT import-fresh@3.3.1 OK for: @eslint/eslintrc@3.3.7 want: ^3.2.1
3106 silly placeDep ROOT js-yaml@4.3.2 OK for: @eslint/eslintrc@3.3.7 want: ^4.3.2
3107 silly placeDep node_modules/@eslint/eslintrc minimatch@3.1.5 OK for: @eslint/eslintrc@3.3.7 want: ^3.1.5
3108 silly fetch manifest resolve-from@^4.0.0
3109 silly packumentCache full:https://registry.npmjs.org/resolve-from cache-hit
3110 silly fetch manifest parent-module@^1.0.0
3111 silly packumentCache full:https://registry.npmjs.org/parent-module cache-miss
3112 silly fetch manifest argparse@^2.0.1
3113 silly packumentCache full:https://registry.npmjs.org/argparse cache-miss
3114 http cache https://registry.npmjs.org/parent-module 2ms (cache hit)
3115 silly packumentCache full:https://registry.npmjs.org/parent-module set size:18255 disposed:false
3116 http cache https://registry.npmjs.org/argparse 3ms (cache hit)
3117 silly packumentCache full:https://registry.npmjs.org/argparse set size:55000 disposed:false
3118 silly placeDep ROOT levn@0.4.1 OK for: @eslint/plugin-kit@0.4.1 want: ^0.4.1
3119 silly fetch manifest type-check@~0.4.0
3120 silly packumentCache full:https://registry.npmjs.org/type-check cache-hit
3121 silly placeDep ROOT @humanfs/core@0.19.2 OK for: @humanfs/node@0.16.8 want: ^0.19.2
3122 silly placeDep ROOT @humanfs/types@0.15.0 OK for: @humanfs/node@0.16.8 want: ^0.15.0
3123 silly placeDep ROOT ansi-styles@4.3.0 OK for: chalk@4.1.2 want: ^4.1.0
3124 silly placeDep ROOT supports-color@7.2.0 OK for: chalk@4.1.2 want: ^7.1.0
3125 silly fetch manifest color-convert@^2.0.1
3126 silly packumentCache full:https://registry.npmjs.org/color-convert cache-miss
3127 silly fetch manifest has-flag@^4.0.0
3128 silly packumentCache full:https://registry.npmjs.org/has-flag cache-miss
3129 http cache https://registry.npmjs.org/has-flag 2ms (cache hit)
3130 silly packumentCache full:https://registry.npmjs.org/has-flag set size:15180 disposed:false
3131 http cache https://registry.npmjs.org/color-convert 3ms (cache hit)
3132 silly packumentCache full:https://registry.npmjs.org/color-convert set size:72663 disposed:false
3133 silly placeDep ROOT color-convert@2.0.1 OK for: ansi-styles@4.3.0 want: ^2.0.1
3134 silly fetch manifest color-name@~1.1.4
3135 silly packumentCache full:https://registry.npmjs.org/color-name cache-miss
3136 http cache https://registry.npmjs.org/color-name 2ms (cache hit)
3137 silly packumentCache full:https://registry.npmjs.org/color-name set size:20968 disposed:false
3138 silly placeDep ROOT color-name@1.1.4 OK for: color-convert@2.0.1 want: ~1.1.4
3139 silly placeDep ROOT path-key@3.1.1 OK for: cross-spawn@7.0.6 want: ^3.1.0
3140 silly placeDep ROOT shebang-command@2.0.0 OK for: cross-spawn@7.0.6 want: ^2.0.0
3141 silly placeDep ROOT which@2.0.2 OK for: cross-spawn@7.0.6 want: ^2.0.1
3142 silly fetch manifest shebang-regex@^3.0.0
3143 silly packumentCache full:https://registry.npmjs.org/shebang-regex cache-miss
3144 silly fetch manifest isexe@^2.0.0
3145 silly packumentCache full:https://registry.npmjs.org/isexe cache-miss
3146 http cache https://registry.npmjs.org/shebang-regex 2ms (cache hit)
3147 silly packumentCache full:https://registry.npmjs.org/shebang-regex set size:9763 disposed:false
3148 http cache https://registry.npmjs.org/isexe 3ms (cache hit)
3149 silly packumentCache full:https://registry.npmjs.org/isexe set size:31756 disposed:false
3150 silly placeDep ROOT @types/esrecurse@4.3.1 OK for: eslint-scope@9.1.2 want: ^4.3.1
3151 silly placeDep ROOT esrecurse@4.3.0 OK for: eslint-scope@9.1.2 want: ^4.3.0
3152 silly placeDep ROOT estraverse@5.3.0 OK for: eslint-scope@9.1.2 want: ^5.2.0
3153 silly placeDep ROOT acorn@8.18.0 OK for: espree@10.4.0 want: ^8.15.0
3154 silly placeDep ROOT acorn-jsx@5.3.2 OK for: espree@10.4.0 want: ^5.3.2
3155 silly placeDep node_modules/espree eslint-visitor-keys@4.2.1 OK for: espree@10.4.0 want: ^4.2.1
3156 silly placeDep ROOT @ethersproject/abi@5.8.0 OK for: ethers@5.8.0 want: 5.8.0
3157 silly placeDep ROOT @ethersproject/abstract-provider@5.8.0 OK for: ethers@5.8.0 want: 5.8.0
3158 silly placeDep ROOT @ethersproject/abstract-signer@5.8.0 OK for: ethers@5.8.0 want: 5.8.0
3159 silly placeDep ROOT @ethersproject/address@5.8.0 OK for: ethers@5.8.0 want: 5.8.0
3160 silly placeDep ROOT @ethersproject/base64@5.8.0 OK for: ethers@5.8.0 want: 5.8.0
3161 silly placeDep ROOT @ethersproject/basex@5.8.0 OK for: ethers@5.8.0 want: 5.8.0
3162 silly placeDep ROOT @ethersproject/bignumber@5.8.0 OK for: ethers@5.8.0 want: 5.8.0
3163 silly placeDep ROOT @ethersproject/bytes@5.8.0 OK for: ethers@5.8.0 want: 5.8.0
3164 silly placeDep ROOT @ethersproject/constants@5.8.0 OK for: ethers@5.8.0 want: 5.8.0
3165 silly placeDep ROOT @ethersproject/contracts@5.8.0 OK for: ethers@5.8.0 want: 5.8.0
3166 silly placeDep ROOT @ethersproject/hash@5.8.0 OK for: ethers@5.8.0 want: 5.8.0
3167 silly placeDep ROOT @ethersproject/hdnode@5.8.0 OK for: ethers@5.8.0 want: 5.8.0
3168 silly placeDep ROOT @ethersproject/json-wallets@5.8.0 OK for: ethers@5.8.0 want: 5.8.0
3169 silly placeDep ROOT @ethersproject/keccak256@5.8.0 OK for: ethers@5.8.0 want: 5.8.0
3170 silly placeDep ROOT @ethersproject/logger@5.8.0 OK for: ethers@5.8.0 want: 5.8.0
3171 silly placeDep ROOT @ethersproject/networks@5.8.0 OK for: ethers@5.8.0 want: 5.8.0
3172 silly placeDep ROOT @ethersproject/pbkdf2@5.8.0 OK for: ethers@5.8.0 want: 5.8.0
3173 silly placeDep ROOT @ethersproject/properties@5.8.0 OK for: ethers@5.8.0 want: 5.8.0
3174 silly placeDep ROOT @ethersproject/providers@5.8.0 OK for: ethers@5.8.0 want: 5.8.0
3175 silly placeDep ROOT @ethersproject/random@5.8.0 OK for: ethers@5.8.0 want: 5.8.0
3176 silly placeDep ROOT @ethersproject/rlp@5.8.0 OK for: ethers@5.8.0 want: 5.8.0
3177 silly placeDep ROOT @ethersproject/sha2@5.8.0 OK for: ethers@5.8.0 want: 5.8.0
3178 silly placeDep ROOT @ethersproject/signing-key@5.8.0 OK for: ethers@5.8.0 want: 5.8.0
3179 silly placeDep ROOT @ethersproject/solidity@5.8.0 OK for: ethers@5.8.0 want: 5.8.0
3180 silly placeDep ROOT @ethersproject/strings@5.8.0 OK for: ethers@5.8.0 want: 5.8.0
3181 silly placeDep ROOT @ethersproject/transactions@5.8.0 OK for: ethers@5.8.0 want: 5.8.0
3182 silly placeDep ROOT @ethersproject/units@5.8.0 OK for: ethers@5.8.0 want: 5.8.0
3183 silly placeDep ROOT @ethersproject/wallet@5.8.0 OK for: ethers@5.8.0 want: 5.8.0
3184 silly placeDep ROOT @ethersproject/web@5.8.0 OK for: ethers@5.8.0 want: 5.8.0
3185 silly placeDep ROOT @ethersproject/wordlists@5.8.0 OK for: ethers@5.8.0 want: 5.8.0
3186 silly fetch manifest @ethersproject/address@^5.8.0
3187 silly packumentCache full:https://registry.npmjs.org/@ethersproject%2faddress cache-miss
3188 silly fetch manifest @ethersproject/bignumber@^5.8.0
3189 silly packumentCache full:https://registry.npmjs.org/@ethersproject%2fbignumber cache-miss
3190 silly fetch manifest @ethersproject/bytes@^5.8.0
3191 silly packumentCache full:https://registry.npmjs.org/@ethersproject%2fbytes cache-miss
3192 http cache https://registry.npmjs.org/@ethersproject%2faddress 3ms (cache hit)
3193 silly packumentCache full:https://registry.npmjs.org/@ethersproject%2faddress set size:115316 disposed:false
3194 silly fetch manifest @ethersproject/constants@^5.8.0
3195 silly packumentCache full:https://registry.npmjs.org/@ethersproject%2fconstants cache-miss
3196 http cache https://registry.npmjs.org/@ethersproject%2fbytes 4ms (cache hit)
3197 silly packumentCache full:https://registry.npmjs.org/@ethersproject%2fbytes set size:120973 disposed:false
3198 silly fetch manifest @ethersproject/hash@^5.8.0
3199 silly packumentCache full:https://registry.npmjs.org/@ethersproject%2fhash cache-miss
3200 http cache https://registry.npmjs.org/@ethersproject%2fbignumber 6ms (cache hit)
3201 silly packumentCache full:https://registry.npmjs.org/@ethersproject%2fbignumber set size:138220 disposed:false
3202 silly fetch manifest @ethersproject/keccak256@^5.8.0
3203 silly packumentCache full:https://registry.npmjs.org/@ethersproject%2fkeccak256 cache-miss
3204 http cache https://registry.npmjs.org/@ethersproject%2fconstants 5ms (cache hit)
3205 silly packumentCache full:https://registry.npmjs.org/@ethersproject%2fconstants set size:97876 disposed:false
3206 silly fetch manifest @ethersproject/logger@^5.8.0
3207 silly packumentCache full:https://registry.npmjs.org/@ethersproject%2flogger cache-miss
3208 http cache https://registry.npmjs.org/@ethersproject%2fhash 4ms (cache hit)
3209 silly packumentCache full:https://registry.npmjs.org/@ethersproject%2fhash set size:145508 disposed:false
3210 silly fetch manifest @ethersproject/properties@^5.8.0
3211 silly packumentCache full:https://registry.npmjs.org/@ethersproject%2fproperties cache-miss
3212 http cache https://registry.npmjs.org/@ethersproject%2fkeccak256 5ms (cache hit)
3213 silly packumentCache full:https://registry.npmjs.org/@ethersproject%2fkeccak256 set size:90854 disposed:false
3214 silly fetch manifest @ethersproject/strings@^5.8.0
3215 silly packumentCache full:https://registry.npmjs.org/@ethersproject%2fstrings cache-miss
3216 http cache https://registry.npmjs.org/@ethersproject%2flogger 4ms (cache hit)
3217 silly packumentCache full:https://registry.npmjs.org/@ethersproject%2flogger set size:106757 disposed:false
3218 silly fetch manifest @ethersproject/networks@^5.8.0
3219 silly packumentCache full:https://registry.npmjs.org/@ethersproject%2fnetworks cache-miss
3220 http cache https://registry.npmjs.org/@ethersproject%2fproperties 4ms (cache hit)
3221 silly packumentCache full:https://registry.npmjs.org/@ethersproject%2fproperties set size:157204 disposed:false
3222 silly fetch manifest @ethersproject/transactions@^5.8.0
3223 silly packumentCache full:https://registry.npmjs.org/@ethersproject%2ftransactions cache-miss
3224 http cache https://registry.npmjs.org/@ethersproject%2fstrings 5ms (cache hit)
3225 silly packumentCache full:https://registry.npmjs.org/@ethersproject%2fstrings set size:113827 disposed:false
3226 silly fetch manifest @ethersproject/web@^5.8.0
3227 silly packumentCache full:https://registry.npmjs.org/@ethersproject%2fweb cache-miss
3228 http cache https://registry.npmjs.org/@ethersproject%2ftransactions 3ms (cache hit)
3229 silly packumentCache full:https://registry.npmjs.org/@ethersproject%2ftransactions set size:132568 disposed:false
3230 silly fetch manifest @ethersproject/rlp@^5.8.0
3231 silly packumentCache full:https://registry.npmjs.org/@ethersproject%2frlp cache-miss
3232 http cache https://registry.npmjs.org/@ethersproject%2fnetworks 6ms (cache hit)
3233 silly packumentCache full:https://registry.npmjs.org/@ethersproject%2fnetworks set size:125909 disposed:false
3234 silly fetch manifest bn.js@^5.2.1
3235 silly packumentCache full:https://registry.npmjs.org/bn.js cache-miss
3236 http cache https://registry.npmjs.org/@ethersproject%2fweb 5ms (cache hit)
3237 silly packumentCache full:https://registry.npmjs.org/@ethersproject%2fweb set size:176977 disposed:false
3238 silly fetch manifest @ethersproject/pbkdf2@^5.8.0
3239 silly packumentCache full:https://registry.npmjs.org/@ethersproject%2fpbkdf2 cache-miss
3240 http cache https://registry.npmjs.org/@ethersproject%2frlp 17ms (cache hit)
3241 silly packumentCache full:https://registry.npmjs.org/@ethersproject%2frlp set size:98284 disposed:false
3242 silly fetch manifest @ethersproject/sha2@^5.8.0
3243 silly packumentCache full:https://registry.npmjs.org/@ethersproject%2fsha2 cache-miss
3244 http cache https://registry.npmjs.org/@ethersproject%2fpbkdf2 14ms (cache hit)
3245 silly packumentCache full:https://registry.npmjs.org/@ethersproject%2fpbkdf2 set size:104757 disposed:false
3246 silly fetch manifest @ethersproject/signing-key@^5.8.0
3247 silly packumentCache full:https://registry.npmjs.org/@ethersproject%2fsigning-key cache-miss
3248 http cache https://registry.npmjs.org/@ethersproject%2fsha2 2ms (cache hit)
3249 silly packumentCache full:https://registry.npmjs.org/@ethersproject%2fsha2 set size:106888 disposed:false
3250 silly fetch manifest @ethersproject/wordlists@^5.8.0
3251 silly packumentCache full:https://registry.npmjs.org/@ethersproject%2fwordlists cache-miss
3252 http cache https://registry.npmjs.org/@ethersproject%2fsigning-key 2ms (cache hit)
3253 silly packumentCache full:https://registry.npmjs.org/@ethersproject%2fsigning-key set size:120718 disposed:false
3254 silly fetch manifest @ethersproject/random@^5.8.0
3255 silly packumentCache full:https://registry.npmjs.org/@ethersproject%2frandom cache-miss
3256 http cache https://registry.npmjs.org/@ethersproject%2fwordlists 3ms (cache hit)
3257 silly packumentCache full:https://registry.npmjs.org/@ethersproject%2fwordlists set size:120160 disposed:false
3258 silly fetch manifest aes-js@3.0.0
3259 silly packumentCache full:https://registry.npmjs.org/aes-js cache-miss
3260 http cache https://registry.npmjs.org/@ethersproject%2frandom 3ms (cache hit)
3261 silly packumentCache full:https://registry.npmjs.org/@ethersproject%2frandom set size:106732 disposed:false
3262 silly fetch manifest scrypt-js@3.0.1
3263 silly packumentCache full:https://registry.npmjs.org/scrypt-js cache-miss
3264 http cache https://registry.npmjs.org/aes-js 2ms (cache hit)
3265 silly packumentCache full:https://registry.npmjs.org/aes-js set size:116677 disposed:false
3266 silly fetch manifest js-sha3@0.8.0
3267 silly packumentCache full:https://registry.npmjs.org/js-sha3 cache-miss
3268 http fetch GET 200 https://registry.npmjs.org/bn.js 30ms (cache miss)
3269 silly packumentCache full:https://registry.npmjs.org/bn.js set size:undefined disposed:false
3270 silly fetch manifest bech32@1.1.4
3271 silly packumentCache full:https://registry.npmjs.org/bech32 cache-miss
3272 http fetch GET 200 https://registry.npmjs.org/scrypt-js 33ms (cache miss)
3273 silly packumentCache full:https://registry.npmjs.org/scrypt-js set size:undefined disposed:false
3274 silly fetch manifest ws@8.18.0
3275 silly packumentCache full:https://registry.npmjs.org/ws cache-miss
3276 http fetch GET 200 https://registry.npmjs.org/js-sha3 32ms (cache miss)
3277 silly packumentCache full:https://registry.npmjs.org/js-sha3 set size:undefined disposed:false
3278 silly fetch manifest hash.js@1.1.7
3279 silly packumentCache full:https://registry.npmjs.org/hash.js cache-miss
3280 http fetch GET 200 https://registry.npmjs.org/bech32 28ms (cache miss)
3281 silly packumentCache full:https://registry.npmjs.org/bech32 set size:undefined disposed:false
3282 silly fetch manifest elliptic@6.6.1
3283 silly packumentCache full:https://registry.npmjs.org/elliptic cache-miss
3284 http cache https://registry.npmjs.org/ws 5ms (cache hit)
3285 silly packumentCache full:https://registry.npmjs.org/ws set size:450180 disposed:false
3286 silly fetch manifest hash.js@1.1.7
3287 silly packumentCache full:https://registry.npmjs.org/hash.js cache-miss
3288 http fetch GET 200 https://registry.npmjs.org/hash.js 32ms (cache miss)
3289 silly packumentCache full:https://registry.npmjs.org/hash.js set size:undefined disposed:false
3290 http fetch GET 200 https://registry.npmjs.org/hash.js 27ms (cache miss)
3291 silly packumentCache full:https://registry.npmjs.org/hash.js set size:undefined disposed:false
3292 http fetch GET 200 https://registry.npmjs.org/elliptic 33ms (cache miss)
3293 silly packumentCache full:https://registry.npmjs.org/elliptic set size:undefined disposed:false
3294 silly placeDep ROOT bn.js@5.2.5 OK for: @ethersproject/bignumber@5.8.0 want: ^5.2.1
3295 silly placeDep ROOT aes-js@3.0.0 OK for: @ethersproject/json-wallets@5.8.0 want: 3.0.0
3296 silly placeDep ROOT scrypt-js@3.0.1 OK for: @ethersproject/json-wallets@5.8.0 want: 3.0.1
3297 silly placeDep ROOT js-sha3@0.8.0 OK for: @ethersproject/keccak256@5.8.0 want: 0.8.0
3298 silly fetch manifest bufferutil@^4.0.1
3299 silly packumentCache full:https://registry.npmjs.org/bufferutil cache-miss
3300 http cache https://registry.npmjs.org/bufferutil 2ms (cache hit)
3301 silly packumentCache full:https://registry.npmjs.org/bufferutil set size:52668 disposed:false
3302 silly fetch manifest utf-8-validate@>=5.0.2
3303 silly packumentCache full:https://registry.npmjs.org/utf-8-validate cache-miss
3304 http cache https://registry.npmjs.org/utf-8-validate 2ms (cache hit)
3305 silly packumentCache full:https://registry.npmjs.org/utf-8-validate set size:77012 disposed:false
3306 silly placeDep ROOT bech32@1.1.4 OK for: @ethersproject/providers@5.8.0 want: 1.1.4
3307 silly placeDep ROOT ws@8.18.0 OK for: @ethersproject/providers@5.8.0 want: 8.18.0
3308 silly placeDep ROOT hash.js@1.1.7 OK for: @ethersproject/sha2@5.8.0 want: 1.1.7
3309 silly fetch manifest inherits@^2.0.3
3310 silly packumentCache full:https://registry.npmjs.org/inherits cache-miss
3311 silly fetch manifest minimalistic-assert@^1.0.1
3312 silly packumentCache full:https://registry.npmjs.org/minimalistic-assert cache-miss
3313 http cache https://registry.npmjs.org/inherits 2ms (cache hit)
3314 silly packumentCache full:https://registry.npmjs.org/inherits set size:12925 disposed:false
3315 http fetch GET 200 https://registry.npmjs.org/minimalistic-assert 30ms (cache miss)
3316 silly packumentCache full:https://registry.npmjs.org/minimalistic-assert set size:undefined disposed:false
3317 silly placeDep ROOT elliptic@6.6.1 OK for: @ethersproject/signing-key@5.8.0 want: 6.6.1
3318 silly fetch manifest bn.js@^4.11.9
3319 silly packumentCache full:https://registry.npmjs.org/bn.js cache-miss
3320 silly fetch manifest brorand@^1.1.0
3321 silly packumentCache full:https://registry.npmjs.org/brorand cache-miss
3322 silly fetch manifest hmac-drbg@^1.0.1
3323 silly packumentCache full:https://registry.npmjs.org/hmac-drbg cache-miss
3324 http cache https://registry.npmjs.org/bn.js 3ms (cache hit)
3325 silly packumentCache full:https://registry.npmjs.org/bn.js set size:196249 disposed:false
3326 silly fetch manifest inherits@^2.0.4
3327 silly packumentCache full:https://registry.npmjs.org/inherits cache-hit
3328 silly fetch manifest minimalistic-crypto-utils@^1.0.1
3329 silly packumentCache full:https://registry.npmjs.org/minimalistic-crypto-utils cache-miss
3330 http fetch GET 200 https://registry.npmjs.org/brorand 25ms (cache miss)
3331 silly packumentCache full:https://registry.npmjs.org/brorand set size:undefined disposed:false
3332 http fetch GET 200 https://registry.npmjs.org/hmac-drbg 31ms (cache miss)
3333 silly packumentCache full:https://registry.npmjs.org/hmac-drbg set size:undefined disposed:false
3334 http fetch GET 200 https://registry.npmjs.org/minimalistic-crypto-utils 32ms (cache miss)
3335 silly packumentCache full:https://registry.npmjs.org/minimalistic-crypto-utils set size:undefined disposed:false
3336 silly placeDep node_modules/elliptic bn.js@4.12.5 OK for: elliptic@6.6.1 want: ^4.11.9
3337 silly placeDep ROOT brorand@1.1.0 OK for: elliptic@6.6.1 want: ^1.1.0
3338 silly placeDep ROOT hmac-drbg@1.0.1 OK for: elliptic@6.6.1 want: ^1.0.1
3339 silly placeDep ROOT inherits@2.0.4 OK for: elliptic@6.6.1 want: ^2.0.4
3340 silly placeDep ROOT minimalistic-assert@1.0.1 OK for: elliptic@6.6.1 want: ^1.0.1
3341 silly placeDep ROOT minimalistic-crypto-utils@1.0.1 OK for: elliptic@6.6.1 want: ^1.0.1
3342 silly fetch manifest minimalistic-assert@^1.0.0
3343 silly packumentCache full:https://registry.npmjs.org/minimalistic-assert cache-miss
3344 http cache https://registry.npmjs.org/minimalistic-assert 1ms (cache hit)
3345 silly packumentCache full:https://registry.npmjs.org/minimalistic-assert set size:3465 disposed:false
3346 silly placeDep ROOT fast-string-width@3.0.2 OK for: fast-wrap-ansi@0.2.2 want: ^3.0.2
3347 silly fetch manifest fast-string-truncated-width@^3.0.2
3348 silly packumentCache full:https://registry.npmjs.org/fast-string-truncated-width cache-miss
3349 http fetch GET 200 https://registry.npmjs.org/fast-string-truncated-width 24ms (cache miss)
3350 silly packumentCache full:https://registry.npmjs.org/fast-string-truncated-width set size:undefined disposed:false
3351 silly placeDep ROOT fast-string-truncated-width@3.0.3 OK for: fast-string-width@3.0.2 want: ^3.0.2
3352 silly placeDep ROOT flat-cache@4.0.1 OK for: file-entry-cache@8.0.0 want: ^4.0.0
3353 silly fetch manifest keyv@^4.5.4
3354 silly packumentCache full:https://registry.npmjs.org/keyv cache-miss
3355 silly fetch manifest flatted@^3.2.9
3356 silly packumentCache full:https://registry.npmjs.org/flatted cache-miss
3357 http cache https://registry.npmjs.org/flatted 3ms (cache hit)
3358 silly packumentCache full:https://registry.npmjs.org/flatted set size:143283 disposed:false
3359 http cache https://registry.npmjs.org/keyv 4ms (cache hit)
3360 silly packumentCache full:https://registry.npmjs.org/keyv set size:227033 disposed:false
3361 silly placeDep ROOT locate-path@6.0.0 OK for: find-up@5.0.0 want: ^6.0.0
3362 silly placeDep ROOT path-exists@4.0.0 OK for: find-up@5.0.0 want: ^4.0.0
3363 silly fetch manifest p-locate@^5.0.0
3364 silly packumentCache full:https://registry.npmjs.org/p-locate cache-miss
3365 http cache https://registry.npmjs.org/p-locate 2ms (cache hit)
3366 silly packumentCache full:https://registry.npmjs.org/p-locate set size:22488 disposed:false
3367 silly placeDep ROOT flatted@3.4.4 OK for: flat-cache@4.0.1 want: ^3.2.9
3368 silly placeDep ROOT keyv@4.5.4 OK for: flat-cache@4.0.1 want: ^4.5.4
3369 silly fetch manifest json-buffer@3.0.1
3370 silly packumentCache full:https://registry.npmjs.org/json-buffer cache-miss
3371 http cache https://registry.npmjs.org/json-buffer 2ms (cache hit)
3372 silly packumentCache full:https://registry.npmjs.org/json-buffer set size:23474 disposed:false
3373 silly fetch manifest kerberos@^2.0.0
3374 silly packumentCache full:https://registry.npmjs.org/kerberos cache-miss
3375 http fetch GET 200 https://registry.npmjs.org/kerberos 28ms (cache miss)
3376 silly packumentCache full:https://registry.npmjs.org/kerberos set size:undefined disposed:false
3377 silly placeDep ROOT agent-base@9.0.0 OK for: https-proxy-agent@9.1.0 want: 9.0.0
3378 silly placeDep ROOT proxy-agent-negotiate@1.1.0 OK for: https-proxy-agent@9.1.0 want: 1.1.0
3379 silly placeDep ROOT safer-buffer@2.1.2 OK for: iconv-lite@0.7.3 want: >= 2.1.2 < 3.0.0
3380 silly placeDep ROOT parent-module@1.0.1 OK for: import-fresh@3.3.1 want: ^1.0.0
3381 silly placeDep ROOT resolve-from@4.0.0 OK for: import-fresh@3.3.1 want: ^4.0.0
3382 silly fetch manifest callsites@^3.0.0
3383 silly packumentCache full:https://registry.npmjs.org/callsites cache-miss
3384 http cache https://registry.npmjs.org/callsites 1ms (cache hit)
3385 silly packumentCache full:https://registry.npmjs.org/callsites set size:21349 disposed:false
3386 silly placeDep ROOT is-extglob@2.1.1 OK for: is-glob@4.0.3 want: ^2.1.1
3387 silly placeDep ROOT make-dir@4.0.0 OK for: istanbul-lib-report@3.0.1 want: ^4.0.0
3388 silly placeDep ROOT html-escaper@2.0.2 OK for: istanbul-reports@3.2.0 want: ^2.0.0
3389 silly placeDep ROOT argparse@2.0.1 OK for: js-yaml@4.3.2 want: ^2.0.1
3390 silly fetch manifest @noble/hashes@^1.8.0 || ^2.0.0
3391 silly packumentCache full:https://registry.npmjs.org/@noble%2fhashes cache-miss
3392 http cache https://registry.npmjs.org/@noble%2fhashes 2ms (cache hit)
3393 silly packumentCache full:https://registry.npmjs.org/@noble%2fhashes set size:220000 disposed:false
3394 silly placeDep ROOT @asamuzakjp/css-color@5.1.11 OK for: jsdom@29.1.1 want: ^5.1.11
3395 silly placeDep ROOT @asamuzakjp/dom-selector@7.1.1 OK for: jsdom@29.1.1 want: ^7.1.1
3396 silly placeDep ROOT @bramus/specificity@2.4.2 OK for: jsdom@29.1.1 want: ^2.4.2
3397 silly placeDep ROOT @csstools/css-syntax-patches-for-csstree@1.1.15 OK for: jsdom@29.1.1 want: ^1.1.3
3398 silly placeDep ROOT @exodus/bytes@1.16.0 OK for: jsdom@29.1.1 want: ^1.15.0
3399 silly placeDep ROOT css-tree@3.2.1 OK for: jsdom@29.1.1 want: ^3.2.1
3400 silly placeDep ROOT data-urls@7.0.0 OK for: jsdom@29.1.1 want: ^7.0.0
3401 silly placeDep ROOT decimal.js@10.6.0 OK for: jsdom@29.1.1 want: ^10.6.0
3402 silly placeDep ROOT html-encoding-sniffer@6.0.0 OK for: jsdom@29.1.1 want: ^6.0.0
3403 silly placeDep ROOT is-potential-custom-element-name@1.0.1 OK for: jsdom@29.1.1 want: ^1.0.1
3404 silly placeDep ROOT lru-cache@11.2.7 OK for: jsdom@29.1.1 want: ~11.2.7
3405 silly placeDep ROOT saxes@6.0.0 OK for: jsdom@29.1.1 want: ^6.0.0
3406 silly placeDep ROOT symbol-tree@3.2.4 OK for: jsdom@29.1.1 want: ^3.2.4
3407 silly placeDep ROOT tough-cookie@6.0.2 OK for: jsdom@29.1.1 want: ^6.0.1
3408 silly placeDep ROOT undici@7.30.0 OK for: jsdom@29.1.1 want: ^7.25.0
3409 silly placeDep ROOT w3c-xmlserializer@5.0.0 OK for: jsdom@29.1.1 want: ^5.0.0
3410 silly placeDep ROOT webidl-conversions@8.0.1 OK for: jsdom@29.1.1 want: ^8.0.1
3411 silly placeDep ROOT whatwg-mimetype@5.0.0 OK for: jsdom@29.1.1 want: ^5.0.0
3412 silly placeDep ROOT whatwg-url@16.0.1 OK for: jsdom@29.1.1 want: ^16.0.1
3413 silly placeDep ROOT xml-name-validator@5.0.0 OK for: jsdom@29.1.1 want: ^5.0.0
3414 silly fetch manifest @csstools/css-calc@^3.2.0
3415 silly packumentCache full:https://registry.npmjs.org/@csstools%2fcss-calc cache-miss
3416 silly fetch manifest @csstools/css-tokenizer@^4.0.0
3417 silly packumentCache full:https://registry.npmjs.org/@csstools%2fcss-tokenizer cache-miss
3418 silly fetch manifest @csstools/css-color-parser@^4.1.0
3419 silly packumentCache full:https://registry.npmjs.org/@csstools%2fcss-color-parser cache-miss
3420 http cache https://registry.npmjs.org/@csstools%2fcss-tokenizer 3ms (cache hit)
3421 silly packumentCache full:https://registry.npmjs.org/@csstools%2fcss-tokenizer set size:65413 disposed:false
3422 silly fetch manifest @asamuzakjp/generational-cache@^1.0.1
3423 silly packumentCache full:https://registry.npmjs.org/@asamuzakjp%2fgenerational-cache cache-miss
3424 http fetch GET 200 https://registry.npmjs.org/@csstools%2fcss-color-parser 41ms (cache miss)
3425 silly packumentCache full:https://registry.npmjs.org/@csstools%2fcss-color-parser set size:undefined disposed:false
3426 silly fetch manifest @csstools/css-parser-algorithms@^4.0.0
3427 silly packumentCache full:https://registry.npmjs.org/@csstools%2fcss-parser-algorithms cache-miss
3428 http cache https://registry.npmjs.org/@csstools%2fcss-parser-algorithms 3ms (cache hit)
3429 silly packumentCache full:https://registry.npmjs.org/@csstools%2fcss-parser-algorithms set size:70701 disposed:false
3430 silly fetch manifest bidi-js@^1.0.3
3431 silly packumentCache full:https://registry.npmjs.org/bidi-js cache-miss
3432 http fetch GET 200 https://registry.npmjs.org/@csstools%2fcss-calc 46ms (cache miss)
3433 silly packumentCache full:https://registry.npmjs.org/@csstools%2fcss-calc set size:undefined disposed:false
3434 silly fetch manifest @asamuzakjp/nwsapi@^2.3.9
3435 silly packumentCache full:https://registry.npmjs.org/@asamuzakjp%2fnwsapi cache-miss
3436 http fetch GET 200 https://registry.npmjs.org/@asamuzakjp%2fgenerational-cache 58ms (cache miss)
3437 silly packumentCache full:https://registry.npmjs.org/@asamuzakjp%2fgenerational-cache set size:undefined disposed:false
3438 silly fetch manifest css-tree@^3.0.0
3439 silly packumentCache full:https://registry.npmjs.org/css-tree cache-hit
3440 silly fetch manifest mdn-data@2.27.1
3441 silly packumentCache full:https://registry.npmjs.org/mdn-data cache-miss
3442 http cache https://registry.npmjs.org/mdn-data 1ms (cache hit)
3443 silly packumentCache full:https://registry.npmjs.org/mdn-data set size:197583 disposed:false
3444 silly fetch manifest whatwg-url@^16.0.0
3445 silly packumentCache full:https://registry.npmjs.org/whatwg-url cache-miss
3446 http cache https://registry.npmjs.org/whatwg-url 2ms (cache hit)
3447 silly packumentCache full:https://registry.npmjs.org/whatwg-url set size:185910 disposed:false
3448 silly fetch manifest xmlchars@^2.2.0
3449 silly packumentCache full:https://registry.npmjs.org/xmlchars cache-miss
3450 http fetch GET 200 https://registry.npmjs.org/bidi-js 24ms (cache miss)
3451 silly packumentCache full:https://registry.npmjs.org/bidi-js set size:undefined disposed:false
3452 silly fetch manifest tldts@^7.0.5
3453 silly packumentCache full:https://registry.npmjs.org/tldts cache-miss
3454 http cache https://registry.npmjs.org/tldts 7ms (cache hit)
3455 silly packumentCache full:https://registry.npmjs.org/tldts set size:3496008 disposed:false
3456 silly fetch manifest tr46@^6.0.0
3457 silly packumentCache full:https://registry.npmjs.org/tr46 cache-miss
3458 http fetch GET 200 https://registry.npmjs.org/@asamuzakjp%2fnwsapi 44ms (cache miss)
3459 silly packumentCache full:https://registry.npmjs.org/@asamuzakjp%2fnwsapi set size:undefined disposed:false
3460 http fetch GET 200 https://registry.npmjs.org/xmlchars 38ms (cache miss)
3461 silly packumentCache full:https://registry.npmjs.org/xmlchars set size:undefined disposed:false
3462 http fetch GET 200 https://registry.npmjs.org/tr46 25ms (cache miss)
3463 silly packumentCache full:https://registry.npmjs.org/tr46 set size:undefined disposed:false
3464 silly placeDep ROOT @asamuzakjp/generational-cache@1.0.1 OK for: @asamuzakjp/css-color@5.1.11 want: ^1.0.1
3465 silly placeDep ROOT @csstools/css-calc@3.4.3 OK for: @asamuzakjp/css-color@5.1.11 want: ^3.2.0
3466 silly placeDep ROOT @csstools/css-tokenizer@4.0.2 OK for: @csstools/css-calc@3.4.3 want: ^4.0.2
3467 silly placeDep ROOT @csstools/css-parser-algorithms@4.0.2 OK for: @csstools/css-calc@3.4.3 want: ^4.0.2
3468 silly placeDep ROOT @csstools/css-color-parser@4.2.6 OK for: @asamuzakjp/css-color@5.1.11 want: ^4.1.0
3469 silly fetch manifest @csstools/color-helpers@^6.1.2
3470 silly packumentCache full:https://registry.npmjs.org/@csstools%2fcolor-helpers cache-miss
3471 http fetch GET 200 https://registry.npmjs.org/@csstools%2fcolor-helpers 49ms (cache miss)
3472 silly packumentCache full:https://registry.npmjs.org/@csstools%2fcolor-helpers set size:undefined disposed:false
3473 silly placeDep ROOT @asamuzakjp/nwsapi@2.3.9 OK for: @asamuzakjp/dom-selector@7.1.1 want: ^2.3.9
3474 silly placeDep ROOT bidi-js@1.1.0 OK for: @asamuzakjp/dom-selector@7.1.1 want: ^1.0.3
3475 silly placeDep ROOT @csstools/color-helpers@6.1.2 OK for: @csstools/css-color-parser@4.2.6 want: ^6.1.2
3476 silly placeDep ROOT mdn-data@2.27.1 OK for: css-tree@3.2.1 want: 2.27.1
3477 silly placeDep ROOT source-map-js@1.2.2 OK for: css-tree@3.2.1 want: ^1.2.1
3478 silly placeDep ROOT json-buffer@3.0.1 OK for: keyv@4.5.4 want: 3.0.1
3479 silly placeDep ROOT prelude-ls@1.2.1 OK for: levn@0.4.1 want: ^1.2.1
3480 silly placeDep ROOT type-check@0.4.0 OK for: levn@0.4.1 want: ~0.4.0
3481 silly placeDep ROOT cli-truncate@6.1.1 OK for: listr2@11.1.0 want: ^6.1.1
3482 silly placeDep ROOT log-update@8.0.0 OK for: listr2@11.1.0 want: ^8.0.0
3483 silly placeDep ROOT wrap-ansi@10.0.2 OK for: listr2@11.1.0 want: ^10.0.1
3484 silly fetch manifest slice-ansi@^9.0.0
3485 silly packumentCache full:https://registry.npmjs.org/slice-ansi cache-miss
3486 silly fetch manifest string-width@^8.2.0
3487 silly packumentCache full:https://registry.npmjs.org/string-width cache-hit
3488 silly fetch manifest ansi-escapes@^7.3.0
3489 silly packumentCache full:https://registry.npmjs.org/ansi-escapes cache-miss
3490 silly fetch manifest slice-ansi@^9.0.0
3491 silly packumentCache full:https://registry.npmjs.org/slice-ansi cache-miss
3492 http cache https://registry.npmjs.org/slice-ansi 3ms (cache hit)
3493 silly packumentCache full:https://registry.npmjs.org/slice-ansi set size:38487 disposed:false
3494 silly fetch manifest strip-ansi@^7.2.0
3495 silly packumentCache full:https://registry.npmjs.org/strip-ansi cache-miss
3496 http cache https://registry.npmjs.org/ansi-escapes 4ms (cache hit)
3497 silly packumentCache full:https://registry.npmjs.org/ansi-escapes set size:70915 disposed:false
3498 silly fetch manifest wrap-ansi@^10.0.0
3499 silly packumentCache full:https://registry.npmjs.org/wrap-ansi cache-hit
3500 silly fetch manifest ansi-styles@^6.2.3
3501 silly packumentCache full:https://registry.npmjs.org/ansi-styles cache-hit
3502 http cache https://registry.npmjs.org/slice-ansi 5ms (cache hit)
3503 silly packumentCache full:https://registry.npmjs.org/slice-ansi set size:38487 disposed:false
3504 silly packumentCache full:https://registry.npmjs.org/slice-ansi dispose
3505 http cache https://registry.npmjs.org/strip-ansi 3ms (cache hit)
3506 silly packumentCache full:https://registry.npmjs.org/strip-ansi set size:44998 disposed:false
3507 silly placeDep ROOT slice-ansi@9.0.1 OK for: cli-truncate@6.1.1 want: ^9.0.0
3508 silly placeDep ROOT string-width@8.3.0 OK for: cli-truncate@6.1.1 want: ^8.2.0
3509 silly fetch manifest is-fullwidth-code-point@^5.1.0
3510 silly packumentCache full:https://registry.npmjs.org/is-fullwidth-code-point cache-miss
3511 silly fetch manifest strip-ansi@^7.1.2
3512 silly packumentCache full:https://registry.npmjs.org/strip-ansi cache-hit
3513 silly fetch manifest get-east-asian-width@^1.5.0
3514 silly packumentCache full:https://registry.npmjs.org/get-east-asian-width cache-miss
3515 http cache https://registry.npmjs.org/is-fullwidth-code-point 7ms (cache hit)
3516 silly packumentCache full:https://registry.npmjs.org/is-fullwidth-code-point set size:14578 disposed:false
3517 http cache https://registry.npmjs.org/get-east-asian-width 7ms (cache hit)
3518 silly packumentCache full:https://registry.npmjs.org/get-east-asian-width set size:22908 disposed:false
3519 silly placeDep ROOT @harperfast/extended-iterable@1.0.3 OK for: lmdb@3.5.6 want: ^1.0.3
3520 silly placeDep ROOT @lmdb/lmdb-darwin-arm64@3.5.6 OK for: lmdb@3.5.6 want: 3.5.6
3521 silly placeDep ROOT @lmdb/lmdb-darwin-x64@3.5.6 OK for: lmdb@3.5.6 want: 3.5.6
3522 silly placeDep ROOT @lmdb/lmdb-linux-arm@3.5.6 OK for: lmdb@3.5.6 want: 3.5.6
3523 silly placeDep ROOT @lmdb/lmdb-linux-arm64@3.5.6 OK for: lmdb@3.5.6 want: 3.5.6
3524 silly placeDep ROOT @lmdb/lmdb-linux-x64@3.5.6 OK for: lmdb@3.5.6 want: 3.5.6
3525 silly placeDep ROOT @lmdb/lmdb-win32-arm64@3.5.6 OK for: lmdb@3.5.6 want: 3.5.6
3526 silly placeDep ROOT @lmdb/lmdb-win32-x64@3.5.6 OK for: lmdb@3.5.6 want: 3.5.6
3527 silly placeDep ROOT msgpackr@1.12.1 OK for: lmdb@3.5.6 want: ^1.11.2
3528 silly placeDep node_modules/lmdb node-addon-api@6.1.0 OK for: lmdb@3.5.6 want: ^6.1.0
3529 silly placeDep ROOT node-gyp-build-optional-packages@5.2.2 OK for: lmdb@3.5.6 want: 5.2.2
3530 silly placeDep ROOT ordered-binary@1.6.2 OK for: lmdb@3.5.6 want: ^1.5.3
3531 silly placeDep ROOT weak-lru-cache@1.2.2 OK for: lmdb@3.5.6 want: ^1.2.2
3532 silly fetch manifest msgpackr-extract@^3.0.2
3533 silly packumentCache full:https://registry.npmjs.org/msgpackr-extract cache-miss
3534 http fetch GET 200 https://registry.npmjs.org/msgpackr-extract 59ms (cache miss)
3535 silly packumentCache full:https://registry.npmjs.org/msgpackr-extract set size:undefined disposed:false
3536 silly placeDep ROOT p-locate@5.0.0 OK for: locate-path@6.0.0 want: ^5.0.0
3537 silly fetch manifest p-limit@^3.0.2
3538 silly packumentCache full:https://registry.npmjs.org/p-limit cache-miss
3539 http cache https://registry.npmjs.org/p-limit 2ms (cache hit)
3540 silly packumentCache full:https://registry.npmjs.org/p-limit set size:68604 disposed:false
3541 silly placeDep ROOT ansi-escapes@7.3.0 OK for: log-update@8.0.0 want: ^7.3.0
3542 silly placeDep ROOT cli-cursor@5.0.0 OK for: log-update@8.0.0 want: ^5.0.0
3543 silly placeDep ROOT strip-ansi@7.2.0 OK for: log-update@8.0.0 want: ^7.2.0
3544 silly fetch manifest environment@^1.0.0
3545 silly packumentCache full:https://registry.npmjs.org/environment cache-miss
3546 silly fetch manifest restore-cursor@^5.0.0
3547 silly packumentCache full:https://registry.npmjs.org/restore-cursor cache-miss
3548 silly fetch manifest ansi-regex@^6.2.2
3549 silly packumentCache full:https://registry.npmjs.org/ansi-regex cache-miss
3550 http cache https://registry.npmjs.org/ansi-regex 2ms (cache hit)
3551 silly packumentCache full:https://registry.npmjs.org/ansi-regex set size:50305 disposed:false
3552 http cache https://registry.npmjs.org/restore-cursor 3ms (cache hit)
3553 silly packumentCache full:https://registry.npmjs.org/restore-cursor set size:17895 disposed:false
3554 http cache https://registry.npmjs.org/environment 4ms (cache hit)
3555 silly packumentCache full:https://registry.npmjs.org/environment set size:13915 disposed:false
3556 silly placeDep ROOT environment@1.1.0 OK for: ansi-escapes@7.3.0 want: ^1.0.0
3557 silly placeDep ROOT restore-cursor@5.1.0 OK for: cli-cursor@5.0.0 want: ^5.0.0
3558 silly fetch manifest onetime@^7.0.0
3559 silly packumentCache full:https://registry.npmjs.org/onetime cache-miss
3560 http cache https://registry.npmjs.org/onetime 1ms (cache hit)
3561 silly packumentCache full:https://registry.npmjs.org/onetime set size:32314 disposed:false
3562 silly placeDep node_modules/magicast @babel/parser@7.29.9 OK for: magicast@0.5.5 want: ^7.29.7
3563 silly placeDep node_modules/magicast @babel/types@7.29.8 OK for: magicast@0.5.5 want: ^7.29.7
3564 silly fetch manifest @babel/types@^7.29.8
3565 silly packumentCache full:https://registry.npmjs.org/@babel%2ftypes cache-hit
3566 silly fetch manifest @babel/helper-string-parser@^7.29.7
3567 silly packumentCache full:https://registry.npmjs.org/@babel%2fhelper-string-parser cache-hit
3568 silly fetch manifest @babel/helper-validator-identifier@^7.29.7
3569 silly packumentCache full:https://registry.npmjs.org/@babel%2fhelper-validator-identifier cache-hit
3570 silly placeDep ROOT brace-expansion@5.0.12 OK for: minimatch@10.2.6 want: ^5.0.8
3571 silly fetch manifest balanced-match@^4.0.2
3572 silly packumentCache full:https://registry.npmjs.org/balanced-match cache-hit
3573 silly placeDep ROOT balanced-match@4.0.4 OK for: brace-expansion@5.0.12 want: ^4.0.2
3574 silly placeDep ROOT msgpackr-extract@3.0.4 OK for: msgpackr@1.12.1 want: ^3.0.2
3575 silly fetch manifest @msgpackr-extract/msgpackr-extract-darwin-arm64@3.0.4
3576 silly packumentCache full:https://registry.npmjs.org/@msgpackr-extract%2fmsgpackr-extract-darwin-arm64 cache-miss
3577 silly fetch manifest @msgpackr-extract/msgpackr-extract-darwin-x64@3.0.4
3578 silly packumentCache full:https://registry.npmjs.org/@msgpackr-extract%2fmsgpackr-extract-darwin-x64 cache-miss
3579 silly fetch manifest @msgpackr-extract/msgpackr-extract-linux-arm@3.0.4
3580 silly packumentCache full:https://registry.npmjs.org/@msgpackr-extract%2fmsgpackr-extract-linux-arm cache-miss
3581 http fetch GET 200 https://registry.npmjs.org/@msgpackr-extract%2fmsgpackr-extract-darwin-arm64 39ms (cache miss)
3582 silly packumentCache full:https://registry.npmjs.org/@msgpackr-extract%2fmsgpackr-extract-darwin-arm64 set size:undefined disposed:false
3583 silly fetch manifest @msgpackr-extract/msgpackr-extract-linux-arm64@3.0.4
3584 silly packumentCache full:https://registry.npmjs.org/@msgpackr-extract%2fmsgpackr-extract-linux-arm64 cache-miss
3585 http fetch GET 200 https://registry.npmjs.org/@msgpackr-extract%2fmsgpackr-extract-darwin-x64 43ms (cache miss)
3586 silly packumentCache full:https://registry.npmjs.org/@msgpackr-extract%2fmsgpackr-extract-darwin-x64 set size:undefined disposed:false
3587 silly fetch manifest @msgpackr-extract/msgpackr-extract-linux-x64@3.0.4
3588 silly packumentCache full:https://registry.npmjs.org/@msgpackr-extract%2fmsgpackr-extract-linux-x64 cache-miss
3589 http fetch GET 200 https://registry.npmjs.org/@msgpackr-extract%2fmsgpackr-extract-linux-arm 61ms (cache miss)
3590 silly packumentCache full:https://registry.npmjs.org/@msgpackr-extract%2fmsgpackr-extract-linux-arm set size:undefined disposed:false
3591 silly fetch manifest @msgpackr-extract/msgpackr-extract-win32-x64@3.0.4
3592 silly packumentCache full:https://registry.npmjs.org/@msgpackr-extract%2fmsgpackr-extract-win32-x64 cache-miss
3593 http fetch GET 200 https://registry.npmjs.org/@msgpackr-extract%2fmsgpackr-extract-linux-arm64 37ms (cache miss)
3594 silly packumentCache full:https://registry.npmjs.org/@msgpackr-extract%2fmsgpackr-extract-linux-arm64 set size:undefined disposed:false
3595 http fetch GET 200 https://registry.npmjs.org/@msgpackr-extract%2fmsgpackr-extract-linux-x64 42ms (cache miss)
3596 silly packumentCache full:https://registry.npmjs.org/@msgpackr-extract%2fmsgpackr-extract-linux-x64 set size:undefined disposed:false
3597 http fetch GET 200 https://registry.npmjs.org/@msgpackr-extract%2fmsgpackr-extract-win32-x64 53ms (cache miss)
3598 silly packumentCache full:https://registry.npmjs.org/@msgpackr-extract%2fmsgpackr-extract-win32-x64 set size:undefined disposed:false
3599 silly placeDep ROOT @msgpackr-extract/msgpackr-extract-darwin-arm64@3.0.4 OK for: msgpackr-extract@3.0.4 want: 3.0.4
3600 silly placeDep ROOT @msgpackr-extract/msgpackr-extract-darwin-x64@3.0.4 OK for: msgpackr-extract@3.0.4 want: 3.0.4
3601 silly placeDep ROOT @msgpackr-extract/msgpackr-extract-linux-arm@3.0.4 OK for: msgpackr-extract@3.0.4 want: 3.0.4
3602 silly placeDep ROOT @msgpackr-extract/msgpackr-extract-linux-arm64@3.0.4 OK for: msgpackr-extract@3.0.4 want: 3.0.4
3603 silly placeDep ROOT @msgpackr-extract/msgpackr-extract-linux-x64@3.0.4 OK for: msgpackr-extract@3.0.4 want: 3.0.4
3604 silly placeDep ROOT @msgpackr-extract/msgpackr-extract-win32-x64@3.0.4 OK for: msgpackr-extract@3.0.4 want: 3.0.4
3605 silly placeDep ROOT hosted-git-info@9.0.3 OK for: normalize-package-data@8.0.0 want: ^9.0.0
3606 silly placeDep ROOT validate-npm-package-license@3.0.4 OK for: normalize-package-data@8.0.0 want: ^3.0.4
3607 silly fetch manifest spdx-correct@^3.0.0
3608 silly packumentCache full:https://registry.npmjs.org/spdx-correct cache-miss
3609 silly fetch manifest spdx-expression-parse@^3.0.0
3610 silly packumentCache full:https://registry.npmjs.org/spdx-expression-parse cache-hit
3611 http cache https://registry.npmjs.org/spdx-correct 2ms (cache hit)
3612 silly packumentCache full:https://registry.npmjs.org/spdx-correct set size:38642 disposed:false
3613 silly placeDep node_modules/npm-package-arg hosted-git-info@10.1.1 OK for: npm-package-arg@14.0.0 want: ^10.1.0
3614 silly placeDep ROOT proc-log@7.0.0 OK for: npm-package-arg@14.0.0 want: ^7.0.0
3615 silly placeDep ROOT validate-npm-package-name@8.0.0 OK for: npm-package-arg@14.0.0 want: ^8.0.0
3616 silly placeDep ROOT define-lazy-prop@2.0.0 OK for: open@8.4.2 want: ^2.0.0
3617 silly placeDep ROOT is-docker@2.2.1 OK for: open@8.4.2 want: ^2.1.1
3618 silly placeDep ROOT is-wsl@2.2.0 OK for: open@8.4.2 want: ^2.2.0
3619 silly placeDep ROOT deep-is@0.1.4 OK for: optionator@0.9.4 want: ^0.1.3
3620 silly placeDep ROOT fast-levenshtein@2.0.6 OK for: optionator@0.9.4 want: ^2.0.6
3621 silly placeDep ROOT word-wrap@1.2.5 OK for: optionator@0.9.4 want: ^1.2.5
3622 silly placeDep node_modules/ora chalk@5.6.2 OK for: ora@9.4.1 want: ^5.6.2
3623 silly placeDep ROOT cli-spinners@3.4.0 OK for: ora@9.4.1 want: ^3.2.0
3624 silly placeDep ROOT is-interactive@2.0.0 OK for: ora@9.4.1 want: ^2.0.0
3625 silly placeDep ROOT is-unicode-supported@2.1.0 OK for: ora@9.4.1 want: ^2.1.0
3626 silly placeDep ROOT log-symbols@7.0.1 OK for: ora@9.4.1 want: ^7.0.1
3627 silly placeDep ROOT stdin-discarder@0.3.2 OK for: ora@9.4.1 want: ^0.3.2
3628 silly fetch manifest yoctocolors@^2.1.1
3629 silly packumentCache full:https://registry.npmjs.org/yoctocolors cache-miss
3630 http fetch GET 200 https://registry.npmjs.org/yoctocolors 35ms (cache miss)
3631 silly packumentCache full:https://registry.npmjs.org/yoctocolors set size:undefined disposed:false
3632 silly placeDep ROOT yoctocolors@2.2.0 OK for: log-symbols@7.0.1 want: ^2.1.1
3633 silly placeDep ROOT @oxc-parser/binding-android-arm-eabi@0.150.0 OK for: oxc-parser@0.150.0 want: 0.150.0
3634 silly placeDep ROOT @oxc-parser/binding-android-arm64@0.150.0 OK for: oxc-parser@0.150.0 want: 0.150.0
3635 silly placeDep ROOT @oxc-parser/binding-darwin-arm64@0.150.0 OK for: oxc-parser@0.150.0 want: 0.150.0
3636 silly placeDep ROOT @oxc-parser/binding-darwin-x64@0.150.0 OK for: oxc-parser@0.150.0 want: 0.150.0
3637 silly placeDep ROOT @oxc-parser/binding-freebsd-x64@0.150.0 OK for: oxc-parser@0.150.0 want: 0.150.0
3638 silly placeDep ROOT @oxc-parser/binding-linux-arm-gnueabihf@0.150.0 OK for: oxc-parser@0.150.0 want: 0.150.0
3639 silly placeDep ROOT @oxc-parser/binding-linux-arm-musleabihf@0.150.0 OK for: oxc-parser@0.150.0 want: 0.150.0
3640 silly placeDep ROOT @oxc-parser/binding-linux-arm64-gnu@0.150.0 OK for: oxc-parser@0.150.0 want: 0.150.0
3641 silly placeDep ROOT @oxc-parser/binding-linux-arm64-musl@0.150.0 OK for: oxc-parser@0.150.0 want: 0.150.0
3642 silly placeDep ROOT @oxc-parser/binding-linux-ppc64-gnu@0.150.0 OK for: oxc-parser@0.150.0 want: 0.150.0
3643 silly placeDep ROOT @oxc-parser/binding-linux-riscv64-gnu@0.150.0 OK for: oxc-parser@0.150.0 want: 0.150.0
3644 silly placeDep ROOT @oxc-parser/binding-linux-riscv64-musl@0.150.0 OK for: oxc-parser@0.150.0 want: 0.150.0
3645 silly placeDep ROOT @oxc-parser/binding-linux-s390x-gnu@0.150.0 OK for: oxc-parser@0.150.0 want: 0.150.0
3646 silly placeDep ROOT @oxc-parser/binding-linux-x64-gnu@0.150.0 OK for: oxc-parser@0.150.0 want: 0.150.0
3647 silly placeDep ROOT @oxc-parser/binding-linux-x64-musl@0.150.0 OK for: oxc-parser@0.150.0 want: 0.150.0
3648 silly placeDep ROOT @oxc-parser/binding-openharmony-arm64@0.150.0 OK for: oxc-parser@0.150.0 want: 0.150.0
3649 silly placeDep ROOT @oxc-parser/binding-win32-arm64-msvc@0.150.0 OK for: oxc-parser@0.150.0 want: 0.150.0
3650 silly placeDep ROOT @oxc-parser/binding-win32-ia32-msvc@0.150.0 OK for: oxc-parser@0.150.0 want: 0.150.0
3651 silly placeDep ROOT @oxc-parser/binding-win32-x64-msvc@0.150.0 OK for: oxc-parser@0.150.0 want: 0.150.0
3652 silly placeDep ROOT @oxc-project/types@0.150.0 OK for: oxc-parser@0.150.0 want: ^0.150.0
3653 silly placeDep ROOT p-limit@3.1.0 OK for: p-locate@5.0.0 want: ^3.0.2
3654 silly fetch manifest yocto-queue@^0.1.0
3655 silly packumentCache full:https://registry.npmjs.org/yocto-queue cache-miss
3656 http cache https://registry.npmjs.org/yocto-queue 2ms (cache hit)
3657 silly packumentCache full:https://registry.npmjs.org/yocto-queue set size:20256 disposed:false
3658 silly placeDep ROOT yocto-queue@0.1.0 OK for: p-limit@3.1.0 want: ^0.1.0
3659 silly placeDep ROOT callsites@3.1.0 OK for: parent-module@1.0.1 want: ^3.0.0
3660 silly placeDep ROOT parse5-sax-parser@8.0.0 OK for: parse5-html-rewriting-stream@8.0.1 want: ^8.0.0
3661 silly placeDep ROOT @napi-rs/nice@1.1.1 OK for: piscina@5.3.2 want: ^1.0.4
3662 silly fetch manifest @napi-rs/nice-darwin-x64@1.1.1
3663 silly packumentCache full:https://registry.npmjs.org/@napi-rs%2fnice-darwin-x64 cache-miss
3664 silly fetch manifest @napi-rs/nice-darwin-arm64@1.1.1
3665 silly packumentCache full:https://registry.npmjs.org/@napi-rs%2fnice-darwin-arm64 cache-miss
3666 silly fetch manifest @napi-rs/nice-linux-x64-gnu@1.1.1
3667 silly packumentCache full:https://registry.npmjs.org/@napi-rs%2fnice-linux-x64-gnu cache-miss
3668 http fetch GET 200 https://registry.npmjs.org/@napi-rs%2fnice-linux-x64-gnu 36ms (cache miss)
3669 silly packumentCache full:https://registry.npmjs.org/@napi-rs%2fnice-linux-x64-gnu set size:undefined disposed:false
3670 silly fetch manifest @napi-rs/nice-win32-x64-msvc@1.1.1
3671 silly packumentCache full:https://registry.npmjs.org/@napi-rs%2fnice-win32-x64-msvc cache-miss
3672 http fetch GET 200 https://registry.npmjs.org/@napi-rs%2fnice-darwin-arm64 56ms (cache miss)
3673 silly packumentCache full:https://registry.npmjs.org/@napi-rs%2fnice-darwin-arm64 set size:undefined disposed:false
3674 silly fetch manifest @napi-rs/nice-linux-x64-musl@1.1.1
3675 silly packumentCache full:https://registry.npmjs.org/@napi-rs%2fnice-linux-x64-musl cache-miss
3676 http fetch GET 200 https://registry.npmjs.org/@napi-rs%2fnice-win32-x64-msvc 33ms (cache miss)
3677 silly packumentCache full:https://registry.npmjs.org/@napi-rs%2fnice-win32-x64-msvc set size:undefined disposed:false
3678 silly fetch manifest @napi-rs/nice-linux-arm64-gnu@1.1.1
3679 silly packumentCache full:https://registry.npmjs.org/@napi-rs%2fnice-linux-arm64-gnu cache-miss
3680 http fetch GET 200 https://registry.npmjs.org/@napi-rs%2fnice-darwin-x64 99ms (cache miss)
3681 silly packumentCache full:https://registry.npmjs.org/@napi-rs%2fnice-darwin-x64 set size:undefined disposed:false
3682 silly fetch manifest @napi-rs/nice-win32-ia32-msvc@1.1.1
3683 silly packumentCache full:https://registry.npmjs.org/@napi-rs%2fnice-win32-ia32-msvc cache-miss
3684 http fetch GET 200 https://registry.npmjs.org/@napi-rs%2fnice-linux-arm64-gnu 34ms (cache miss)
3685 silly packumentCache full:https://registry.npmjs.org/@napi-rs%2fnice-linux-arm64-gnu set size:undefined disposed:false
3686 silly fetch manifest @napi-rs/nice-linux-arm-gnueabihf@1.1.1
3687 silly packumentCache full:https://registry.npmjs.org/@napi-rs%2fnice-linux-arm-gnueabihf cache-miss
3688 http fetch GET 200 https://registry.npmjs.org/@napi-rs%2fnice-linux-x64-musl 51ms (cache miss)
3689 silly packumentCache full:https://registry.npmjs.org/@napi-rs%2fnice-linux-x64-musl set size:undefined disposed:false
3690 silly fetch manifest @napi-rs/nice-android-arm64@1.1.1
3691 silly packumentCache full:https://registry.npmjs.org/@napi-rs%2fnice-android-arm64 cache-miss
3692 http fetch GET 200 https://registry.npmjs.org/@napi-rs%2fnice-linux-arm-gnueabihf 38ms (cache miss)
3693 silly packumentCache full:https://registry.npmjs.org/@napi-rs%2fnice-linux-arm-gnueabihf set size:undefined disposed:false
3694 silly fetch manifest @napi-rs/nice-freebsd-x64@1.1.1
3695 silly packumentCache full:https://registry.npmjs.org/@napi-rs%2fnice-freebsd-x64 cache-miss
3696 http fetch GET 200 https://registry.npmjs.org/@napi-rs%2fnice-win32-ia32-msvc 44ms (cache miss)
3697 silly packumentCache full:https://registry.npmjs.org/@napi-rs%2fnice-win32-ia32-msvc set size:undefined disposed:false
3698 silly fetch manifest @napi-rs/nice-linux-arm64-musl@1.1.1
3699 silly packumentCache full:https://registry.npmjs.org/@napi-rs%2fnice-linux-arm64-musl cache-miss
3700 http fetch GET 200 https://registry.npmjs.org/@napi-rs%2fnice-android-arm64 55ms (cache miss)
3701 silly packumentCache full:https://registry.npmjs.org/@napi-rs%2fnice-android-arm64 set size:undefined disposed:false
3702 silly fetch manifest @napi-rs/nice-android-arm-eabi@1.1.1
3703 silly packumentCache full:https://registry.npmjs.org/@napi-rs%2fnice-android-arm-eabi cache-miss
3704 http fetch GET 200 https://registry.npmjs.org/@napi-rs%2fnice-freebsd-x64 41ms (cache miss)
3705 silly packumentCache full:https://registry.npmjs.org/@napi-rs%2fnice-freebsd-x64 set size:undefined disposed:false
3706 silly fetch manifest @napi-rs/nice-win32-arm64-msvc@1.1.1
3707 silly packumentCache full:https://registry.npmjs.org/@napi-rs%2fnice-win32-arm64-msvc cache-miss
3708 http fetch GET 200 https://registry.npmjs.org/@napi-rs%2fnice-win32-arm64-msvc 36ms (cache miss)
3709 silly packumentCache full:https://registry.npmjs.org/@napi-rs%2fnice-win32-arm64-msvc set size:undefined disposed:false
3710 silly fetch manifest @napi-rs/nice-linux-ppc64-gnu@1.1.1
3711 silly packumentCache full:https://registry.npmjs.org/@napi-rs%2fnice-linux-ppc64-gnu cache-miss
3712 http fetch GET 200 https://registry.npmjs.org/@napi-rs%2fnice-android-arm-eabi 57ms (cache miss)
3713 silly packumentCache full:https://registry.npmjs.org/@napi-rs%2fnice-android-arm-eabi set size:undefined disposed:false
3714 silly fetch manifest @napi-rs/nice-linux-s390x-gnu@1.1.1
3715 silly packumentCache full:https://registry.npmjs.org/@napi-rs%2fnice-linux-s390x-gnu cache-miss
3716 http fetch GET 200 https://registry.npmjs.org/@napi-rs%2fnice-linux-arm64-musl 104ms (cache miss)
3717 silly packumentCache full:https://registry.npmjs.org/@napi-rs%2fnice-linux-arm64-musl set size:undefined disposed:false
3718 silly fetch manifest @napi-rs/nice-linux-riscv64-gnu@1.1.1
3719 silly packumentCache full:https://registry.npmjs.org/@napi-rs%2fnice-linux-riscv64-gnu cache-miss
3720 http fetch GET 200 https://registry.npmjs.org/@napi-rs%2fnice-linux-s390x-gnu 56ms (cache miss)
3721 silly packumentCache full:https://registry.npmjs.org/@napi-rs%2fnice-linux-s390x-gnu set size:undefined disposed:false
3722 silly fetch manifest @napi-rs/nice-openharmony-arm64@1.1.1
3723 silly packumentCache full:https://registry.npmjs.org/@napi-rs%2fnice-openharmony-arm64 cache-miss
3724 http fetch GET 200 https://registry.npmjs.org/@napi-rs%2fnice-linux-riscv64-gnu 42ms (cache miss)
3725 silly packumentCache full:https://registry.npmjs.org/@napi-rs%2fnice-linux-riscv64-gnu set size:undefined disposed:false
3726 http fetch GET 200 https://registry.npmjs.org/@napi-rs%2fnice-linux-ppc64-gnu 84ms (cache miss)
3727 silly packumentCache full:https://registry.npmjs.org/@napi-rs%2fnice-linux-ppc64-gnu set size:undefined disposed:false
3728 http fetch GET 200 https://registry.npmjs.org/@napi-rs%2fnice-openharmony-arm64 67ms (cache miss)
3729 silly packumentCache full:https://registry.npmjs.org/@napi-rs%2fnice-openharmony-arm64 set size:undefined disposed:false
3730 silly placeDep ROOT @napi-rs/nice-android-arm-eabi@1.1.1 OK for: @napi-rs/nice@1.1.1 want: 1.1.1
3731 silly placeDep ROOT @napi-rs/nice-android-arm64@1.1.1 OK for: @napi-rs/nice@1.1.1 want: 1.1.1
3732 silly placeDep ROOT @napi-rs/nice-darwin-arm64@1.1.1 OK for: @napi-rs/nice@1.1.1 want: 1.1.1
3733 silly placeDep ROOT @napi-rs/nice-darwin-x64@1.1.1 OK for: @napi-rs/nice@1.1.1 want: 1.1.1
3734 silly placeDep ROOT @napi-rs/nice-freebsd-x64@1.1.1 OK for: @napi-rs/nice@1.1.1 want: 1.1.1
3735 silly placeDep ROOT @napi-rs/nice-linux-arm-gnueabihf@1.1.1 OK for: @napi-rs/nice@1.1.1 want: 1.1.1
3736 silly placeDep ROOT @napi-rs/nice-linux-arm64-gnu@1.1.1 OK for: @napi-rs/nice@1.1.1 want: 1.1.1
3737 silly placeDep ROOT @napi-rs/nice-linux-arm64-musl@1.1.1 OK for: @napi-rs/nice@1.1.1 want: 1.1.1
3738 silly placeDep ROOT @napi-rs/nice-linux-ppc64-gnu@1.1.1 OK for: @napi-rs/nice@1.1.1 want: 1.1.1
3739 silly placeDep ROOT @napi-rs/nice-linux-riscv64-gnu@1.1.1 OK for: @napi-rs/nice@1.1.1 want: 1.1.1
3740 silly placeDep ROOT @napi-rs/nice-linux-s390x-gnu@1.1.1 OK for: @napi-rs/nice@1.1.1 want: 1.1.1
3741 silly placeDep ROOT @napi-rs/nice-linux-x64-gnu@1.1.1 OK for: @napi-rs/nice@1.1.1 want: 1.1.1
3742 silly placeDep ROOT @napi-rs/nice-linux-x64-musl@1.1.1 OK for: @napi-rs/nice@1.1.1 want: 1.1.1
3743 silly placeDep ROOT @napi-rs/nice-openharmony-arm64@1.1.1 OK for: @napi-rs/nice@1.1.1 want: 1.1.1
3744 silly placeDep ROOT @napi-rs/nice-win32-arm64-msvc@1.1.1 OK for: @napi-rs/nice@1.1.1 want: 1.1.1
3745 silly placeDep ROOT @napi-rs/nice-win32-ia32-msvc@1.1.1 OK for: @napi-rs/nice@1.1.1 want: 1.1.1
3746 silly placeDep ROOT @napi-rs/nice-win32-x64-msvc@1.1.1 OK for: @napi-rs/nice@1.1.1 want: 1.1.1
3747 silly placeDep ROOT nanoid@3.3.19 OK for: postcss@8.5.28 want: ^3.3.18
3748 silly placeDep ROOT dijkstrajs@1.0.3 OK for: qrcode@1.5.4 want: ^1.0.1
3749 silly placeDep ROOT pngjs@5.0.0 OK for: qrcode@1.5.4 want: ^5.0.0
3750 silly placeDep node_modules/qrcode yargs@15.4.1 OK for: qrcode@1.5.4 want: ^15.3.1
3751 silly fetch manifest y18n@^4.0.0
3752 silly packumentCache full:https://registry.npmjs.org/y18n cache-hit
3753 silly fetch manifest cliui@^6.0.0
3754 silly packumentCache full:https://registry.npmjs.org/cliui cache-hit
3755 silly fetch manifest find-up@^4.1.0
3756 silly packumentCache full:https://registry.npmjs.org/find-up cache-hit
3757 silly fetch manifest decamelize@^1.2.0
3758 silly packumentCache full:https://registry.npmjs.org/decamelize cache-miss
3759 silly fetch manifest set-blocking@^2.0.0
3760 silly packumentCache full:https://registry.npmjs.org/set-blocking cache-miss
3761 silly fetch manifest string-width@^4.2.0
3762 silly packumentCache full:https://registry.npmjs.org/string-width cache-hit
3763 silly fetch manifest which-module@^2.0.0
3764 silly packumentCache full:https://registry.npmjs.org/which-module cache-miss
3765 http cache https://registry.npmjs.org/set-blocking 3ms (cache hit)
3766 silly packumentCache full:https://registry.npmjs.org/set-blocking set size:5763 disposed:false
3767 silly fetch manifest yargs-parser@^18.1.2
3768 silly packumentCache full:https://registry.npmjs.org/yargs-parser cache-hit
3769 silly fetch manifest get-caller-file@^2.0.1
3770 silly packumentCache full:https://registry.npmjs.org/get-caller-file cache-hit
3771 silly fetch manifest require-main-filename@^2.0.0
3772 silly packumentCache full:https://registry.npmjs.org/require-main-filename cache-miss
3773 http cache https://registry.npmjs.org/decamelize 5ms (cache hit)
3774 silly packumentCache full:https://registry.npmjs.org/decamelize set size:34500 disposed:false
3775 http cache https://registry.npmjs.org/which-module 4ms (cache hit)
3776 silly packumentCache full:https://registry.npmjs.org/which-module set size:13898 disposed:false
3777 http cache https://registry.npmjs.org/require-main-filename 2ms (cache hit)
3778 silly packumentCache full:https://registry.npmjs.org/require-main-filename set size:7471 disposed:false
3779 silly placeDep ROOT onetime@7.0.0 OK for: restore-cursor@5.1.0 want: ^7.0.0
3780 silly fetch manifest mimic-function@^5.0.0
3781 silly packumentCache full:https://registry.npmjs.org/mimic-function cache-miss
3782 http cache https://registry.npmjs.org/mimic-function 2ms (cache hit)
3783 silly packumentCache full:https://registry.npmjs.org/mimic-function set size:6356 disposed:false
3784 silly placeDep ROOT mimic-function@5.0.1 OK for: onetime@7.0.0 want: ^5.0.0
3785 silly placeDep node_modules/rolldown @oxc-project/types@0.149.0 OK for: rolldown@1.2.8 want: =0.149.0
3786 silly placeDep ROOT @rolldown/binding-android-arm-eabi@1.2.8 OK for: rolldown@1.2.8 want: 1.2.8
3787 silly placeDep ROOT @rolldown/binding-android-arm64@1.2.8 OK for: rolldown@1.2.8 want: 1.2.8
3788 silly placeDep ROOT @rolldown/binding-darwin-arm64@1.2.8 OK for: rolldown@1.2.8 want: 1.2.8
3789 silly placeDep ROOT @rolldown/binding-darwin-x64@1.2.8 OK for: rolldown@1.2.8 want: 1.2.8
3790 silly placeDep ROOT @rolldown/binding-freebsd-x64@1.2.8 OK for: rolldown@1.2.8 want: 1.2.8
3791 silly placeDep ROOT @rolldown/binding-linux-arm-gnueabihf@1.2.8 OK for: rolldown@1.2.8 want: 1.2.8
3792 silly placeDep ROOT @rolldown/binding-linux-arm64-gnu@1.2.8 OK for: rolldown@1.2.8 want: 1.2.8
3793 silly placeDep ROOT @rolldown/binding-linux-arm64-musl@1.2.8 OK for: rolldown@1.2.8 want: 1.2.8
3794 silly placeDep ROOT @rolldown/binding-linux-ppc64-gnu@1.2.8 OK for: rolldown@1.2.8 want: 1.2.8
3795 silly placeDep ROOT @rolldown/binding-linux-s390x-gnu@1.2.8 OK for: rolldown@1.2.8 want: 1.2.8
3796 silly placeDep ROOT @rolldown/binding-linux-x64-gnu@1.2.8 OK for: rolldown@1.2.8 want: 1.2.8
3797 silly placeDep ROOT @rolldown/binding-linux-x64-musl@1.2.8 OK for: rolldown@1.2.8 want: 1.2.8
3798 silly placeDep ROOT @rolldown/binding-openharmony-arm64@1.2.8 OK for: rolldown@1.2.8 want: 1.2.8
3799 silly placeDep ROOT @rolldown/binding-win32-arm64-msvc@1.2.8 OK for: rolldown@1.2.8 want: 1.2.8
3800 silly placeDep ROOT @rolldown/binding-win32-x64-msvc@1.2.8 OK for: rolldown@1.2.8 want: 1.2.8
3801 silly placeDep ROOT @rolldown/pluginutils@1.0.1 OK for: rolldown@1.2.8 want: ^1.0.0
3802 silly placeDep ROOT immutable@5.1.9 OK for: sass@1.105.1 want: ^5.1.5
3803 silly placeDep ROOT @bufbuild/protobuf@2.16.0 OK for: sass-embedded@1.104.1 want: ^2.5.0
3804 silly placeDep ROOT colorjs.io@0.7.1 OK for: sass-embedded@1.104.1 want: ^0.7.0
3805 silly placeDep ROOT sass-embedded-all-unknown@1.104.1 OK for: sass-embedded@1.104.1 want: 1.104.1
3806 silly placeDep ROOT sass-embedded-android-arm@1.104.1 OK for: sass-embedded@1.104.1 want: 1.104.1
3807 silly placeDep ROOT sass-embedded-android-arm64@1.104.1 OK for: sass-embedded@1.104.1 want: 1.104.1
3808 silly placeDep ROOT sass-embedded-android-riscv64@1.104.1 OK for: sass-embedded@1.104.1 want: 1.104.1
3809 silly placeDep ROOT sass-embedded-android-x64@1.104.1 OK for: sass-embedded@1.104.1 want: 1.104.1
3810 silly placeDep ROOT sass-embedded-darwin-arm64@1.104.1 OK for: sass-embedded@1.104.1 want: 1.104.1
3811 silly placeDep ROOT sass-embedded-darwin-x64@1.104.1 OK for: sass-embedded@1.104.1 want: 1.104.1
3812 silly placeDep ROOT sass-embedded-linux-arm@1.104.1 OK for: sass-embedded@1.104.1 want: 1.104.1
3813 silly placeDep ROOT sass-embedded-linux-arm64@1.104.1 OK for: sass-embedded@1.104.1 want: 1.104.1
3814 silly placeDep ROOT sass-embedded-linux-musl-arm@1.104.1 OK for: sass-embedded@1.104.1 want: 1.104.1
3815 silly placeDep ROOT sass-embedded-linux-musl-arm64@1.104.1 OK for: sass-embedded@1.104.1 want: 1.104.1
3816 silly placeDep ROOT sass-embedded-linux-musl-riscv64@1.104.1 OK for: sass-embedded@1.104.1 want: 1.104.1
3817 silly placeDep ROOT sass-embedded-linux-musl-x64@1.104.1 OK for: sass-embedded@1.104.1 want: 1.104.1
3818 silly placeDep ROOT sass-embedded-linux-riscv64@1.104.1 OK for: sass-embedded@1.104.1 want: 1.104.1
3819 silly placeDep ROOT sass-embedded-linux-x64@1.104.1 OK for: sass-embedded@1.104.1 want: 1.104.1
3820 silly placeDep ROOT sass-embedded-unknown-all@1.104.1 OK for: sass-embedded@1.104.1 want: 1.104.1
3821 silly placeDep ROOT sass-embedded-win32-arm64@1.104.1 OK for: sass-embedded@1.104.1 want: 1.104.1
3822 silly placeDep ROOT sass-embedded-win32-x64@1.104.1 OK for: sass-embedded@1.104.1 want: 1.104.1
3823 silly placeDep node_modules/sass-embedded supports-color@8.1.1 OK for: sass-embedded@1.104.1 want: ^8.1.1
3824 silly placeDep ROOT sync-child-process@1.0.2 OK for: sass-embedded@1.104.1 want: ^1.0.2
3825 silly placeDep ROOT varint@6.0.0 OK for: sass-embedded@1.104.1 want: ^6.0.0
3826 silly fetch manifest sync-message-port@^1.0.0
3827 silly packumentCache full:https://registry.npmjs.org/sync-message-port cache-miss
3828 http fetch GET 200 https://registry.npmjs.org/sync-message-port 31ms (cache miss)
3829 silly packumentCache full:https://registry.npmjs.org/sync-message-port set size:undefined disposed:false
3830 silly placeDep node_modules/sass-embedded-all-unknown sass@1.104.1 OK for: sass-embedded-all-unknown@1.104.1 want: 1.104.1
3831 silly placeDep node_modules/sass-embedded-unknown-all sass@1.104.1 OK for: sass-embedded-unknown-all@1.104.1 want: 1.104.1
3832 silly placeDep ROOT xmlchars@2.2.0 OK for: saxes@6.0.0 want: ^2.2.0
3833 silly placeDep ROOT extend@3.0.2 OK for: schemes@1.4.0 want: ^3.0.0
3834 silly placeDep ROOT shebang-regex@3.0.0 OK for: shebang-command@2.0.0 want: ^3.0.0
3835 silly placeDep node_modules/slice-ansi ansi-styles@6.2.3 OK for: slice-ansi@9.0.1 want: ^6.2.3
3836 silly placeDep ROOT is-fullwidth-code-point@5.1.0 OK for: slice-ansi@9.0.1 want: ^5.1.0
3837 silly fetch manifest get-east-asian-width@^1.3.1
3838 silly packumentCache full:https://registry.npmjs.org/get-east-asian-width cache-hit
3839 silly placeDep ROOT get-east-asian-width@1.7.0 OK for: is-fullwidth-code-point@5.1.0 want: ^1.3.1
3840 silly placeDep ROOT nearley@2.20.1 OK for: smtp-address-parser@1.1.0 want: ^2.20.1
3841 silly fetch manifest commander@^2.19.0
3842 silly packumentCache full:https://registry.npmjs.org/commander cache-hit
3843 silly fetch manifest moo@^0.5.0
3844 silly packumentCache full:https://registry.npmjs.org/moo cache-miss
3845 silly fetch manifest railroad-diagrams@^1.0.0
3846 silly packumentCache full:https://registry.npmjs.org/railroad-diagrams cache-miss
3847 silly fetch manifest randexp@0.4.6
3848 silly packumentCache full:https://registry.npmjs.org/randexp cache-miss
3849 http cache https://registry.npmjs.org/moo 8ms (cache hit)
3850 silly packumentCache full:https://registry.npmjs.org/moo set size:41090 disposed:false
3851 http cache https://registry.npmjs.org/railroad-diagrams 9ms (cache hit)
3852 silly packumentCache full:https://registry.npmjs.org/railroad-diagrams set size:8398 disposed:false
3853 http cache https://registry.npmjs.org/randexp 8ms (cache hit)
3854 silly packumentCache full:https://registry.npmjs.org/randexp set size:39459 disposed:false
3855 silly placeDep node_modules/nearley commander@2.20.3 OK for: nearley@2.20.1 want: ^2.19.0
3856 silly placeDep ROOT moo@0.5.3 OK for: nearley@2.20.1 want: ^0.5.0
3857 silly placeDep ROOT railroad-diagrams@1.0.0 OK for: nearley@2.20.1 want: ^1.0.0
3858 silly placeDep ROOT randexp@0.4.6 OK for: nearley@2.20.1 want: 0.4.6
3859 silly fetch manifest discontinuous-range@1.0.0
3860 silly packumentCache full:https://registry.npmjs.org/discontinuous-range cache-miss
3861 silly fetch manifest ret@~0.1.10
3862 silly packumentCache full:https://registry.npmjs.org/ret cache-miss
3863 http cache https://registry.npmjs.org/discontinuous-range 2ms (cache hit)
3864 silly packumentCache full:https://registry.npmjs.org/discontinuous-range set size:7648 disposed:false
3865 http cache https://registry.npmjs.org/ret 3ms (cache hit)
3866 silly packumentCache full:https://registry.npmjs.org/ret set size:59258 disposed:false
3867 silly placeDep ROOT discontinuous-range@1.0.0 OK for: randexp@0.4.6 want: 1.0.0
3868 silly placeDep ROOT ret@0.1.15 OK for: randexp@0.4.6 want: ~0.1.10
3869 silly placeDep ROOT @types/component-emitter@1.2.14 OK for: socket.io-client@3.1.3 want: ^1.2.10
3870 silly placeDep ROOT backo2@1.0.2 OK for: socket.io-client@3.1.3 want: ~1.0.2
3871 silly placeDep ROOT component-emitter@1.3.1 OK for: socket.io-client@3.1.3 want: ~1.3.0
3872 silly placeDep node_modules/socket.io-client debug@4.3.7 OK for: socket.io-client@3.1.3 want: ~4.3.1
3873 silly placeDep ROOT engine.io-client@4.1.4 OK for: socket.io-client@3.1.3 want: ~4.1.0
3874 silly placeDep ROOT parseuri@0.0.6 OK for: socket.io-client@3.1.3 want: 0.0.6
3875 silly placeDep ROOT socket.io-parser@4.0.5 OK for: socket.io-client@3.1.3 want: ~4.0.4
3876 silly fetch manifest ws@~7.4.2
3877 silly packumentCache full:https://registry.npmjs.org/ws cache-hit
3878 silly fetch manifest yeast@0.1.2
3879 silly packumentCache full:https://registry.npmjs.org/yeast cache-miss
3880 silly fetch manifest parseqs@0.0.6
3881 silly packumentCache full:https://registry.npmjs.org/parseqs cache-miss
3882 silly fetch manifest has-cors@1.1.0
3883 silly packumentCache full:https://registry.npmjs.org/has-cors cache-miss
3884 http cache https://registry.npmjs.org/has-cors 2ms (cache hit)
3885 silly packumentCache full:https://registry.npmjs.org/has-cors set size:3854 disposed:false
3886 silly fetch manifest engine.io-parser@~4.0.1
3887 silly packumentCache full:https://registry.npmjs.org/engine.io-parser cache-miss
3888 http cache https://registry.npmjs.org/yeast 4ms (cache hit)
3889 silly packumentCache full:https://registry.npmjs.org/yeast set size:8257 disposed:false
3890 silly fetch manifest base64-arraybuffer@0.1.4
3891 silly packumentCache full:https://registry.npmjs.org/base64-arraybuffer cache-miss
3892 http cache https://registry.npmjs.org/parseqs 4ms (cache hit)
3893 silly packumentCache full:https://registry.npmjs.org/parseqs set size:8692 disposed:false
3894 silly fetch manifest xmlhttprequest-ssl@~1.6.2
3895 silly packumentCache full:https://registry.npmjs.org/xmlhttprequest-ssl cache-miss
3896 http cache https://registry.npmjs.org/engine.io-parser 4ms (cache hit)
3897 silly packumentCache full:https://registry.npmjs.org/engine.io-parser set size:116455 disposed:false
3898 http cache https://registry.npmjs.org/base64-arraybuffer 4ms (cache hit)
3899 silly packumentCache full:https://registry.npmjs.org/base64-arraybuffer set size:21740 disposed:false
3900 http cache https://registry.npmjs.org/xmlhttprequest-ssl 4ms (cache hit)
3901 silly packumentCache full:https://registry.npmjs.org/xmlhttprequest-ssl set size:41046 disposed:false
3902 silly fetch manifest utf-8-validate@^5.0.2
3903 silly packumentCache full:https://registry.npmjs.org/utf-8-validate cache-hit
3904 silly placeDep ROOT base64-arraybuffer@0.1.4 OK for: engine.io-client@4.1.4 want: 0.1.4
3905 silly placeDep node_modules/engine.io-client debug@4.3.7 OK for: engine.io-client@4.1.4 want: ~4.3.1
3906 silly placeDep ROOT engine.io-parser@4.0.3 OK for: engine.io-client@4.1.4 want: ~4.0.1
3907 silly placeDep ROOT has-cors@1.1.0 OK for: engine.io-client@4.1.4 want: 1.1.0
3908 silly placeDep ROOT parseqs@0.0.6 OK for: engine.io-client@4.1.4 want: 0.0.6
3909 silly placeDep node_modules/engine.io-client ws@7.4.6 OK for: engine.io-client@4.1.4 want: ~7.4.2
3910 silly placeDep ROOT xmlhttprequest-ssl@1.6.3 OK for: engine.io-client@4.1.4 want: ~1.6.2
3911 silly placeDep ROOT yeast@0.1.2 OK for: engine.io-client@4.1.4 want: 0.1.2
3912 silly placeDep node_modules/socket.io-parser debug@4.3.7 OK for: socket.io-parser@4.0.5 want: ~4.3.1
3913 silly placeDep ROOT buffer-from@1.1.2 OK for: source-map-support@0.5.21 want: ^1.0.0
3914 silly placeDep node_modules/source-map-support source-map@0.6.1 OK for: source-map-support@0.5.21 want: ^0.6.0
3915 silly placeDep ROOT spdx-exceptions@2.5.0 OK for: spdx-expression-parse@4.0.0 want: ^2.1.0
3916 silly placeDep ROOT spdx-license-ids@3.0.24 OK for: spdx-expression-parse@4.0.0 want: ^3.0.0
3917 silly placeDep ROOT ansi-regex@6.4.0 OK for: strip-ansi@7.2.0 want: ^6.2.2
3918 silly fetch manifest typescript@>=4.9.5
3919 silly packumentCache full:https://registry.npmjs.org/typescript cache-miss
3920 http cache https://registry.npmjs.org/typescript 38ms (cache hit)
3921 silly packumentCache full:https://registry.npmjs.org/typescript set size:15753183 disposed:false
3922 silly placeDep node_modules/stylelint @csstools/css-parser-algorithms@3.0.5 OK for: stylelint@16.26.1 want: ^3.0.5
3923 silly placeDep node_modules/stylelint @csstools/css-tokenizer@3.0.4 OK for: @csstools/css-parser-algorithms@3.0.5 want: ^3.0.4
3924 silly placeDep node_modules/stylelint @csstools/media-query-list-parser@4.0.3 OK for: stylelint@16.26.1 want: ^4.0.3
3925 silly placeDep ROOT @csstools/selector-specificity@5.0.0 OK for: stylelint@16.26.1 want: ^5.0.0
3926 silly placeDep ROOT postcss-selector-parser@7.1.6 OK for: @csstools/selector-specificity@5.0.0 want: ^7.0.0
3927 silly placeDep ROOT @dual-bundle/import-meta-resolve@4.2.1 OK for: stylelint@16.26.1 want: ^4.2.1
3928 silly placeDep node_modules/stylelint balanced-match@2.0.0 OK for: stylelint@16.26.1 want: ^2.0.0
3929 silly placeDep ROOT colord@2.10.0 OK for: stylelint@16.26.1 want: ^2.9.3
3930 silly placeDep ROOT cosmiconfig@9.0.2 OK for: stylelint@16.26.1 want: ^9.0.0
3931 silly placeDep ROOT css-functions-list@3.3.3 OK for: stylelint@16.26.1 want: ^3.2.3
3932 silly placeDep ROOT fast-glob@3.3.3 OK for: stylelint@16.26.1 want: ^3.3.3
3933 silly placeDep ROOT fastest-levenshtein@1.0.16 OK for: stylelint@16.26.1 want: ^1.0.16
3934 silly placeDep node_modules/stylelint file-entry-cache@11.1.5 OK for: stylelint@16.26.1 want: ^11.1.1
3935 silly placeDep ROOT global-modules@2.0.0 OK for: stylelint@16.26.1 want: ^2.0.0
3936 silly placeDep ROOT globby@11.1.0 OK for: stylelint@16.26.1 want: ^11.1.0
3937 silly placeDep ROOT globjoin@0.1.4 OK for: stylelint@16.26.1 want: ^0.1.4
3938 silly placeDep ROOT html-tags@3.3.1 OK for: stylelint@16.26.1 want: ^3.3.1
3939 silly placeDep ROOT is-plain-object@5.1.0 OK for: stylelint@16.26.1 want: ^5.0.0
3940 silly placeDep ROOT known-css-properties@0.37.0 OK for: stylelint@16.26.1 want: ^0.37.0
3941 silly placeDep ROOT mathml-tag-names@2.1.3 OK for: stylelint@16.26.1 want: ^2.1.3
3942 silly placeDep ROOT meow@13.2.0 OK for: stylelint@16.26.1 want: ^13.2.0
3943 silly placeDep ROOT micromatch@4.0.8 OK for: stylelint@16.26.1 want: ^4.0.8
3944 silly placeDep ROOT normalize-path@3.0.0 OK for: stylelint@16.26.1 want: ^3.0.0
3945 silly placeDep ROOT postcss-resolve-nested-selector@0.1.6 OK for: stylelint@16.26.1 want: ^0.1.6
3946 silly placeDep ROOT postcss-value-parser@4.2.0 OK for: stylelint@16.26.1 want: ^4.2.0
3947 silly placeDep node_modules/stylelint resolve-from@5.0.0 OK for: stylelint@16.26.1 want: ^5.0.0
3948 silly placeDep node_modules/stylelint string-width@4.2.3 OK for: stylelint@16.26.1 want: ^4.2.3
3949 silly placeDep ROOT supports-hyperlinks@3.2.0 OK for: stylelint@16.26.1 want: ^3.2.0
3950 silly placeDep ROOT svg-tags@1.0.0 OK for: stylelint@16.26.1 want: ^1.0.0
3951 silly placeDep ROOT table@6.9.0 OK for: stylelint@16.26.1 want: ^6.9.0
3952 silly placeDep ROOT write-file-atomic@5.0.1 OK for: stylelint@16.26.1 want: ^5.0.1
3953 silly fetch manifest cssesc@^3.0.0
3954 silly packumentCache full:https://registry.npmjs.org/cssesc cache-miss
3955 silly fetch manifest util-deprecate@^1.0.2
3956 silly packumentCache full:https://registry.npmjs.org/util-deprecate cache-miss
3957 silly fetch manifest env-paths@^2.2.1
3958 silly packumentCache full:https://registry.npmjs.org/env-paths cache-miss
3959 http cache https://registry.npmjs.org/env-paths 4ms (cache hit)
3960 silly packumentCache full:https://registry.npmjs.org/env-paths set size:26913 disposed:false
3961 silly fetch manifest parse-json@^5.2.0
3962 silly packumentCache full:https://registry.npmjs.org/parse-json cache-miss
3963 http cache https://registry.npmjs.org/util-deprecate 5ms (cache hit)
3964 silly packumentCache full:https://registry.npmjs.org/util-deprecate set size:6674 disposed:false
3965 silly fetch manifest @nodelib/fs.stat@^2.0.2
3966 silly packumentCache full:https://registry.npmjs.org/@nodelib%2ffs.stat cache-miss
3967 http cache https://registry.npmjs.org/parse-json 2ms (cache hit)
3968 silly packumentCache full:https://registry.npmjs.org/parse-json set size:48198 disposed:false
3969 silly fetch manifest @nodelib/fs.walk@^1.2.3
3970 silly packumentCache full:https://registry.npmjs.org/@nodelib%2ffs.walk cache-miss
3971 http fetch GET 200 https://registry.npmjs.org/cssesc 28ms (cache miss)
3972 silly packumentCache full:https://registry.npmjs.org/cssesc set size:undefined disposed:false
3973 silly fetch manifest glob-parent@^5.1.2
3974 silly packumentCache full:https://registry.npmjs.org/glob-parent cache-hit
3975 silly fetch manifest merge2@^1.3.0
3976 silly packumentCache full:https://registry.npmjs.org/merge2 cache-miss
3977 http fetch GET 200 https://registry.npmjs.org/@nodelib%2ffs.walk 43ms (cache miss)
3978 silly packumentCache full:https://registry.npmjs.org/@nodelib%2ffs.walk set size:undefined disposed:false
3979 silly fetch manifest flat-cache@^6.1.23
3980 silly packumentCache full:https://registry.npmjs.org/flat-cache cache-hit
3981 silly fetch manifest global-prefix@^3.0.0
3982 silly packumentCache full:https://registry.npmjs.org/global-prefix cache-miss
3983 http fetch GET 200 https://registry.npmjs.org/merge2 26ms (cache miss)
3984 silly packumentCache full:https://registry.npmjs.org/merge2 set size:undefined disposed:false
3985 silly fetch manifest slash@^3.0.0
3986 silly packumentCache full:https://registry.npmjs.org/slash cache-miss
3987 http fetch GET 200 https://registry.npmjs.org/@nodelib%2ffs.stat 53ms (cache miss)
3988 silly packumentCache full:https://registry.npmjs.org/@nodelib%2ffs.stat set size:undefined disposed:false
3989 silly fetch manifest merge2@^1.4.1
3990 silly packumentCache full:https://registry.npmjs.org/merge2 cache-miss
3991 http cache https://registry.npmjs.org/merge2 2ms (cache hit)
3992 silly packumentCache full:https://registry.npmjs.org/merge2 set size:46159 disposed:false
3993 silly fetch manifest dir-glob@^3.0.1
3994 silly packumentCache full:https://registry.npmjs.org/dir-glob cache-miss
3995 http fetch GET 200 https://registry.npmjs.org/slash 23ms (cache miss)
3996 silly packumentCache full:https://registry.npmjs.org/slash set size:undefined disposed:false
3997 silly fetch manifest array-union@^2.1.0
3998 silly packumentCache full:https://registry.npmjs.org/array-union cache-miss
3999 http fetch GET 200 https://registry.npmjs.org/global-prefix 31ms (cache miss)
4000 silly packumentCache full:https://registry.npmjs.org/global-prefix set size:undefined disposed:false
4001 silly fetch manifest braces@^3.0.3
4002 silly packumentCache full:https://registry.npmjs.org/braces cache-miss
4003 http fetch GET 200 https://registry.npmjs.org/dir-glob 28ms (cache miss)
4004 silly packumentCache full:https://registry.npmjs.org/dir-glob set size:undefined disposed:false
4005 silly fetch manifest picomatch@^2.3.1
4006 silly packumentCache full:https://registry.npmjs.org/picomatch cache-hit
4007 silly fetch manifest strip-ansi@^6.0.1
4008 silly packumentCache full:https://registry.npmjs.org/strip-ansi cache-hit
4009 silly fetch manifest emoji-regex@^8.0.0
4010 silly packumentCache full:https://registry.npmjs.org/emoji-regex cache-miss
4011 http cache https://registry.npmjs.org/emoji-regex 2ms (cache hit)
4012 silly packumentCache full:https://registry.npmjs.org/emoji-regex set size:91540 disposed:false
4013 silly fetch manifest is-fullwidth-code-point@^3.0.0
4014 silly packumentCache full:https://registry.npmjs.org/is-fullwidth-code-point cache-hit
4015 silly fetch manifest slice-ansi@^4.0.0
4016 silly packumentCache full:https://registry.npmjs.org/slice-ansi cache-hit
4017 silly fetch manifest lodash.truncate@^4.4.2
4018 silly packumentCache full:https://registry.npmjs.org/lodash.truncate cache-miss
4019 http fetch GET 200 https://registry.npmjs.org/array-union 24ms (cache miss)
4020 silly packumentCache full:https://registry.npmjs.org/array-union set size:undefined disposed:false
4021 http fetch GET 200 https://registry.npmjs.org/braces 33ms (cache miss)
4022 silly packumentCache full:https://registry.npmjs.org/braces set size:undefined disposed:false
4023 http fetch GET 200 https://registry.npmjs.org/lodash.truncate 31ms (cache miss)
4024 silly packumentCache full:https://registry.npmjs.org/lodash.truncate set size:undefined disposed:false
4025 silly placeDep ROOT env-paths@2.2.1 OK for: cosmiconfig@9.0.2 want: ^2.2.1
4026 silly placeDep ROOT parse-json@5.2.0 OK for: cosmiconfig@9.0.2 want: ^5.2.0
4027 silly fetch manifest error-ex@^1.3.1
4028 silly packumentCache full:https://registry.npmjs.org/error-ex cache-miss
4029 silly fetch manifest @babel/code-frame@^7.0.0
4030 silly packumentCache full:https://registry.npmjs.org/@babel%2fcode-frame cache-hit
4031 silly fetch manifest lines-and-columns@^1.1.6
4032 silly packumentCache full:https://registry.npmjs.org/lines-and-columns cache-miss
4033 silly fetch manifest json-parse-even-better-errors@^2.3.0
4034 silly packumentCache full:https://registry.npmjs.org/json-parse-even-better-errors cache-miss
4035 http cache https://registry.npmjs.org/error-ex 3ms (cache hit)
4036 silly packumentCache full:https://registry.npmjs.org/error-ex set size:31684 disposed:false
4037 http fetch GET 200 https://registry.npmjs.org/lines-and-columns 25ms (cache miss)
4038 silly packumentCache full:https://registry.npmjs.org/lines-and-columns set size:undefined disposed:false
4039 http fetch GET 200 https://registry.npmjs.org/json-parse-even-better-errors 32ms (cache miss)
4040 silly packumentCache full:https://registry.npmjs.org/json-parse-even-better-errors set size:undefined disposed:false
4041 silly placeDep ROOT @nodelib/fs.stat@2.0.5 OK for: fast-glob@3.3.3 want: ^2.0.2
4042 silly placeDep ROOT @nodelib/fs.walk@1.2.8 OK for: fast-glob@3.3.3 want: ^1.2.3
4043 silly placeDep node_modules/fast-glob glob-parent@5.1.2 OK for: fast-glob@3.3.3 want: ^5.1.2
4044 silly placeDep ROOT merge2@1.4.1 OK for: fast-glob@3.3.3 want: ^1.3.0
4045 silly fetch manifest fastq@^1.6.0
4046 silly packumentCache full:https://registry.npmjs.org/fastq cache-miss
4047 silly fetch manifest @nodelib/fs.scandir@2.1.5
4048 silly packumentCache full:https://registry.npmjs.org/@nodelib%2ffs.scandir cache-miss
4049 http fetch GET 200 https://registry.npmjs.org/fastq 29ms (cache miss)
4050 silly packumentCache full:https://registry.npmjs.org/fastq set size:undefined disposed:false
4051 http fetch GET 200 https://registry.npmjs.org/@nodelib%2ffs.scandir 36ms (cache miss)
4052 silly packumentCache full:https://registry.npmjs.org/@nodelib%2ffs.scandir set size:undefined disposed:false
4053 silly placeDep ROOT @nodelib/fs.scandir@2.1.5 OK for: @nodelib/fs.walk@1.2.8 want: 2.1.5
4054 silly placeDep ROOT fastq@1.20.3 OK for: @nodelib/fs.walk@1.2.8 want: ^1.6.0
4055 silly fetch manifest run-parallel@^1.1.9
4056 silly packumentCache full:https://registry.npmjs.org/run-parallel cache-miss
4057 silly fetch manifest reusify@^1.0.4
4058 silly packumentCache full:https://registry.npmjs.org/reusify cache-miss
4059 http fetch GET 200 https://registry.npmjs.org/reusify 30ms (cache miss)
4060 silly packumentCache full:https://registry.npmjs.org/reusify set size:undefined disposed:false
4061 http fetch GET 200 https://registry.npmjs.org/run-parallel 34ms (cache miss)
4062 silly packumentCache full:https://registry.npmjs.org/run-parallel set size:undefined disposed:false
4063 silly placeDep ROOT run-parallel@1.2.0 OK for: @nodelib/fs.scandir@2.1.5 want: ^1.1.9
4064 silly fetch manifest queue-microtask@^1.2.2
4065 silly packumentCache full:https://registry.npmjs.org/queue-microtask cache-miss
4066 http fetch GET 200 https://registry.npmjs.org/queue-microtask 26ms (cache miss)
4067 silly packumentCache full:https://registry.npmjs.org/queue-microtask set size:undefined disposed:false
4068 silly placeDep ROOT reusify@1.1.0 OK for: fastq@1.20.3 want: ^1.0.4
4069 silly placeDep ROOT global-prefix@3.0.0 OK for: global-modules@2.0.0 want: ^3.0.0
4070 silly fetch manifest ini@^1.3.5
4071 silly packumentCache full:https://registry.npmjs.org/ini cache-miss
4072 silly fetch manifest which@^1.3.1
4073 silly packumentCache full:https://registry.npmjs.org/which cache-hit
4074 silly fetch manifest kind-of@^6.0.2
4075 silly packumentCache full:https://registry.npmjs.org/kind-of cache-miss
4076 http cache https://registry.npmjs.org/ini 2ms (cache hit)
4077 silly packumentCache full:https://registry.npmjs.org/ini set size:59183 disposed:false
4078 http fetch GET 200 https://registry.npmjs.org/kind-of 30ms (cache miss)
4079 silly packumentCache full:https://registry.npmjs.org/kind-of set size:undefined disposed:false
4080 silly placeDep ROOT ini@1.3.8 OK for: global-prefix@3.0.0 want: ^1.3.5
4081 silly placeDep ROOT kind-of@6.0.3 OK for: global-prefix@3.0.0 want: ^6.0.2
4082 silly placeDep node_modules/global-prefix which@1.3.1 OK for: global-prefix@3.0.0 want: ^1.3.1
4083 silly placeDep ROOT array-union@2.1.0 OK for: globby@11.1.0 want: ^2.1.0
4084 silly placeDep ROOT dir-glob@3.0.1 OK for: globby@11.1.0 want: ^3.0.1
4085 silly placeDep node_modules/globby ignore@5.3.2 OK for: globby@11.1.0 want: ^5.2.0
4086 silly placeDep ROOT slash@3.0.0 OK for: globby@11.1.0 want: ^3.0.0
4087 silly fetch manifest path-type@^4.0.0
4088 silly packumentCache full:https://registry.npmjs.org/path-type cache-miss
4089 http fetch GET 200 https://registry.npmjs.org/path-type 34ms (cache miss)
4090 silly packumentCache full:https://registry.npmjs.org/path-type set size:undefined disposed:false
4091 silly placeDep ROOT path-type@4.0.0 OK for: dir-glob@3.0.1 want: ^4.0.0
4092 silly placeDep ROOT braces@3.0.3 OK for: micromatch@4.0.8 want: ^3.0.3
4093 silly placeDep node_modules/micromatch picomatch@2.3.2 OK for: micromatch@4.0.8 want: ^2.3.1
4094 silly fetch manifest fill-range@^7.1.1
4095 silly packumentCache full:https://registry.npmjs.org/fill-range cache-miss
4096 http fetch GET 200 https://registry.npmjs.org/fill-range 26ms (cache miss)
4097 silly packumentCache full:https://registry.npmjs.org/fill-range set size:undefined disposed:false
4098 silly placeDep ROOT fill-range@7.1.1 OK for: braces@3.0.3 want: ^7.1.1
4099 silly fetch manifest to-regex-range@^5.0.1
4100 silly packumentCache full:https://registry.npmjs.org/to-regex-range cache-miss
4101 http fetch GET 200 https://registry.npmjs.org/to-regex-range 37ms (cache miss)
4102 silly packumentCache full:https://registry.npmjs.org/to-regex-range set size:undefined disposed:false
4103 silly placeDep ROOT to-regex-range@5.0.1 OK for: fill-range@7.1.1 want: ^5.0.1
4104 silly fetch manifest is-number@^7.0.0
4105 silly packumentCache full:https://registry.npmjs.org/is-number cache-miss
4106 http fetch GET 200 https://registry.npmjs.org/is-number 35ms (cache miss)
4107 silly packumentCache full:https://registry.npmjs.org/is-number set size:undefined disposed:false
4108 silly placeDep node_modules/parse-json @babel/code-frame@7.29.7 OK for: parse-json@5.2.0 want: ^7.0.0
4109 silly placeDep ROOT error-ex@1.3.4 OK for: parse-json@5.2.0 want: ^1.3.1
4110 silly placeDep ROOT json-parse-even-better-errors@2.3.1 OK for: parse-json@5.2.0 want: ^2.3.0
4111 silly placeDep ROOT lines-and-columns@1.2.4 OK for: parse-json@5.2.0 want: ^1.1.6
4112 silly fetch manifest js-tokens@^4.0.0
4113 silly packumentCache full:https://registry.npmjs.org/js-tokens cache-hit
4114 silly fetch manifest is-arrayish@^0.2.1
4115 silly packumentCache full:https://registry.npmjs.org/is-arrayish cache-miss
4116 http cache https://registry.npmjs.org/is-arrayish 4ms (cache hit)
4117 silly packumentCache full:https://registry.npmjs.org/is-arrayish set size:15371 disposed:false
4118 silly placeDep ROOT is-arrayish@0.2.1 OK for: error-ex@1.3.4 want: ^0.2.1
4119 silly placeDep ROOT cssesc@3.0.0 OK for: postcss-selector-parser@7.1.6 want: ^3.0.0
4120 silly placeDep ROOT util-deprecate@1.0.2 OK for: postcss-selector-parser@7.1.6 want: ^1.0.2
4121 silly placeDep ROOT queue-microtask@1.2.3 OK for: run-parallel@1.2.0 want: ^1.2.2
4122 silly fetch manifest stylelint@^16.1.0
4123 silly packumentCache full:https://registry.npmjs.org/stylelint cache-miss
4124 http cache https://registry.npmjs.org/stylelint 4ms (cache hit)
4125 silly packumentCache full:https://registry.npmjs.org/stylelint set size:1381022 disposed:false
4126 silly placeDep ROOT @stylistic/stylelint-plugin@3.1.3 OK for: stylelint-config-sass-guidelines@12.1.0 want: ^3.0.1
4127 silly placeDep ROOT postcss-scss@4.0.9 OK for: stylelint-config-sass-guidelines@12.1.0 want: ^4.0.9
4128 silly fetch manifest style-search@^0.1.0
4129 silly packumentCache full:https://registry.npmjs.org/style-search cache-miss
4130 silly fetch manifest @csstools/css-tokenizer@^3.0.1
4131 silly packumentCache full:https://registry.npmjs.org/@csstools%2fcss-tokenizer cache-hit
4132 silly fetch manifest postcss-selector-parser@^6.1.2
4133 silly packumentCache full:https://registry.npmjs.org/postcss-selector-parser cache-hit
4134 silly fetch manifest @csstools/css-parser-algorithms@^3.0.1
4135 silly packumentCache full:https://registry.npmjs.org/@csstools%2fcss-parser-algorithms cache-hit
4136 silly fetch manifest @csstools/media-query-list-parser@^3.0.1
4137 silly packumentCache full:https://registry.npmjs.org/@csstools%2fmedia-query-list-parser cache-miss
4138 http cache https://registry.npmjs.org/@csstools%2fmedia-query-list-parser 3ms (cache hit)
4139 silly packumentCache full:https://registry.npmjs.org/@csstools%2fmedia-query-list-parser set size:79246 disposed:false
4140 http fetch GET 200 https://registry.npmjs.org/style-search 24ms (cache miss)
4141 silly packumentCache full:https://registry.npmjs.org/style-search set size:undefined disposed:false
4142 silly placeDep node_modules/@stylistic/stylelint-plugin @csstools/css-parser-algorithms@3.0.5 OK for: @stylistic/stylelint-plugin@3.1.3 want: ^3.0.1
4143 silly placeDep node_modules/@stylistic/stylelint-plugin @csstools/css-tokenizer@3.0.4 OK for: @csstools/css-parser-algorithms@3.0.5 want: ^3.0.4
4144 silly placeDep node_modules/@stylistic/stylelint-plugin @csstools/media-query-list-parser@3.0.1 OK for: @stylistic/stylelint-plugin@3.1.3 want: ^3.0.1
4145 silly placeDep node_modules/@stylistic/stylelint-plugin postcss-selector-parser@6.1.4 OK for: @stylistic/stylelint-plugin@3.1.3 want: ^6.1.2
4146 silly placeDep ROOT style-search@0.1.0 OK for: @stylistic/stylelint-plugin@3.1.3 want: ^0.1.0
4147 silly placeDep ROOT has-flag@4.0.0 OK for: supports-color@7.2.0 want: ^4.0.0
4148 silly placeDep ROOT sync-message-port@1.2.0 OK for: sync-child-process@1.0.2 want: ^1.0.0
4149 silly placeDep ROOT lodash.truncate@4.4.2 OK for: table@6.9.0 want: ^4.4.2
4150 silly placeDep node_modules/table slice-ansi@4.0.0 OK for: table@6.9.0 want: ^4.0.0
4151 silly placeDep node_modules/table string-width@4.2.3 OK for: table@6.9.0 want: ^4.2.3
4152 silly placeDep node_modules/table strip-ansi@6.0.1 OK for: table@6.9.0 want: ^6.0.1
4153 silly fetch manifest astral-regex@^2.0.0
4154 silly packumentCache full:https://registry.npmjs.org/astral-regex cache-miss
4155 silly fetch manifest ansi-regex@^5.0.1
4156 silly packumentCache full:https://registry.npmjs.org/ansi-regex cache-hit
4157 http fetch GET 200 https://registry.npmjs.org/astral-regex 35ms (cache miss)
4158 silly packumentCache full:https://registry.npmjs.org/astral-regex set size:undefined disposed:false
4159 silly placeDep ROOT fdir@6.5.0 OK for: tinyglobby@0.2.17 want: ^6.5.0
4160 silly placeDep ROOT is-number@7.0.0 OK for: to-regex-range@5.0.1 want: ^7.0.0
4161 silly placeDep ROOT tldts@7.4.16 OK for: tough-cookie@6.0.2 want: ^7.0.5
4162 silly fetch manifest tldts-core@^7.4.16
4163 silly packumentCache full:https://registry.npmjs.org/tldts-core cache-miss
4164 http cache https://registry.npmjs.org/tldts-core 7ms (cache hit)
4165 silly packumentCache full:https://registry.npmjs.org/tldts-core set size:3128723 disposed:false
4166 silly placeDep ROOT tldts-core@7.4.16 OK for: tldts@7.4.16 want: ^7.4.16
4167 silly placeDep ROOT @typescript-eslint/eslint-plugin@8.71.0 OK for: typescript-eslint@8.71.0 want: 8.71.0
4168 silly placeDep ROOT @typescript-eslint/parser@8.71.0 OK for: @typescript-eslint/eslint-plugin@8.71.0 want: ^8.71.0
4169 silly fetch manifest @typescript-eslint/type-utils@8.71.0
4170 silly packumentCache full:https://registry.npmjs.org/@typescript-eslint%2ftype-utils cache-miss
4171 http cache https://registry.npmjs.org/@typescript-eslint%2ftype-utils 18ms (cache hit)
4172 silly packumentCache full:https://registry.npmjs.org/@typescript-eslint%2ftype-utils set size:10091622 disposed:false
4173 silly placeDep ROOT @typescript-eslint/type-utils@8.71.0 OK for: @typescript-eslint/eslint-plugin@8.71.0 want: 8.71.0
4174 silly placeDep ROOT escalade@3.2.0 OK for: update-browserslist-db@1.3.3 want: ^3.2.0
4175 silly placeDep ROOT spdx-correct@3.2.0 OK for: validate-npm-package-license@3.0.4 want: ^3.0.0
4176 silly placeDep node_modules/validate-npm-package-license spdx-expression-parse@3.0.1 OK for: validate-npm-package-license@3.0.4 want: ^3.0.0
4177 silly placeDep node_modules/spdx-correct spdx-expression-parse@3.0.1 OK for: spdx-correct@3.2.0 want: ^3.0.0
4178 silly placeDep ROOT fsevents@2.3.3 OK for: vite@8.3.0 want: ~2.3.3
4179 silly placeDep ROOT lightningcss@1.33.0 OK for: vite@8.3.0 want: ^1.33.0
4180 silly fetch manifest lightningcss-darwin-x64@1.33.0
4181 silly packumentCache full:https://registry.npmjs.org/lightningcss-darwin-x64 cache-miss
4182 silly fetch manifest lightningcss-linux-x64-gnu@1.33.0
4183 silly packumentCache full:https://registry.npmjs.org/lightningcss-linux-x64-gnu cache-miss
4184 silly fetch manifest lightningcss-win32-x64-msvc@1.33.0
4185 silly packumentCache full:https://registry.npmjs.org/lightningcss-win32-x64-msvc cache-miss
4186 http fetch GET 200 https://registry.npmjs.org/lightningcss-linux-x64-gnu 29ms (cache miss)
4187 silly packumentCache full:https://registry.npmjs.org/lightningcss-linux-x64-gnu set size:undefined disposed:false
4188 silly fetch manifest lightningcss-win32-arm64-msvc@1.33.0
4189 silly packumentCache full:https://registry.npmjs.org/lightningcss-win32-arm64-msvc cache-miss
4190 http fetch GET 200 https://registry.npmjs.org/lightningcss-win32-x64-msvc 36ms (cache miss)
4191 silly packumentCache full:https://registry.npmjs.org/lightningcss-win32-x64-msvc set size:undefined disposed:false
4192 silly fetch manifest lightningcss-darwin-arm64@1.33.0
4193 silly packumentCache full:https://registry.npmjs.org/lightningcss-darwin-arm64 cache-miss
4194 http fetch GET 200 https://registry.npmjs.org/lightningcss-darwin-x64 38ms (cache miss)
4195 silly packumentCache full:https://registry.npmjs.org/lightningcss-darwin-x64 set size:undefined disposed:false
4196 silly fetch manifest lightningcss-linux-arm64-gnu@1.33.0
4197 silly packumentCache full:https://registry.npmjs.org/lightningcss-linux-arm64-gnu cache-miss
4198 http fetch GET 200 https://registry.npmjs.org/lightningcss-win32-arm64-msvc 25ms (cache miss)
4199 silly packumentCache full:https://registry.npmjs.org/lightningcss-win32-arm64-msvc set size:undefined disposed:false
4200 silly fetch manifest lightningcss-linux-arm-gnueabihf@1.33.0
4201 silly packumentCache full:https://registry.npmjs.org/lightningcss-linux-arm-gnueabihf cache-miss
4202 http fetch GET 200 https://registry.npmjs.org/lightningcss-darwin-arm64 29ms (cache miss)
4203 silly packumentCache full:https://registry.npmjs.org/lightningcss-darwin-arm64 set size:undefined disposed:false
4204 silly fetch manifest lightningcss-linux-arm64-musl@1.33.0
4205 silly packumentCache full:https://registry.npmjs.org/lightningcss-linux-arm64-musl cache-miss
4206 http fetch GET 200 https://registry.npmjs.org/lightningcss-linux-arm64-gnu 33ms (cache miss)
4207 silly packumentCache full:https://registry.npmjs.org/lightningcss-linux-arm64-gnu set size:undefined disposed:false
4208 silly fetch manifest lightningcss-linux-x64-musl@1.33.0
4209 silly packumentCache full:https://registry.npmjs.org/lightningcss-linux-x64-musl cache-miss
4210 http fetch GET 200 https://registry.npmjs.org/lightningcss-linux-arm-gnueabihf 26ms (cache miss)
4211 silly packumentCache full:https://registry.npmjs.org/lightningcss-linux-arm-gnueabihf set size:undefined disposed:false
4212 silly fetch manifest lightningcss-freebsd-x64@1.33.0
4213 silly packumentCache full:https://registry.npmjs.org/lightningcss-freebsd-x64 cache-miss
4214 http fetch GET 200 https://registry.npmjs.org/lightningcss-linux-arm64-musl 30ms (cache miss)
4215 silly packumentCache full:https://registry.npmjs.org/lightningcss-linux-arm64-musl set size:undefined disposed:false
4216 silly fetch manifest lightningcss-android-arm64@1.33.0
4217 silly packumentCache full:https://registry.npmjs.org/lightningcss-android-arm64 cache-miss
4218 http fetch GET 200 https://registry.npmjs.org/lightningcss-freebsd-x64 26ms (cache miss)
4219 silly packumentCache full:https://registry.npmjs.org/lightningcss-freebsd-x64 set size:undefined disposed:false
4220 http fetch GET 200 https://registry.npmjs.org/lightningcss-linux-x64-musl 38ms (cache miss)
4221 silly packumentCache full:https://registry.npmjs.org/lightningcss-linux-x64-musl set size:undefined disposed:false
4222 http fetch GET 200 https://registry.npmjs.org/lightningcss-android-arm64 32ms (cache miss)
4223 silly packumentCache full:https://registry.npmjs.org/lightningcss-android-arm64 set size:undefined disposed:false
4224 silly placeDep ROOT lightningcss-android-arm64@1.33.0 OK for: lightningcss@1.33.0 want: 1.33.0
4225 silly placeDep ROOT lightningcss-darwin-arm64@1.33.0 OK for: lightningcss@1.33.0 want: 1.33.0
4226 silly placeDep ROOT lightningcss-darwin-x64@1.33.0 OK for: lightningcss@1.33.0 want: 1.33.0
4227 silly placeDep ROOT lightningcss-freebsd-x64@1.33.0 OK for: lightningcss@1.33.0 want: 1.33.0
4228 silly placeDep ROOT lightningcss-linux-arm-gnueabihf@1.33.0 OK for: lightningcss@1.33.0 want: 1.33.0
4229 silly placeDep ROOT lightningcss-linux-arm64-gnu@1.33.0 OK for: lightningcss@1.33.0 want: 1.33.0
4230 silly placeDep ROOT lightningcss-linux-arm64-musl@1.33.0 OK for: lightningcss@1.33.0 want: 1.33.0
4231 silly placeDep ROOT lightningcss-linux-x64-gnu@1.33.0 OK for: lightningcss@1.33.0 want: 1.33.0
4232 silly placeDep ROOT lightningcss-linux-x64-musl@1.33.0 OK for: lightningcss@1.33.0 want: 1.33.0
4233 silly placeDep ROOT lightningcss-win32-arm64-msvc@1.33.0 OK for: lightningcss@1.33.0 want: 1.33.0
4234 silly placeDep ROOT lightningcss-win32-x64-msvc@1.33.0 OK for: lightningcss@1.33.0 want: 1.33.0
4235 silly fetch manifest msw@^2.4.9
4236 silly packumentCache full:https://registry.npmjs.org/msw cache-miss
4237 http fetch GET 200 https://registry.npmjs.org/msw 61ms (cache miss)
4238 silly packumentCache full:https://registry.npmjs.org/msw set size:undefined disposed:false
4239 silly fetch manifest typescript@>= 4.8.x
4240 silly packumentCache full:https://registry.npmjs.org/typescript cache-miss
4241 http cache https://registry.npmjs.org/typescript 26ms (cache hit)
4242 silly packumentCache full:https://registry.npmjs.org/typescript set size:15753183 disposed:false
4243 silly fetch manifest @types/node@^20.0.0 || ^22.0.0 || >=24.0.0
4244 silly packumentCache full:https://registry.npmjs.org/@types%2fnode cache-miss
4245 http cache https://registry.npmjs.org/@types%2fnode 28ms (cache hit)
4246 silly packumentCache full:https://registry.npmjs.org/@types%2fnode set size:11171832 disposed:false
4247 silly fetch manifest vitest@*
4248 silly packumentCache full:https://registry.npmjs.org/vitest cache-miss
4249 http cache https://registry.npmjs.org/vitest 52ms (cache hit)
4250 silly packumentCache full:https://registry.npmjs.org/vitest set size:2275010 disposed:false
4251 silly fetch manifest vitest@4.1.11
4252 silly packumentCache full:https://registry.npmjs.org/vitest cache-miss
4253 http cache https://registry.npmjs.org/vitest 5ms (cache hit)
4254 silly packumentCache full:https://registry.npmjs.org/vitest set size:2275010 disposed:false
4255 silly fetch manifest @vitest/coverage-v8@4.1.11
4256 silly packumentCache full:https://registry.npmjs.org/@vitest%2fcoverage-v8 cache-hit
4257 silly fetch manifest esbuild@^0.27.0 || ^0.28.0
4258 silly packumentCache full:https://registry.npmjs.org/esbuild cache-miss
4259 http cache https://registry.npmjs.org/esbuild 6ms (cache hit)
4260 silly packumentCache full:https://registry.npmjs.org/esbuild set size:1264676 disposed:false
4261 silly fetch manifest less@^4.0.0
4262 silly packumentCache full:https://registry.npmjs.org/less cache-miss
4263 http cache https://registry.npmjs.org/less 3ms (cache hit)
4264 silly packumentCache full:https://registry.npmjs.org/less set size:577855 disposed:false
4265 silly fetch manifest sass@^1.70.0
4266 silly packumentCache full:https://registry.npmjs.org/sass cache-hit
4267 silly fetch manifest sass-embedded@^1.70.0
4268 silly packumentCache full:https://registry.npmjs.org/sass-embedded cache-miss
4269 http cache https://registry.npmjs.org/sass-embedded 2ms (cache hit)
4270 silly packumentCache full:https://registry.npmjs.org/sass-embedded set size:445832 disposed:false
4271 silly fetch manifest postcss@^8.3.3
4272 silly packumentCache full:https://registry.npmjs.org/postcss cache-hit
4273 silly placeDep ROOT @vitest/expect@4.1.11 OK for: vitest@4.1.11 want: 4.1.11
4274 silly placeDep ROOT @vitest/mocker@4.1.11 OK for: vitest@4.1.11 want: 4.1.11
4275 silly placeDep ROOT @vitest/runner@4.1.11 OK for: vitest@4.1.11 want: 4.1.11
4276 silly placeDep ROOT @vitest/snapshot@4.1.11 OK for: vitest@4.1.11 want: 4.1.11
4277 silly placeDep ROOT @vitest/spy@4.1.11 OK for: vitest@4.1.11 want: 4.1.11
4278 silly placeDep ROOT es-module-lexer@2.3.2 OK for: vitest@4.1.11 want: ^2.0.0
4279 silly placeDep ROOT expect-type@1.4.0 OK for: vitest@4.1.11 want: ^1.3.0
4280 silly placeDep node_modules/vitest magic-string@0.30.21 OK for: vitest@4.1.11 want: ^0.30.21
4281 silly placeDep ROOT pathe@2.0.3 OK for: vitest@4.1.11 want: ^2.0.3
4282 silly placeDep ROOT tinybench@2.9.0 OK for: vitest@4.1.11 want: ^2.9.0
4283 silly placeDep ROOT tinyexec@1.3.1 OK for: vitest@4.1.11 want: ^1.0.2
4284 silly placeDep ROOT why-is-node-running@2.3.0 OK for: vitest@4.1.11 want: ^2.3.0
4285 silly fetch manifest chai@^6.2.2
4286 silly packumentCache full:https://registry.npmjs.org/chai cache-miss
4287 silly fetch manifest @types/chai@^5.2.2
4288 silly packumentCache full:https://registry.npmjs.org/@types%2fchai cache-miss
4289 silly fetch manifest siginfo@^2.0.0
4290 silly packumentCache full:https://registry.npmjs.org/siginfo cache-miss
4291 http fetch GET 200 https://registry.npmjs.org/siginfo 26ms (cache miss)
4292 silly packumentCache full:https://registry.npmjs.org/siginfo set size:undefined disposed:false
4293 silly fetch manifest stackback@0.0.2
4294 silly packumentCache full:https://registry.npmjs.org/stackback cache-miss
4295 http fetch GET 200 https://registry.npmjs.org/chai 40ms (cache miss)
4296 silly packumentCache full:https://registry.npmjs.org/chai set size:undefined disposed:false
4297 http fetch GET 200 https://registry.npmjs.org/@types%2fchai 43ms (cache miss)
4298 silly packumentCache full:https://registry.npmjs.org/@types%2fchai set size:undefined disposed:false
4299 http fetch GET 200 https://registry.npmjs.org/stackback 25ms (cache miss)
4300 silly packumentCache full:https://registry.npmjs.org/stackback set size:undefined disposed:false
4301 silly placeDep ROOT @types/chai@5.2.3 OK for: @vitest/expect@4.1.11 want: ^5.2.2
4302 silly placeDep ROOT chai@6.3.0 OK for: @vitest/expect@4.1.11 want: ^6.2.2
4303 silly fetch manifest @types/deep-eql@*
4304 silly packumentCache full:https://registry.npmjs.org/@types%2fdeep-eql cache-miss
4305 silly fetch manifest assertion-error@^2.0.1
4306 silly packumentCache full:https://registry.npmjs.org/assertion-error cache-miss
4307 http fetch GET 200 https://registry.npmjs.org/assertion-error 34ms (cache miss)
4308 silly packumentCache full:https://registry.npmjs.org/assertion-error set size:undefined disposed:false
4309 http fetch GET 200 https://registry.npmjs.org/@types%2fdeep-eql 38ms (cache miss)
4310 silly packumentCache full:https://registry.npmjs.org/@types%2fdeep-eql set size:undefined disposed:false
4311 silly placeDep ROOT @types/deep-eql@4.0.2 OK for: @types/chai@5.2.3 want: *
4312 silly placeDep ROOT assertion-error@2.0.1 OK for: @types/chai@5.2.3 want: ^2.0.1
4313 silly placeDep node_modules/@vitest/mocker magic-string@0.30.21 OK for: @vitest/mocker@4.1.11 want: ^0.30.21
4314 silly placeDep node_modules/@vitest/snapshot magic-string@0.30.21 OK for: @vitest/snapshot@4.1.11 want: ^0.30.21
4315 silly placeDep ROOT tr46@6.0.0 OK for: whatwg-url@16.0.1 want: ^6.0.0
4316 silly placeDep ROOT isexe@2.0.0 OK for: which@2.0.2 want: ^2.0.0
4317 silly placeDep ROOT siginfo@2.0.0 OK for: why-is-node-running@2.3.0 want: ^2.0.0
4318 silly placeDep ROOT stackback@0.0.2 OK for: why-is-node-running@2.3.0 want: 0.0.2
4319 silly placeDep node_modules/wrap-ansi ansi-styles@6.2.3 OK for: wrap-ansi@10.0.2 want: ^6.2.3
4320 silly placeDep ROOT cliui@9.0.1 OK for: yargs@18.1.0 want: ^9.0.1
4321 silly placeDep ROOT get-caller-file@2.0.5 OK for: yargs@18.1.0 want: ^2.0.5
4322 silly placeDep ROOT y18n@5.0.8 OK for: yargs@18.1.0 want: ^5.0.5
4323 silly placeDep ROOT yargs-parser@22.0.0 OK for: yargs@18.1.0 want: ^22.0.0
4324 silly fetch manifest string-width@^7.2.0
4325 silly packumentCache full:https://registry.npmjs.org/string-width cache-hit
4326 silly fetch manifest wrap-ansi@^9.0.0
4327 silly packumentCache full:https://registry.npmjs.org/wrap-ansi cache-hit
4328 silly placeDep node_modules/cliui string-width@7.2.0 OK for: cliui@9.0.1 want: ^7.2.0
4329 silly placeDep node_modules/cliui wrap-ansi@9.0.2 OK for: cliui@9.0.1 want: ^9.0.0
4330 silly fetch manifest emoji-regex@^10.3.0
4331 silly packumentCache full:https://registry.npmjs.org/emoji-regex cache-hit
4332 silly fetch manifest ansi-styles@^6.2.1
4333 silly packumentCache full:https://registry.npmjs.org/ansi-styles cache-hit
4334 silly placeDep ROOT use-sync-external-store@1.7.0 OK for: zustand@4.5.7 want: ^1.2.2
4335 silly placeDep ROOT react@19.3.0 OK for: use-sync-external-store@1.7.0 want: ^16.8.0 || ^17.0.0 || ^18.0.0 || ^19.0.0
4336 silly placeDep node_modules/@angular/compiler-cli/node_modules/@babel/core convert-source-map@2.0.0 OK for: @babel/core@8.0.1 want: ^2.0.0
4337 silly placeDep node_modules/@eslint/config-array brace-expansion@1.1.21 OK for: minimatch@3.1.5 want: ^1.1.7
4338 silly fetch manifest concat-map@0.0.1
4339 silly packumentCache full:https://registry.npmjs.org/concat-map cache-miss
4340 silly fetch manifest balanced-match@^1.0.0
4341 silly packumentCache full:https://registry.npmjs.org/balanced-match cache-hit
4342 http cache https://registry.npmjs.org/concat-map 2ms (cache hit)
4343 silly packumentCache full:https://registry.npmjs.org/concat-map set size:9290 disposed:false
4344 silly placeDep node_modules/@eslint/config-array balanced-match@1.0.2 OK for: brace-expansion@1.1.21 want: ^1.0.0
4345 silly placeDep ROOT concat-map@0.0.1 OK for: brace-expansion@1.1.21 want: 0.0.1
4346 silly placeDep ROOT fast-json-stable-stringify@2.1.0 OK for: ajv@6.15.0 want: ^2.0.0
4347 silly placeDep node_modules/@eslint/eslintrc json-schema-traverse@0.4.1 OK for: ajv@6.15.0 want: ^0.4.1
4348 silly placeDep node_modules/@eslint/eslintrc brace-expansion@1.1.21 OK for: minimatch@3.1.5 want: ^1.1.7
4349 silly placeDep node_modules/@eslint/eslintrc balanced-match@1.0.2 OK for: brace-expansion@1.1.21 want: ^1.0.0
4350 silly placeDep ROOT emoji-regex@10.6.0 OK for: string-width@7.2.0 want: ^10.3.0
4351 silly placeDep node_modules/cliui ansi-styles@6.2.3 OK for: wrap-ansi@9.0.2 want: ^6.2.1
4352 silly placeDep node_modules/esbuild-visualizer cliui@8.0.1 OK for: yargs@17.7.3 want: ^8.0.1
4353 silly placeDep ROOT require-directory@2.1.1 OK for: yargs@17.7.3 want: ^2.1.1
4354 silly placeDep node_modules/esbuild-visualizer string-width@4.2.3 OK for: yargs@17.7.3 want: ^4.2.3
4355 silly placeDep node_modules/esbuild-visualizer yargs-parser@21.1.1 OK for: yargs@17.7.3 want: ^21.1.1
4356 silly fetch manifest wrap-ansi@^7.0.0
4357 silly packumentCache full:https://registry.npmjs.org/wrap-ansi cache-hit
4358 silly placeDep node_modules/esbuild-visualizer strip-ansi@6.0.1 OK for: cliui@8.0.1 want: ^6.0.1
4359 silly placeDep node_modules/esbuild-visualizer wrap-ansi@7.0.0 OK for: cliui@8.0.1 want: ^7.0.0
4360 silly placeDep node_modules/esbuild-visualizer emoji-regex@8.0.0 OK for: string-width@4.2.3 want: ^8.0.0
4361 silly placeDep node_modules/esbuild-visualizer is-fullwidth-code-point@3.0.0 OK for: string-width@4.2.3 want: ^3.0.0
4362 silly placeDep node_modules/esbuild-visualizer ansi-regex@5.0.1 OK for: strip-ansi@6.0.1 want: ^5.0.1
4363 silly placeDep node_modules/eslint json-schema-traverse@0.4.1 OK for: ajv@6.15.0 want: ^0.4.1
4364 silly placeDep node_modules/eslint brace-expansion@1.1.21 OK for: minimatch@3.1.5 want: ^1.1.7
4365 silly placeDep node_modules/eslint balanced-match@1.0.2 OK for: brace-expansion@1.1.21 want: ^1.0.0
4366 silly placeDep node_modules/magicast @babel/helper-string-parser@7.29.7 OK for: @babel/types@7.29.8 want: ^7.29.7
4367 silly placeDep node_modules/magicast @babel/helper-validator-identifier@7.29.7 OK for: @babel/types@7.29.8 want: ^7.29.7
4368 silly placeDep node_modules/parse-json @babel/helper-validator-identifier@7.29.7 OK for: @babel/code-frame@7.29.7 want: ^7.29.7
4369 silly placeDep node_modules/parse-json js-tokens@4.0.0 OK for: @babel/code-frame@7.29.7 want: ^4.0.0
4370 silly placeDep node_modules/qrcode cliui@6.0.0 OK for: yargs@15.4.1 want: ^6.0.0
4371 silly placeDep ROOT decamelize@1.2.0 OK for: yargs@15.4.1 want: ^1.2.0
4372 silly placeDep node_modules/qrcode find-up@4.1.0 OK for: yargs@15.4.1 want: ^4.1.0
4373 silly placeDep ROOT require-main-filename@2.0.0 OK for: yargs@15.4.1 want: ^2.0.0
4374 silly placeDep ROOT set-blocking@2.0.0 OK for: yargs@15.4.1 want: ^2.0.0
4375 silly placeDep node_modules/qrcode string-width@4.2.3 OK for: yargs@15.4.1 want: ^4.2.0
4376 silly placeDep ROOT which-module@2.0.1 OK for: yargs@15.4.1 want: ^2.0.0
4377 silly placeDep node_modules/qrcode y18n@4.0.3 OK for: yargs@15.4.1 want: ^4.0.0
4378 silly placeDep node_modules/qrcode yargs-parser@18.1.3 OK for: yargs@15.4.1 want: ^18.1.2
4379 silly fetch manifest wrap-ansi@^6.2.0
4380 silly packumentCache full:https://registry.npmjs.org/wrap-ansi cache-hit
4381 silly fetch manifest strip-ansi@^6.0.0
4382 silly packumentCache full:https://registry.npmjs.org/strip-ansi cache-hit
4383 silly fetch manifest locate-path@^5.0.0
4384 silly packumentCache full:https://registry.npmjs.org/locate-path cache-hit
4385 silly fetch manifest camelcase@^5.0.0
4386 silly packumentCache full:https://registry.npmjs.org/camelcase cache-miss
4387 http cache https://registry.npmjs.org/camelcase 2ms (cache hit)
4388 silly packumentCache full:https://registry.npmjs.org/camelcase set size:60255 disposed:false
4389 silly placeDep node_modules/qrcode strip-ansi@6.0.1 OK for: cliui@6.0.0 want: ^6.0.0
4390 silly placeDep node_modules/qrcode wrap-ansi@6.2.0 OK for: cliui@6.0.0 want: ^6.2.0
4391 silly placeDep node_modules/qrcode locate-path@5.0.0 OK for: find-up@4.1.0 want: ^5.0.0
4392 silly fetch manifest p-locate@^4.1.0
4393 silly packumentCache full:https://registry.npmjs.org/p-locate cache-hit
4394 silly placeDep node_modules/qrcode p-locate@4.1.0 OK for: locate-path@5.0.0 want: ^4.1.0
4395 silly fetch manifest p-limit@^2.2.0
4396 silly packumentCache full:https://registry.npmjs.org/p-limit cache-hit
4397 silly placeDep node_modules/qrcode p-limit@2.3.0 OK for: p-locate@4.1.0 want: ^2.2.0
4398 silly fetch manifest p-try@^2.0.0
4399 silly packumentCache full:https://registry.npmjs.org/p-try cache-miss
4400 http cache https://registry.npmjs.org/p-try 1ms (cache hit)
4401 silly packumentCache full:https://registry.npmjs.org/p-try set size:13014 disposed:false
4402 silly placeDep ROOT p-try@2.2.0 OK for: p-limit@2.3.0 want: ^2.0.0
4403 silly placeDep node_modules/qrcode emoji-regex@8.0.0 OK for: string-width@4.2.3 want: ^8.0.0
4404 silly placeDep node_modules/qrcode is-fullwidth-code-point@3.0.0 OK for: string-width@4.2.3 want: ^3.0.0
4405 silly placeDep node_modules/qrcode ansi-regex@5.0.1 OK for: strip-ansi@6.0.1 want: ^5.0.1
4406 silly placeDep ROOT camelcase@5.3.1 OK for: yargs-parser@18.1.3 want: ^5.0.0
4407 silly placeDep node_modules/stylelint flat-cache@6.1.23 OK for: file-entry-cache@11.1.5 want: ^6.1.23
4408 silly fetch manifest cacheable@^2.5.0
4409 silly packumentCache full:https://registry.npmjs.org/cacheable cache-miss
4410 silly fetch manifest hookified@^1.15.0
4411 silly packumentCache full:https://registry.npmjs.org/hookified cache-miss
4412 http fetch GET 200 https://registry.npmjs.org/cacheable 26ms (cache miss)
4413 silly packumentCache full:https://registry.npmjs.org/cacheable set size:undefined disposed:false
4414 http fetch GET 200 https://registry.npmjs.org/hookified 47ms (cache miss)
4415 silly packumentCache full:https://registry.npmjs.org/hookified set size:undefined disposed:false
4416 silly placeDep ROOT cacheable@2.5.0 OK for: flat-cache@6.1.23 want: ^2.5.0
4417 silly placeDep ROOT hookified@1.15.1 OK for: flat-cache@6.1.23 want: ^1.15.0
4418 silly fetch manifest keyv@^5.6.0
4419 silly packumentCache full:https://registry.npmjs.org/keyv cache-hit
4420 silly fetch manifest qified@^0.10.1
4421 silly packumentCache full:https://registry.npmjs.org/qified cache-miss
4422 silly fetch manifest @cacheable/utils@^2.5.0
4423 silly packumentCache full:https://registry.npmjs.org/@cacheable%2futils cache-miss
4424 silly fetch manifest @cacheable/memory@^2.2.0
4425 silly packumentCache full:https://registry.npmjs.org/@cacheable%2fmemory cache-miss
4426 http fetch GET 200 https://registry.npmjs.org/qified 32ms (cache miss)
4427 silly packumentCache full:https://registry.npmjs.org/qified set size:undefined disposed:false
4428 http fetch GET 200 https://registry.npmjs.org/@cacheable%2futils 37ms (cache miss)
4429 silly packumentCache full:https://registry.npmjs.org/@cacheable%2futils set size:undefined disposed:false
4430 http fetch GET 200 https://registry.npmjs.org/@cacheable%2fmemory 51ms (cache miss)
4431 silly packumentCache full:https://registry.npmjs.org/@cacheable%2fmemory set size:undefined disposed:false
4432 silly placeDep ROOT @cacheable/memory@2.2.0 OK for: cacheable@2.5.0 want: ^2.2.0
4433 silly placeDep ROOT @cacheable/utils@2.5.0 OK for: cacheable@2.5.0 want: ^2.5.0
4434 silly placeDep node_modules/cacheable keyv@5.6.0 OK for: cacheable@2.5.0 want: ^5.6.0
4435 silly placeDep ROOT qified@0.10.1 OK for: cacheable@2.5.0 want: ^0.10.1
4436 silly fetch manifest @keyv/bigmap@^1.3.1
4437 silly packumentCache full:https://registry.npmjs.org/@keyv%2fbigmap cache-miss
4438 silly fetch manifest hashery@^1.5.1
4439 silly packumentCache full:https://registry.npmjs.org/hashery cache-miss
4440 silly fetch manifest @keyv/serialize@^1.1.1
4441 silly packumentCache full:https://registry.npmjs.org/@keyv%2fserialize cache-miss
4442 http fetch GET 200 https://registry.npmjs.org/hashery 25ms (cache miss)
4443 silly packumentCache full:https://registry.npmjs.org/hashery set size:undefined disposed:false
4444 silly fetch manifest hookified@^2.1.1
4445 silly packumentCache full:https://registry.npmjs.org/hookified cache-miss
4446 http cache https://registry.npmjs.org/hookified 1ms (cache hit)
4447 silly packumentCache full:https://registry.npmjs.org/hookified set size:167463 disposed:false
4448 http fetch GET 200 https://registry.npmjs.org/@keyv%2fbigmap 42ms (cache miss)
4449 silly packumentCache full:https://registry.npmjs.org/@keyv%2fbigmap set size:undefined disposed:false
4450 http fetch GET 200 https://registry.npmjs.org/@keyv%2fserialize 46ms (cache miss)
4451 silly packumentCache full:https://registry.npmjs.org/@keyv%2fserialize set size:undefined disposed:false
4452 silly placeDep node_modules/@cacheable/memory @keyv/bigmap@1.3.1 OK for: @cacheable/memory@2.2.0 want: ^1.3.1
4453 silly placeDep node_modules/@cacheable/memory keyv@5.6.0 OK for: @keyv/bigmap@1.3.1 want: ^5.6.0
4454 silly fetch manifest hashery@^1.4.0
4455 silly packumentCache full:https://registry.npmjs.org/hashery cache-miss
4456 http cache https://registry.npmjs.org/hashery 1ms (cache hit)
4457 silly packumentCache full:https://registry.npmjs.org/hashery set size:32683 disposed:false
4458 silly placeDep ROOT hashery@1.5.1 OK for: @cacheable/utils@2.5.0 want: ^1.5.1
4459 silly placeDep node_modules/@cacheable/utils keyv@5.6.0 OK for: @cacheable/utils@2.5.0 want: ^5.6.0
4460 silly placeDep node_modules/qified hookified@2.2.0 OK for: qified@0.10.1 want: ^2.1.1
4461 silly placeDep ROOT @keyv/serialize@1.1.1 OK for: keyv@5.6.0 want: ^1.1.1
4462 silly placeDep node_modules/stylelint emoji-regex@8.0.0 OK for: string-width@4.2.3 want: ^8.0.0
4463 silly placeDep node_modules/stylelint is-fullwidth-code-point@3.0.0 OK for: string-width@4.2.3 want: ^3.0.0
4464 silly placeDep node_modules/stylelint strip-ansi@6.0.1 OK for: string-width@4.2.3 want: ^6.0.1
4465 silly placeDep node_modules/stylelint ansi-regex@5.0.1 OK for: strip-ansi@6.0.1 want: ^5.0.1
4466 silly placeDep ROOT astral-regex@2.0.0 OK for: slice-ansi@4.0.0 want: ^2.0.0
4467 silly placeDep node_modules/table is-fullwidth-code-point@3.0.0 OK for: slice-ansi@4.0.0 want: ^3.0.0
4468 silly placeDep node_modules/table emoji-regex@8.0.0 OK for: string-width@4.2.3 want: ^8.0.0
4469 silly placeDep node_modules/table ansi-regex@5.0.1 OK for: strip-ansi@6.0.1 want: ^5.0.1
4470 silly reify moves {}
4471 silly audit bulk request {
4471 silly audit   '@angular/animations': [ '22.2.1' ],
4471 silly audit   '@angular/core': [ '22.2.1' ],
4471 silly audit   rxjs: [ '7.8.2' ],
4471 silly audit   '@angular/build': [ '22.2.1' ],
4471 silly audit   tslib: [ '2.8.1' ],
4471 silly audit   typescript: [ '6.0.3' ],
4471 silly audit   '@angular/compiler': [ '22.2.1' ],
4471 silly audit   '@angular/compiler-cli': [ '22.2.1' ],
4471 silly audit   '@angular/cdk': [ '22.2.1' ],
4471 silly audit   '@angular/forms': [ '22.2.1' ],
4471 silly audit   '@angular/common': [ '22.2.1' ],
4471 silly audit   '@angular/platform-browser': [ '22.2.1' ],
4471 silly audit   '@angular/cli': [ '22.2.1' ],
4471 silly audit   '@angular/language-service': [ '22.2.1' ],
4471 silly audit   '@angular/material': [ '22.2.1' ],
4471 silly audit   '@angular/router': [ '22.2.1' ],
4471 silly audit   '@codemirror/lang-javascript': [ '6.2.5' ],
4471 silly audit   '@codemirror/lang-json': [ '6.0.2' ],
4471 silly audit   '@codemirror/lang-yaml': [ '6.1.3' ],
4471 silly audit   '@codemirror/merge': [ '6.12.2' ],
4471 silly audit   '@cyclonedx/cyclonedx-esbuild': [ '1.4.4' ],
4471 silly audit   '@eslint/js': [ '9.33.0', '9.39.5' ],
4471 silly audit   '@fortawesome/fontawesome-svg-core': [ '1.2.36' ],
4471 silly audit   '@fortawesome/free-brands-svg-icons': [ '5.15.4' ],
4471 silly audit   '@fortawesome/free-regular-svg-icons': [ '5.15.4' ],
4471 silly audit   '@fortawesome/free-solid-svg-icons': [ '5.15.4' ],
4471 silly audit   '@ngx-translate/core': [ '17.0.0' ],
4471 silly audit   '@ngx-translate/http-loader': [ '17.0.0' ],
4471 silly audit   '@types/express-serve-static-core': [ '4.19.9' ],
4471 silly audit   '@types/jwt-decode': [ '2.2.1' ],
4471 silly audit   '@types/node': [ '20.19.43' ],
4471 silly audit   '@types/socket.io-client': [ '1.4.36' ],
4471 silly audit   '@vitest/coverage-v8': [ '4.1.11' ],
4471 silly audit   vitest: [ '4.1.11' ],
4471 silly audit   '@wagmi/core': [ '0.5.8' ],
4471 silly audit   ethers: [ '5.8.0' ],
4471 silly audit   'angular-eslint': [ '22.5.0' ],
4471 silly audit   eslint: [ '9.39.5' ],
4471 silly audit   'typescript-eslint': [ '8.71.0' ],
4471 silly audit   'angularx-qrcode': [ '21.0.5' ],
4471 silly audit   'canvas-confetti': [ '1.9.4' ],
4471 silly audit   codemirror: [ '6.0.2' ],
4471 silly audit   cookieconsent: [ '3.1.1' ],
4471 silly audit   'esbuild-visualizer': [ '0.7.0' ],
4471 silly audit   'flag-icons': [ '6.15.0' ],
4471 silly audit   'font-mfizz': [ '2.4.1' ],
4471 silly audit   jsdom: [ '29.1.1' ],
4471 silly audit   'jwt-decode': [ '4.0.0' ],
4471 silly audit   'lodash-es': [ '4.18.1' ],
4471 silly audit   'material-icons': [ '1.13.14' ],
4471 silly audit   'ng-gallery': [ '12.0.0' ],
4471 silly audit   'ng2-file-upload': [ '10.0.0' ],
4471 silly audit   'ngx-window-token': [ '7.0.0' ],
4471 silly audit   'ngy-cookie': [ '6.0.1000' ],
4471 silly audit   sass: [ '1.105.1', '1.104.1' ],
4471 silly audit   snarkdown: [ '1.2.2' ],
4471 silly audit   'socket.io-client': [ '3.1.3' ],
4471 silly audit   'solidity-browser-compiler': [ '1.1.0' ],
4471 silly audit   stylelint: [ '16.26.1' ],
4471 silly audit   'stylelint-config-sass-guidelines': [ '12.1.0' ],
4471 silly audit   postcss: [ '8.5.28' ],
4471 silly audit   'stylelint-scss': [ '6.14.0' ],
4471 silly audit   'zone.js': [ '0.15.1' ],
4471 silly audit   '@ampproject/remapping': [ '2.3.0' ],
4471 silly audit   '@angular-devkit/architect': [ '0.2202.1' ],
4471 silly audit   '@babel/core': [ '8.0.5', '8.0.1' ],
4471 silly audit   '@inquirer/confirm': [ '6.3.2' ],
4471 silly audit   '@parcel/watcher': [ '2.6.0' ],
4471 silly audit   '@vitejs/plugin-basic-ssl': [ '2.3.0' ],
4471 silly audit   vite: [ '8.3.0' ],
4471 silly audit   beasties: [ '0.5.4' ],
4471 silly audit   browserslist: [ '4.29.3' ],
4471 silly audit   chokidar: [ '5.0.0' ],
4471 silly audit   esbuild: [ '0.28.2' ],
4471 silly audit   'https-proxy-agent': [ '9.1.0' ],
4471 silly audit   'jsonc-parser': [ '3.3.1' ],
4471 silly audit   listr2: [ '11.1.0' ],
4471 silly audit   lmdb: [ '3.5.6' ],
4471 silly audit   'magic-string': [ '1.4.1', '0.30.21' ],
4471 silly audit   mrmime: [ '2.0.1' ],
4471 silly audit   'oxc-parser': [ '0.150.0' ],
4471 silly audit   'parse5-html-rewriting-stream': [ '8.0.1' ],
4471 silly audit   picomatch: [ '4.0.7', '2.3.2' ],
4471 silly audit   piscina: [ '5.3.2' ],
4471 silly audit   rolldown: [ '1.2.8' ],
4471 silly audit   'sass-embedded': [ '1.104.1' ],
4471 silly audit   semver: [ '7.8.5' ],
4471 silly audit   'source-map-support': [ '0.5.21' ],
4471 silly audit   tinyglobby: [ '0.2.17' ],
4471 silly audit   'xxhash-wasm': [ '1.1.0' ],
4471 silly audit   '@jridgewell/gen-mapping': [ '0.3.13', '0.4.0-beta.0' ],
4471 silly audit   '@jridgewell/trace-mapping': [ '0.3.31' ],
4471 silly audit   '@angular-devkit/core': [ '22.2.1' ],
4471 silly audit   ajv: [ '8.20.0', '6.15.0' ],
4471 silly audit   'ajv-formats': [ '3.0.1' ],
4471 silly audit   'source-map': [ '0.8.0', '0.6.1' ],
4471 silly audit   parse5: [ '8.0.1' ],
4471 silly audit   '@angular-devkit/schematics': [ '22.2.1' ],
4471 silly audit   '@inquirer/prompts': [ '8.7.2' ],
4471 silly audit   '@listr2/prompt-adapter-inquirer': [ '4.2.7' ],
4471 silly audit   '@modelcontextprotocol/server': [ '2.0.0' ],
4471 silly audit   '@schematics/angular': [ '22.2.1' ],
4471 silly audit   'npm-package-arg': [ '14.0.0' ],
4471 silly audit   yargs: [ '18.1.0', '17.7.3', '15.4.1' ],
4471 silly audit   zod: [ '4.6.5' ],
4471 silly audit   ora: [ '9.4.1' ],
4471 silly audit   '@jridgewell/sourcemap-codec': [ '1.6.0' ],
4471 silly audit   'convert-source-map': [ '1.9.0', '2.0.0' ],
4471 silly audit   'reflect-metadata': [ '0.2.2' ],
4471 silly audit   '@standard-schema/spec': [ '1.1.0' ],
4471 silly audit   '@babel/code-frame': [ '8.0.6', '7.29.7' ],
4471 silly audit   '@babel/generator': [ '8.0.6' ],
4471 silly audit   '@babel/helper-compilation-targets': [ '8.0.6' ],
4471 silly audit   '@babel/helpers': [ '8.0.5' ],
4471 silly audit   '@babel/parser': [ '8.0.6', '7.29.9' ],
4471 silly audit   '@babel/template': [ '8.0.0' ],
4471 silly audit   '@babel/traverse': [ '8.0.6' ],
4471 silly audit   '@babel/types': [ '8.0.6', '7.29.8' ],
4471 silly audit   '@types/gensync': [ '1.0.5' ],
4471 silly audit   empathic: [ '2.1.0' ],
4471 silly audit   gensync: [ '1.0.0-beta.2' ],
4471 silly audit   'import-meta-resolve': [ '4.2.0' ],
4471 silly audit   json5: [ '2.2.3' ],
4471 silly audit   obug: [ '2.2.1' ],
4471 silly audit   verkit: [ '0.3.2' ],
4471 silly audit   '@babel/helper-validator-identifier': [ '8.0.6', '7.29.7' ],
4471 silly audit   'js-tokens': [ '10.0.0', '4.0.0' ],
4471 silly audit   '@types/jsesc': [ '2.5.1' ],
4471 silly audit   jsesc: [ '3.1.0' ],
4471 silly audit   '@babel/compat-data': [ '8.0.5' ],
4471 silly audit   '@babel/helper-validator-option': [ '8.0.0' ],
4471 silly audit   flru: [ '1.0.2' ],
4471 silly audit   '@babel/helper-globals': [ '8.0.6' ],
4471 silly audit   '@babel/helper-string-parser': [ '8.0.6', '7.29.7' ],
4471 silly audit   '@codemirror/autocomplete': [ '6.20.3' ],
4471 silly audit   '@codemirror/language': [ '6.12.4' ],
4471 silly audit   '@codemirror/lint': [ '6.9.7' ],
4471 silly audit   '@codemirror/state': [ '6.7.6' ],
4471 silly audit   '@codemirror/view': [ '6.43.13' ],
4471 silly audit   '@lezer/common': [ '1.5.3' ],
4471 silly audit   '@lezer/javascript': [ '1.5.6' ],
4471 silly audit   '@lezer/json': [ '1.0.3' ],
4471 silly audit   '@lezer/highlight': [ '1.2.5' ],
4471 silly audit   '@lezer/lr': [ '1.4.10' ],
4471 silly audit   '@lezer/yaml': [ '1.0.4' ],
4471 silly audit   'style-mod': [ '4.1.4' ],
4471 silly audit   crelt: [ '1.0.7' ],
4471 silly audit   '@marijn/find-cluster-break': [ '1.0.4' ],
4471 silly audit   'w3c-keyname': [ '2.2.8' ],
4471 silly audit   '@cyclonedx/cyclonedx-library': [ '10.3.0' ],
4471 silly audit   'ajv-formats-draft2019': [ '1.6.1' ],
4471 silly audit   commander: [ '14.0.3', '2.20.3' ],
4471 silly audit   'normalize-package-data': [ '8.0.0' ],
4471 silly audit   'packageurl-js': [ '2.0.1' ],
4471 silly audit   'spdx-expression-parse': [ '4.0.0', '3.0.1' ],
4471 silly audit   '@fortawesome/fontawesome-common-types': [ '0.2.36' ],
4471 silly audit   '@inquirer/core': [ '12.0.3' ],
4471 silly audit   '@inquirer/type': [ '4.1.1' ],
4471 silly audit   '@inquirer/ansi': [ '2.0.8' ],
4471 silly audit   '@inquirer/figures': [ '2.0.9' ],
4471 silly audit   'cli-width': [ '4.1.0' ],
4471 silly audit   'fast-wrap-ansi': [ '0.2.2' ],
4471 silly audit   'mute-stream': [ '3.0.0' ],
4471 silly audit   'signal-exit': [ '4.1.0' ],
4471 silly audit   '@inquirer/checkbox': [ '5.2.5' ],
4471 silly audit   '@inquirer/editor': [ '5.3.3' ],
4471 silly audit   '@inquirer/expand': [ '5.1.5' ],
4471 silly audit   '@inquirer/input': [ '5.1.6' ],
4471 silly audit   '@inquirer/number': [ '4.2.3' ],
4471 silly audit   '@inquirer/password': [ '5.2.2' ],
4471 silly audit   '@inquirer/rawlist': [ '5.3.5' ],
4471 silly audit   '@inquirer/search': [ '4.3.3' ],
4471 silly audit   '@inquirer/select': [ '5.2.5' ],
4471 silly audit   '@inquirer/external-editor': [ '3.0.5' ],
4471 silly audit   chardet: [ '2.2.0' ],
4471 silly audit   'iconv-lite': [ '0.7.3' ],
4471 silly audit   '@jridgewell/resolve-uri': [ '3.1.2' ],
4471 silly audit   '@modelcontextprotocol/core': [ '2.0.0' ],
4471 silly audit   '@parcel/watcher-android-arm64': [ '2.6.0' ],
4471 silly audit   '@parcel/watcher-darwin-arm64': [ '2.6.0' ],
4471 silly audit   '@parcel/watcher-darwin-x64': [ '2.6.0' ],
4471 silly audit   '@parcel/watcher-freebsd-x64': [ '2.6.0' ],
4471 silly audit   '@parcel/watcher-linux-arm-glibc': [ '2.6.0' ],
4471 silly audit   '@parcel/watcher-linux-arm-musl': [ '2.6.0' ],
4471 silly audit   '@parcel/watcher-linux-arm64-glibc': [ '2.6.0' ],
4471 silly audit   '@parcel/watcher-linux-arm64-musl': [ '2.6.0' ],
4471 silly audit   '@parcel/watcher-linux-x64-glibc': [ '2.6.0' ],
4471 silly audit   '@parcel/watcher-linux-x64-musl': [ '2.6.0' ],
4471 silly audit   '@parcel/watcher-win32-arm64': [ '2.6.0' ],
4471 silly audit   '@parcel/watcher-win32-x64': [ '2.6.0' ],
4471 silly audit   'detect-libc': [ '2.1.2' ],
4471 silly audit   'is-glob': [ '4.0.3' ],
4471 silly audit   'node-addon-api': [ '7.1.1', '6.1.0' ],
4471 silly audit   '@types/qs': [ '6.15.1' ],
4471 silly audit   '@types/range-parser': [ '1.2.7' ],
4471 silly audit   '@types/send': [ '1.2.1' ],
4471 silly audit   'undici-types': [ '6.21.0' ],
4471 silly audit   '@bcoe/v8-coverage': [ '1.0.2' ],
4471 silly audit   '@vitest/utils': [ '4.1.11' ],
4471 silly audit   'ast-v8-to-istanbul': [ '1.0.7' ],
4471 silly audit   'istanbul-lib-coverage': [ '3.2.2' ],
4471 silly audit   'istanbul-lib-report': [ '3.0.1' ],
4471 silly audit   'istanbul-reports': [ '3.2.0' ],
4471 silly audit   magicast: [ '0.5.5' ],
4471 silly audit   'std-env': [ '4.3.0' ],
4471 silly audit   tinyrainbow: [ '3.2.0' ],
4471 silly audit   '@vitest/pretty-format': [ '4.1.11' ],
4471 silly audit   eventemitter3: [ '4.0.7' ],
4471 silly audit   zustand: [ '4.5.7' ],
4471 silly audit   'fast-deep-equal': [ '3.1.3' ],
4471 silly audit   'fast-uri': [ '3.1.8' ],
4471 silly audit   'json-schema-traverse': [ '1.0.0', '0.4.1' ],
4471 silly audit   'require-from-string': [ '2.0.2' ],
4471 silly audit   punycode: [ '2.3.1' ],
4471 silly audit   schemes: [ '1.4.0' ],
4471 silly audit   'smtp-address-parser': [ '1.1.0' ],
4471 silly audit   'uri-js': [ '4.4.1' ],
4471 silly audit   '@angular-eslint/builder': [ '22.5.0' ],
4471 silly audit   '@angular-eslint/eslint-plugin': [ '22.5.0' ],
4471 silly audit   '@typescript-eslint/utils': [ '8.71.0' ],
4471 silly audit   '@angular-eslint/eslint-plugin-template': [ '22.5.0' ],
4471 silly audit   '@typescript-eslint/types': [ '8.71.0' ],
4471 silly audit   '@angular-eslint/template-parser': [ '22.5.0' ],
4471 silly audit   '@angular-eslint/schematics': [ '22.5.0' ],
4471 silly audit   '@angular-eslint/bundled-angular-compiler': [ '22.5.0' ],
4471 silly audit   '@angular-eslint/utils': [ '22.5.0' ],
4471 silly audit   'ts-api-utils': [ '2.5.0' ],
4471 silly audit   'aria-query': [ '5.3.2' ],
4471 silly audit   'axobject-query': [ '4.1.0' ],
4471 silly audit   ignore: [ '7.0.8', '5.3.2' ],
4471 silly audit   'strip-json-comments': [ '3.1.1' ],
4471 silly audit   'eslint-scope': [ '9.1.2', '8.4.0' ],
4471 silly audit   '@eslint-community/eslint-utils': [ '4.10.1' ],
4471 silly audit   '@typescript-eslint/scope-manager': [ '8.71.0' ],
4471 silly audit   '@typescript-eslint/typescript-estree': [ '8.71.0' ],
4471 silly audit   'eslint-visitor-keys': [ '3.4.3', '5.0.1', '4.2.1' ],
4471 silly audit   '@typescript-eslint/visitor-keys': [ '8.71.0' ],
4471 silly audit   '@typescript-eslint/project-service': [ '8.71.0' ],
4471 silly audit   '@typescript-eslint/tsconfig-utils': [ '8.71.0' ],
4471 silly audit   debug: [ '4.4.3', '4.3.7' ],
4471 silly audit   minimatch: [ '10.2.6', '3.1.5' ],
4471 silly audit   qrcode: [ '1.5.4' ],
4471 silly audit   'estree-walker': [ '3.0.3' ],
4471 silly audit   'css-select': [ '7.0.0' ],
4471 silly audit   'css-what': [ '8.0.0' ],
4471 silly audit   'dom-serializer': [ '3.1.1' ],
4471 silly audit   domhandler: [ '6.0.1' ],
4471 silly audit   htmlparser2: [ '12.0.0' ],
4471 silly audit   picocolors: [ '1.1.1' ],
4471 silly audit   'postcss-media-query-parser': [ '0.2.3' ],
4471 silly audit   'postcss-safe-parser': [ '7.1.0' ],
4471 silly audit   'baseline-browser-mapping': [ '2.11.27' ],
4471 silly audit   'caniuse-lite': [ '1.0.30001814' ],
4471 silly audit   'electron-to-chromium': [ '1.5.444' ],
4471 silly audit   'node-releases': [ '2.0.57' ],
4471 silly audit   'update-browserslist-db': [ '1.3.3' ],
4471 silly audit   readdirp: [ '5.1.1' ],
4471 silly audit   '@codemirror/commands': [ '6.11.1' ],
4471 silly audit   '@codemirror/search': [ '6.7.2' ],
4471 silly audit   boolbase: [ '2.0.0' ],
4471 silly audit   domutils: [ '4.0.2' ],
4471 silly audit   'nth-check': [ '3.0.1' ],
4471 silly audit   ms: [ '2.1.3' ],
4471 silly audit   domelementtype: [ '3.0.0' ],
4471 silly audit   entities: [ '8.1.0' ],
4471 silly audit   '@esbuild/aix-ppc64': [ '0.28.2' ],
4471 silly audit   '@esbuild/android-arm': [ '0.28.2' ],
4471 silly audit   '@esbuild/android-arm64': [ '0.28.2' ],
4471 silly audit   '@esbuild/android-x64': [ '0.28.2' ],
4471 silly audit   '@esbuild/darwin-arm64': [ '0.28.2' ],
4471 silly audit   '@esbuild/darwin-x64': [ '0.28.2' ],
4471 silly audit   '@esbuild/freebsd-arm64': [ '0.28.2' ],
4471 silly audit   '@esbuild/freebsd-x64': [ '0.28.2' ],
4471 silly audit   '@esbuild/linux-arm': [ '0.28.2' ],
4471 silly audit   '@esbuild/linux-arm64': [ '0.28.2' ],
4471 silly audit   '@esbuild/linux-ia32': [ '0.28.2' ],
4471 silly audit   '@esbuild/linux-loong64': [ '0.28.2' ],
4471 silly audit   '@esbuild/linux-mips64el': [ '0.28.2' ],
4471 silly audit   '@esbuild/linux-ppc64': [ '0.28.2' ],
4471 silly audit   '@esbuild/linux-riscv64': [ '0.28.2' ],
4471 silly audit   '@esbuild/linux-s390x': [ '0.28.2' ],
4471 silly audit   '@esbuild/linux-x64': [ '0.28.2' ],
4471 silly audit   '@esbuild/netbsd-arm64': [ '0.28.2' ],
4471 silly audit   '@esbuild/netbsd-x64': [ '0.28.2' ],
4471 silly audit   '@esbuild/openbsd-arm64': [ '0.28.2' ],
4471 silly audit   '@esbuild/openbsd-x64': [ '0.28.2' ],
4471 silly audit   '@esbuild/openharmony-arm64': [ '0.28.2' ],
4471 silly audit   '@esbuild/sunos-x64': [ '0.28.2' ],
4471 silly audit   '@esbuild/win32-arm64': [ '0.28.2' ],
4471 silly audit   '@esbuild/win32-ia32': [ '0.28.2' ],
4471 silly audit   '@esbuild/win32-x64': [ '0.28.2' ],
4471 silly audit   open: [ '8.4.2' ],
4471 silly audit   '@eslint-community/regexpp': [ '4.12.2' ],
4471 silly audit   '@eslint/config-array': [ '0.21.2' ],
4471 silly audit   '@eslint/config-helpers': [ '0.4.2' ],
4471 silly audit   '@eslint/core': [ '0.17.0' ],
4471 silly audit   '@eslint/eslintrc': [ '3.3.7' ],
4471 silly audit   '@eslint/plugin-kit': [ '0.4.1' ],
4471 silly audit   '@humanfs/node': [ '0.16.8' ],
4471 silly audit   '@humanwhocodes/module-importer': [ '1.0.1' ],
4471 silly audit   '@humanwhocodes/retry': [ '0.4.3' ],
4471 silly audit   '@types/estree': [ '1.0.9' ],
4471 silly audit   chalk: [ '4.1.2', '5.6.2' ],
4471 silly audit   'cross-spawn': [ '7.0.6' ],
4471 silly audit   'escape-string-regexp': [ '4.0.0' ],
4471 silly audit   espree: [ '10.4.0' ],
4471 silly audit   esquery: [ '1.7.0' ],
4471 silly audit   esutils: [ '2.0.3' ],
4471 silly audit   'file-entry-cache': [ '8.0.0', '11.1.5' ],
4471 silly audit   'find-up': [ '5.0.0', '4.1.0' ],
4471 silly audit   'glob-parent': [ '6.0.2', '5.1.2' ],
4471 silly audit   imurmurhash: [ '0.1.4' ],
4471 silly audit   'json-stable-stringify-without-jsonify': [ '1.0.1' ],
4471 silly audit   'lodash.merge': [ '4.6.2' ],
4471 silly audit   'natural-compare': [ '1.4.0' ],
4471 silly audit   optionator: [ '0.9.4' ],
4471 silly audit   '@eslint/object-schema': [ '2.1.7' ],
4471 silly audit   '@types/json-schema': [ '7.0.15' ],
4471 silly audit   globals: [ '14.0.0' ],
4471 silly audit   'import-fresh': [ '3.3.1' ],
4471 silly audit   'js-yaml': [ '4.3.2' ],
4471 silly audit   levn: [ '0.4.1' ],
4471 silly audit   '@humanfs/core': [ '0.19.2' ],
4471 silly audit   '@humanfs/types': [ '0.15.0' ],
4471 silly audit   'ansi-styles': [ '4.3.0', '6.2.3' ],
4471 silly audit   'supports-color': [ '7.2.0', '8.1.1' ],
4471 silly audit   'color-convert': [ '2.0.1' ],
4471 silly audit   'color-name': [ '1.1.4' ],
4471 silly audit   'path-key': [ '3.1.1' ],
4471 silly audit   'shebang-command': [ '2.0.0' ],
4471 silly audit   which: [ '2.0.2', '1.3.1' ],
4471 silly audit   '@types/esrecurse': [ '4.3.1' ],
4471 silly audit   esrecurse: [ '4.3.0' ],
4471 silly audit   estraverse: [ '5.3.0' ],
4471 silly audit   acorn: [ '8.18.0' ],
4471 silly audit   'acorn-jsx': [ '5.3.2' ],
4471 silly audit   '@ethersproject/abi': [ '5.8.0' ],
4471 silly audit   '@ethersproject/abstract-provider': [ '5.8.0' ],
4471 silly audit   '@ethersproject/abstract-signer': [ '5.8.0' ],
4471 silly audit   '@ethersproject/address': [ '5.8.0' ],
4471 silly audit   '@ethersproject/base64': [ '5.8.0' ],
4471 silly audit   '@ethersproject/basex': [ '5.8.0' ],
4471 silly audit   '@ethersproject/bignumber': [ '5.8.0' ],
4471 silly audit   '@ethersproject/bytes': [ '5.8.0' ],
4471 silly audit   '@ethersproject/constants': [ '5.8.0' ],
4471 silly audit   '@ethersproject/contracts': [ '5.8.0' ],
4471 silly audit   '@ethersproject/hash': [ '5.8.0' ],
4471 silly audit   '@ethersproject/hdnode': [ '5.8.0' ],
4471 silly audit   '@ethersproject/json-wallets': [ '5.8.0' ],
4471 silly audit   '@ethersproject/keccak256': [ '5.8.0' ],
4471 silly audit   '@ethersproject/logger': [ '5.8.0' ],
4471 silly audit   '@ethersproject/networks': [ '5.8.0' ],
4471 silly audit   '@ethersproject/pbkdf2': [ '5.8.0' ],
4471 silly audit   '@ethersproject/properties': [ '5.8.0' ],
4471 silly audit   '@ethersproject/providers': [ '5.8.0' ],
4471 silly audit   '@ethersproject/random': [ '5.8.0' ],
4471 silly audit   '@ethersproject/rlp': [ '5.8.0' ],
4471 silly audit   '@ethersproject/sha2': [ '5.8.0' ],
4471 silly audit   '@ethersproject/signing-key': [ '5.8.0' ],
4471 silly audit   '@ethersproject/solidity': [ '5.8.0' ],
4471 silly audit   '@ethersproject/strings': [ '5.8.0' ],
4471 silly audit   '@ethersproject/transactions': [ '5.8.0' ],
4471 silly audit   '@ethersproject/units': [ '5.8.0' ],
4471 silly audit   '@ethersproject/wallet': [ '5.8.0' ],
4471 silly audit   '@ethersproject/web': [ '5.8.0' ],
4471 silly audit   '@ethersproject/wordlists': [ '5.8.0' ],
4471 silly audit   'bn.js': [ '5.2.5', '4.12.5' ],
4471 silly audit   'aes-js': [ '3.0.0' ],
4471 silly audit   'scrypt-js': [ '3.0.1' ],
4471 silly audit   'js-sha3': [ '0.8.0' ],
4471 silly audit   bech32: [ '1.1.4' ],
4471 silly audit   ws: [ '8.18.0', '7.4.6' ],
4471 silly audit   'hash.js': [ '1.1.7' ],
4471 silly audit   elliptic: [ '6.6.1' ],
4471 silly audit   brorand: [ '1.1.0' ],
4471 silly audit   'hmac-drbg': [ '1.0.1' ],
4471 silly audit   inherits: [ '2.0.4' ],
4471 silly audit   'minimalistic-assert': [ '1.0.1' ],
4471 silly audit   'minimalistic-crypto-utils': [ '1.0.1' ],
4471 silly audit   'fast-string-width': [ '3.0.2' ],
4471 silly audit   'fast-string-truncated-width': [ '3.0.3' ],
4471 silly audit   'flat-cache': [ '4.0.1', '6.1.23' ],
4471 silly audit   'locate-path': [ '6.0.0', '5.0.0' ],
4471 silly audit   'path-exists': [ '4.0.0' ],
4471 silly audit   flatted: [ '3.4.4' ],
4471 silly audit   keyv: [ '4.5.4', '5.6.0' ],
4471 silly audit   'agent-base': [ '9.0.0' ],
4471 silly audit   'proxy-agent-negotiate': [ '1.1.0' ],
4471 silly audit   'safer-buffer': [ '2.1.2' ],
4471 silly audit   'parent-module': [ '1.0.1' ],
4471 silly audit   'resolve-from': [ '4.0.0', '5.0.0' ],
4471 silly audit   'is-extglob': [ '2.1.1' ],
4471 silly audit   'make-dir': [ '4.0.0' ],
4471 silly audit   'html-escaper': [ '2.0.2' ],
4471 silly audit   argparse: [ '2.0.1' ],
4471 silly audit   '@asamuzakjp/css-color': [ '5.1.11' ],
4471 silly audit   '@asamuzakjp/dom-selector': [ '7.1.1' ],
4471 silly audit   '@bramus/specificity': [ '2.4.2' ],
4471 silly audit   '@csstools/css-syntax-patches-for-csstree': [ '1.1.15' ],
4471 silly audit   '@exodus/bytes': [ '1.16.0' ],
4471 silly audit   'css-tree': [ '3.2.1' ],
4471 silly audit   'data-urls': [ '7.0.0' ],
4471 silly audit   'decimal.js': [ '10.6.0' ],
4471 silly audit   'html-encoding-sniffer': [ '6.0.0' ],
4471 silly audit   'is-potential-custom-element-name': [ '1.0.1' ],
4471 silly audit   'lru-cache': [ '11.2.7' ],
4471 silly audit   saxes: [ '6.0.0' ],
4471 silly audit   'symbol-tree': [ '3.2.4' ],
4471 silly audit   'tough-cookie': [ '6.0.2' ],
4471 silly audit   undici: [ '7.30.0' ],
4471 silly audit   'w3c-xmlserializer': [ '5.0.0' ],
4471 silly audit   'webidl-conversions': [ '8.0.1' ],
4471 silly audit   'whatwg-mimetype': [ '5.0.0' ],
4471 silly audit   'whatwg-url': [ '16.0.1' ],
4471 silly audit   'xml-name-validator': [ '5.0.0' ],
4471 silly audit   '@asamuzakjp/generational-cache': [ '1.0.1' ],
4471 silly audit   '@csstools/css-calc': [ '3.4.3' ],
4471 silly audit   '@csstools/css-tokenizer': [ '4.0.2', '3.0.4' ],
4471 silly audit   '@csstools/css-parser-algorithms': [ '4.0.2', '3.0.5' ],
4471 silly audit   '@csstools/css-color-parser': [ '4.2.6' ],
4471 silly audit   '@asamuzakjp/nwsapi': [ '2.3.9' ],
4471 silly audit   'bidi-js': [ '1.1.0' ],
4471 silly audit   '@csstools/color-helpers': [ '6.1.2' ],
4471 silly audit   'mdn-data': [ '2.27.1' ],
4471 silly audit   'source-map-js': [ '1.2.2' ],
4471 silly audit   'json-buffer': [ '3.0.1' ],
4471 silly audit   'prelude-ls': [ '1.2.1' ],
4471 silly audit   'type-check': [ '0.4.0' ],
4471 silly audit   'cli-truncate': [ '6.1.1' ],
4471 silly audit   'log-update': [ '8.0.0' ],
4471 silly audit   'wrap-ansi': [ '10.0.2', '9.0.2', '7.0.0', '6.2.0' ],
4471 silly audit   'slice-ansi': [ '9.0.1', '4.0.0' ],
4471 silly audit   'string-width': [ '8.3.0', '4.2.3', '7.2.0' ],
4471 silly audit   '@harperfast/extended-iterable': [ '1.0.3' ],
4471 silly audit   '@lmdb/lmdb-darwin-arm64': [ '3.5.6' ],
4471 silly audit   '@lmdb/lmdb-darwin-x64': [ '3.5.6' ],
4471 silly audit   '@lmdb/lmdb-linux-arm': [ '3.5.6' ],
4471 silly audit   '@lmdb/lmdb-linux-arm64': [ '3.5.6' ],
4471 silly audit   '@lmdb/lmdb-linux-x64': [ '3.5.6' ],
4471 silly audit   '@lmdb/lmdb-win32-arm64': [ '3.5.6' ],
4471 silly audit   '@lmdb/lmdb-win32-x64': [ '3.5.6' ],
4471 silly audit   msgpackr: [ '1.12.1' ],
4471 silly audit   'node-gyp-build-optional-packages': [ '5.2.2' ],
4471 silly audit   'ordered-binary': [ '1.6.2' ],
4471 silly audit   'weak-lru-cache': [ '1.2.2' ],
4471 silly audit   'p-locate': [ '5.0.0', '4.1.0' ],
4471 silly audit   'ansi-escapes': [ '7.3.0' ],
4471 silly audit   'cli-cursor': [ '5.0.0' ],
4471 silly audit   'strip-ansi': [ '7.2.0', '6.0.1' ],
4471 silly audit   environment: [ '1.1.0' ],
4471 silly audit   'restore-cursor': [ '5.1.0' ],
4471 silly audit   'brace-expansion': [ '5.0.12', '1.1.21' ],
4471 silly audit   'balanced-match': [ '4.0.4', '2.0.0', '1.0.2' ],
4471 silly audit   'msgpackr-extract': [ '3.0.4' ],
4471 silly audit   '@msgpackr-extract/msgpackr-extract-darwin-arm64': [ '3.0.4' ],
4471 silly audit   '@msgpackr-extract/msgpackr-extract-darwin-x64': [ '3.0.4' ],
4471 silly audit   '@msgpackr-extract/msgpackr-extract-linux-arm': [ '3.0.4' ],
4471 silly audit   '@msgpackr-extract/msgpackr-extract-linux-arm64': [ '3.0.4' ],
4471 silly audit   '@msgpackr-extract/msgpackr-extract-linux-x64': [ '3.0.4' ],
4471 silly audit   '@msgpackr-extract/msgpackr-extract-win32-x64': [ '3.0.4' ],
4471 silly audit   'hosted-git-info': [ '9.0.3', '10.1.1' ],
4471 silly audit   'validate-npm-package-license': [ '3.0.4' ],
4471 silly audit   'proc-log': [ '7.0.0' ],
4471 silly audit   'validate-npm-package-name': [ '8.0.0' ],
4471 silly audit   'define-lazy-prop': [ '2.0.0' ],
4471 silly audit   'is-docker': [ '2.2.1' ],
4471 silly audit   'is-wsl': [ '2.2.0' ],
4471 silly audit   'deep-is': [ '0.1.4' ],
4471 silly audit   'fast-levenshtein': [ '2.0.6' ],
4471 silly audit   'word-wrap': [ '1.2.5' ],
4471 silly audit   'cli-spinners': [ '3.4.0' ],
4471 silly audit   'is-interactive': [ '2.0.0' ],
4471 silly audit   'is-unicode-supported': [ '2.1.0' ],
4471 silly audit   'log-symbols': [ '7.0.1' ],
4471 silly audit   'stdin-discarder': [ '0.3.2' ],
4471 silly audit   yoctocolors: [ '2.2.0' ],
4471 silly audit   '@oxc-parser/binding-android-arm-eabi': [ '0.150.0' ],
4471 silly audit   '@oxc-parser/binding-android-arm64': [ '0.150.0' ],
4471 silly audit   '@oxc-parser/binding-darwin-arm64': [ '0.150.0' ],
4471 silly audit   '@oxc-parser/binding-darwin-x64': [ '0.150.0' ],
4471 silly audit   '@oxc-parser/binding-freebsd-x64': [ '0.150.0' ],
4471 silly audit   '@oxc-parser/binding-linux-arm-gnueabihf': [ '0.150.0' ],
4471 silly audit   '@oxc-parser/binding-linux-arm-musleabihf': [ '0.150.0' ],
4471 silly audit   '@oxc-parser/binding-linux-arm64-gnu': [ '0.150.0' ],
4471 silly audit   '@oxc-parser/binding-linux-arm64-musl': [ '0.150.0' ],
4471 silly audit   '@oxc-parser/binding-linux-ppc64-gnu': [ '0.150.0' ],
4471 silly audit   '@oxc-parser/binding-linux-riscv64-gnu': [ '0.150.0' ],
4471 silly audit   '@oxc-parser/binding-linux-riscv64-musl': [ '0.150.0' ],
4471 silly audit   '@oxc-parser/binding-linux-s390x-gnu': [ '0.150.0' ],
4471 silly audit   '@oxc-parser/binding-linux-x64-gnu': [ '0.150.0' ],
4471 silly audit   '@oxc-parser/binding-linux-x64-musl': [ '0.150.0' ],
4471 silly audit   '@oxc-parser/binding-openharmony-arm64': [ '0.150.0' ],
4471 silly audit   '@oxc-parser/binding-win32-arm64-msvc': [ '0.150.0' ],
4471 silly audit   '@oxc-parser/binding-win32-ia32-msvc': [ '0.150.0' ],
4471 silly audit   '@oxc-parser/binding-win32-x64-msvc': [ '0.150.0' ],
4471 silly audit   '@oxc-project/types': [ '0.150.0', '0.149.0' ],
4471 silly audit   'p-limit': [ '3.1.0', '2.3.0' ],
4471 silly audit   'yocto-queue': [ '0.1.0' ],
4471 silly audit   callsites: [ '3.1.0' ],
4471 silly audit   'parse5-sax-parser': [ '8.0.0' ],
4471 silly audit   '@napi-rs/nice': [ '1.1.1' ],
4471 silly audit   '@napi-rs/nice-android-arm-eabi': [ '1.1.1' ],
4471 silly audit   '@napi-rs/nice-android-arm64': [ '1.1.1' ],
4471 silly audit   '@napi-rs/nice-darwin-arm64': [ '1.1.1' ],
4471 silly audit   '@napi-rs/nice-darwin-x64': [ '1.1.1' ],
4471 silly audit   '@napi-rs/nice-freebsd-x64': [ '1.1.1' ],
4471 silly audit   '@napi-rs/nice-linux-arm-gnueabihf': [ '1.1.1' ],
4471 silly audit   '@napi-rs/nice-linux-arm64-gnu': [ '1.1.1' ],
4471 silly audit   '@napi-rs/nice-linux-arm64-musl': [ '1.1.1' ],
4471 silly audit   '@napi-rs/nice-linux-ppc64-gnu': [ '1.1.1' ],
4471 silly audit   '@napi-rs/nice-linux-riscv64-gnu': [ '1.1.1' ],
4471 silly audit   '@napi-rs/nice-linux-s390x-gnu': [ '1.1.1' ],
4471 silly audit   '@napi-rs/nice-linux-x64-gnu': [ '1.1.1' ],
4471 silly audit   '@napi-rs/nice-linux-x64-musl': [ '1.1.1' ],
4471 silly audit   '@napi-rs/nice-openharmony-arm64': [ '1.1.1' ],
4471 silly audit   '@napi-rs/nice-win32-arm64-msvc': [ '1.1.1' ],
4471 silly audit   '@napi-rs/nice-win32-ia32-msvc': [ '1.1.1' ],
4471 silly audit   '@napi-rs/nice-win32-x64-msvc': [ '1.1.1' ],
4471 silly audit   nanoid: [ '3.3.19' ],
4471 silly audit   dijkstrajs: [ '1.0.3' ],
4471 silly audit   pngjs: [ '5.0.0' ],
4471 silly audit   onetime: [ '7.0.0' ],
4471 silly audit   'mimic-function': [ '5.0.1' ],
4471 silly audit   '@rolldown/binding-android-arm-eabi': [ '1.2.8' ],
4471 silly audit   '@rolldown/binding-android-arm64': [ '1.2.8' ],
4471 silly audit   '@rolldown/binding-darwin-arm64': [ '1.2.8' ],
4471 silly audit   '@rolldown/binding-darwin-x64': [ '1.2.8' ],
4471 silly audit   '@rolldown/binding-freebsd-x64': [ '1.2.8' ],
4471 silly audit   '@rolldown/binding-linux-arm-gnueabihf': [ '1.2.8' ],
4471 silly audit   '@rolldown/binding-linux-arm64-gnu': [ '1.2.8' ],
4471 silly audit   '@rolldown/binding-linux-arm64-musl': [ '1.2.8' ],
4471 silly audit   '@rolldown/binding-linux-ppc64-gnu': [ '1.2.8' ],
4471 silly audit   '@rolldown/binding-linux-s390x-gnu': [ '1.2.8' ],
4471 silly audit   '@rolldown/binding-linux-x64-gnu': [ '1.2.8' ],
4471 silly audit   '@rolldown/binding-linux-x64-musl': [ '1.2.8' ],
4471 silly audit   '@rolldown/binding-openharmony-arm64': [ '1.2.8' ],
4471 silly audit   '@rolldown/binding-win32-arm64-msvc': [ '1.2.8' ],
4471 silly audit   '@rolldown/binding-win32-x64-msvc': [ '1.2.8' ],
4471 silly audit   '@rolldown/pluginutils': [ '1.0.1' ],
4471 silly audit   immutable: [ '5.1.9' ],
4471 silly audit   '@bufbuild/protobuf': [ '2.16.0' ],
4471 silly audit   'colorjs.io': [ '0.7.1' ],
4471 silly audit   'sass-embedded-all-unknown': [ '1.104.1' ],
4471 silly audit   'sass-embedded-android-arm': [ '1.104.1' ],
4471 silly audit   'sass-embedded-android-arm64': [ '1.104.1' ],
4471 silly audit   'sass-embedded-android-riscv64': [ '1.104.1' ],
4471 silly audit   'sass-embedded-android-x64': [ '1.104.1' ],
4471 silly audit   'sass-embedded-darwin-arm64': [ '1.104.1' ],
4471 silly audit   'sass-embedded-darwin-x64': [ '1.104.1' ],
4471 silly audit   'sass-embedded-linux-arm': [ '1.104.1' ],
4471 silly audit   'sass-embedded-linux-arm64': [ '1.104.1' ],
4471 silly audit   'sass-embedded-linux-musl-arm': [ '1.104.1' ],
4471 silly audit   'sass-embedded-linux-musl-arm64': [ '1.104.1' ],
4471 silly audit   'sass-embedded-linux-musl-riscv64': [ '1.104.1' ],
4471 silly audit   'sass-embedded-linux-musl-x64': [ '1.104.1' ],
4471 silly audit   'sass-embedded-linux-riscv64': [ '1.104.1' ],
4471 silly audit   'sass-embedded-linux-x64': [ '1.104.1' ],
4471 silly audit   'sass-embedded-unknown-all': [ '1.104.1' ],
4471 silly audit   'sass-embedded-win32-arm64': [ '1.104.1' ],
4471 silly audit   'sass-embedded-win32-x64': [ '1.104.1' ],
4471 silly audit   'sync-child-process': [ '1.0.2' ],
4471 silly audit   varint: [ '6.0.0' ],
4471 silly audit   xmlchars: [ '2.2.0' ],
4471 silly audit   extend: [ '3.0.2' ],
4471 silly audit   'shebang-regex': [ '3.0.0' ],
4471 silly audit   'is-fullwidth-code-point': [ '5.1.0', '3.0.0' ],
4471 silly audit   'get-east-asian-width': [ '1.7.0' ],
4471 silly audit   nearley: [ '2.20.1' ],
4471 silly audit   moo: [ '0.5.3' ],
4471 silly audit   'railroad-diagrams': [ '1.0.0' ],
4471 silly audit   randexp: [ '0.4.6' ],
4471 silly audit   'discontinuous-range': [ '1.0.0' ],
4471 silly audit   ret: [ '0.1.15' ],
4471 silly audit   '@types/component-emitter': [ '1.2.14' ],
4471 silly audit   backo2: [ '1.0.2' ],
4471 silly audit   'component-emitter': [ '1.3.1' ],
4471 silly audit   'engine.io-client': [ '4.1.4' ],
4471 silly audit   parseuri: [ '0.0.6' ],
4471 silly audit   'socket.io-parser': [ '4.0.5' ],
4471 silly audit   'base64-arraybuffer': [ '0.1.4' ],
4471 silly audit   'engine.io-parser': [ '4.0.3' ],
4471 silly audit   'has-cors': [ '1.1.0' ],
4471 silly audit   parseqs: [ '0.0.6' ],
4471 silly audit   'xmlhttprequest-ssl': [ '1.6.3' ],
4471 silly audit   yeast: [ '0.1.2' ],
4471 silly audit   'buffer-from': [ '1.1.2' ],
4471 silly audit   'spdx-exceptions': [ '2.5.0' ],
4471 silly audit   'spdx-license-ids': [ '3.0.24' ],
4471 silly audit   'ansi-regex': [ '6.4.0', '5.0.1' ],
4471 silly audit   '@csstools/media-query-list-parser': [ '4.0.3', '3.0.1' ],
4471 silly audit   '@csstools/selector-specificity': [ '5.0.0' ],
4471 silly audit   'postcss-selector-parser': [ '7.1.6', '6.1.4' ],
4471 silly audit   '@dual-bundle/import-meta-resolve': [ '4.2.1' ],
4471 silly audit   colord: [ '2.10.0' ],
4471 silly audit   cosmiconfig: [ '9.0.2' ],
4471 silly audit   'css-functions-list': [ '3.3.3' ],
4471 silly audit   'fast-glob': [ '3.3.3' ],
4471 silly audit   'fastest-levenshtein': [ '1.0.16' ],
4471 silly audit   'global-modules': [ '2.0.0' ],
4471 silly audit   globby: [ '11.1.0' ],
4471 silly audit   globjoin: [ '0.1.4' ],
4471 silly audit   'html-tags': [ '3.3.1' ],
4471 silly audit   'is-plain-object': [ '5.1.0' ],
4471 silly audit   'known-css-properties': [ '0.37.0' ],
4471 silly audit   'mathml-tag-names': [ '2.1.3' ],
4471 silly audit   meow: [ '13.2.0' ],
4471 silly audit   micromatch: [ '4.0.8' ],
4471 silly audit   'normalize-path': [ '3.0.0' ],
4471 silly audit   'postcss-resolve-nested-selector': [ '0.1.6' ],
4471 silly audit   'postcss-value-parser': [ '4.2.0' ],
4471 silly audit   'supports-hyperlinks': [ '3.2.0' ],
4471 silly audit   'svg-tags': [ '1.0.0' ],
4471 silly audit   table: [ '6.9.0' ],
4471 silly audit   'write-file-atomic': [ '5.0.1' ],
4471 silly audit   'env-paths': [ '2.2.1' ],
4471 silly audit   'parse-json': [ '5.2.0' ],
4471 silly audit   '@nodelib/fs.stat': [ '2.0.5' ],
4471 silly audit   '@nodelib/fs.walk': [ '1.2.8' ],
4471 silly audit   merge2: [ '1.4.1' ],
4471 silly audit   '@nodelib/fs.scandir': [ '2.1.5' ],
4471 silly audit   fastq: [ '1.20.3' ],
4471 silly audit   'run-parallel': [ '1.2.0' ],
4471 silly audit   reusify: [ '1.1.0' ],
4471 silly audit   'global-prefix': [ '3.0.0' ],
4471 silly audit   ini: [ '1.3.8' ],
4471 silly audit   'kind-of': [ '6.0.3' ],
4471 silly audit   'array-union': [ '2.1.0' ],
4471 silly audit   'dir-glob': [ '3.0.1' ],
4471 silly audit   slash: [ '3.0.0' ],
4471 silly audit   'path-type': [ '4.0.0' ],
4471 silly audit   braces: [ '3.0.3' ],
4471 silly audit   'fill-range': [ '7.1.1' ],
4471 silly audit   'to-regex-range': [ '5.0.1' ],
4471 silly audit   'error-ex': [ '1.3.4' ],
4471 silly audit   'json-parse-even-better-errors': [ '2.3.1' ],
4471 silly audit   'lines-and-columns': [ '1.2.4' ],
4471 silly audit   'is-arrayish': [ '0.2.1' ],
4471 silly audit   cssesc: [ '3.0.0' ],
4471 silly audit   'util-deprecate': [ '1.0.2' ],
4471 silly audit   'queue-microtask': [ '1.2.3' ],
4471 silly audit   '@stylistic/stylelint-plugin': [ '3.1.3' ],
4471 silly audit   'postcss-scss': [ '4.0.9' ],
4471 silly audit   'style-search': [ '0.1.0' ],
4471 silly audit   'has-flag': [ '4.0.0' ],
4471 silly audit   'sync-message-port': [ '1.2.0' ],
4471 silly audit   'lodash.truncate': [ '4.4.2' ],
4471 silly audit   fdir: [ '6.5.0' ],
4471 silly audit   'is-number': [ '7.0.0' ],
4471 silly audit   tldts: [ '7.4.16' ],
4471 silly audit   'tldts-core': [ '7.4.16' ],
4471 silly audit   '@typescript-eslint/eslint-plugin': [ '8.71.0' ],
4471 silly audit   '@typescript-eslint/parser': [ '8.71.0' ],
4471 silly audit   '@typescript-eslint/type-utils': [ '8.71.0' ],
4471 silly audit   escalade: [ '3.2.0' ],
4471 silly audit   'spdx-correct': [ '3.2.0' ],
4471 silly audit   fsevents: [ '2.3.3' ],
4471 silly audit   lightningcss: [ '1.33.0' ],
4471 silly audit   'lightningcss-android-arm64': [ '1.33.0' ],
4471 silly audit   'lightningcss-darwin-arm64': [ '1.33.0' ],
4471 silly audit   'lightningcss-darwin-x64': [ '1.33.0' ],
4471 silly audit   'lightningcss-freebsd-x64': [ '1.33.0' ],
4471 silly audit   'lightningcss-linux-arm-gnueabihf': [ '1.33.0' ],
4471 silly audit   'lightningcss-linux-arm64-gnu': [ '1.33.0' ],
4471 silly audit   'lightningcss-linux-arm64-musl': [ '1.33.0' ],
4471 silly audit   'lightningcss-linux-x64-gnu': [ '1.33.0' ],
4471 silly audit   'lightningcss-linux-x64-musl': [ '1.33.0' ],
4471 silly audit   'lightningcss-win32-arm64-msvc': [ '1.33.0' ],
4471 silly audit   'lightningcss-win32-x64-msvc': [ '1.33.0' ],
4471 silly audit   '@vitest/expect': [ '4.1.11' ],
4471 silly audit   '@vitest/mocker': [ '4.1.11' ],
4471 silly audit   '@vitest/runner': [ '4.1.11' ],
4471 silly audit   '@vitest/snapshot': [ '4.1.11' ],
4471 silly audit   '@vitest/spy': [ '4.1.11' ],
4471 silly audit   'es-module-lexer': [ '2.3.2' ],
4471 silly audit   'expect-type': [ '1.4.0' ],
4471 silly audit   pathe: [ '2.0.3' ],
4471 silly audit   tinybench: [ '2.9.0' ],
4471 silly audit   tinyexec: [ '1.3.1' ],
4471 silly audit   'why-is-node-running': [ '2.3.0' ],
4471 silly audit   '@types/chai': [ '5.2.3' ],
4471 silly audit   chai: [ '6.3.0' ],
4471 silly audit   '@types/deep-eql': [ '4.0.2' ],
4471 silly audit   'assertion-error': [ '2.0.1' ],
4471 silly audit   tr46: [ '6.0.0' ],
4471 silly audit   isexe: [ '2.0.0' ],
4471 silly audit   siginfo: [ '2.0.0' ],
4471 silly audit   stackback: [ '0.0.2' ],
4471 silly audit   cliui: [ '9.0.1', '8.0.1', '6.0.0' ],
4471 silly audit   'get-caller-file': [ '2.0.5' ],
4471 silly audit   y18n: [ '5.0.8', '4.0.3' ],
4471 silly audit   'yargs-parser': [ '22.0.0', '21.1.1', '18.1.3' ],
4471 silly audit   'use-sync-external-store': [ '1.7.0' ],
4471 silly audit   react: [ '19.3.0' ],
4471 silly audit   'concat-map': [ '0.0.1' ],
4471 silly audit   'fast-json-stable-stringify': [ '2.1.0' ],
4471 silly audit   'emoji-regex': [ '10.6.0', '8.0.0' ],
4471 silly audit   'require-directory': [ '2.1.1' ],
4471 silly audit   decamelize: [ '1.2.0' ],
4471 silly audit   'require-main-filename': [ '2.0.0' ],
4471 silly audit   'set-blocking': [ '2.0.0' ],
4471 silly audit   'which-module': [ '2.0.1' ],
4471 silly audit   'p-try': [ '2.2.0' ],
4471 silly audit   camelcase: [ '5.3.1' ],
4471 silly audit   cacheable: [ '2.5.0' ],
4471 silly audit   hookified: [ '1.15.1', '2.2.0' ],
4471 silly audit   '@cacheable/memory': [ '2.2.0' ],
4471 silly audit   '@cacheable/utils': [ '2.5.0' ],
4471 silly audit   qified: [ '0.10.1' ],
4471 silly audit   '@keyv/bigmap': [ '1.3.1' ],
4471 silly audit   hashery: [ '1.5.1' ],
4471 silly audit   '@keyv/serialize': [ '1.1.1' ],
4471 silly audit   'astral-regex': [ '2.0.0' ]
4471 silly audit }
4472 http cache astral-regex@https://registry.npmjs.org/astral-regex/-/astral-regex-2.0.0.tgz 0ms (cache hit)
4473 http cache hashery@https://registry.npmjs.org/hashery/-/hashery-1.5.1.tgz 0ms (cache hit)
4474 http cache qified@https://registry.npmjs.org/qified/-/qified-0.10.1.tgz 0ms (cache hit)
4475 http cache @cacheable/utils@https://registry.npmjs.org/@cacheable/utils/-/utils-2.5.0.tgz 0ms (cache hit)
4476 http cache @cacheable/memory@https://registry.npmjs.org/@cacheable/memory/-/memory-2.2.0.tgz 0ms (cache hit)
4477 http cache hookified@https://registry.npmjs.org/hookified/-/hookified-1.15.1.tgz 0ms (cache hit)
4478 http cache cacheable@https://registry.npmjs.org/cacheable/-/cacheable-2.5.0.tgz 0ms (cache hit)
4479 http cache @keyv/serialize@https://registry.npmjs.org/@keyv/serialize/-/serialize-1.1.1.tgz 0ms (cache hit)
4480 http cache camelcase@https://registry.npmjs.org/camelcase/-/camelcase-5.3.1.tgz 0ms (cache hit)
4481 http cache p-try@https://registry.npmjs.org/p-try/-/p-try-2.2.0.tgz 0ms (cache hit)
4482 http cache which-module@https://registry.npmjs.org/which-module/-/which-module-2.0.1.tgz 0ms (cache hit)
4483 http cache set-blocking@https://registry.npmjs.org/set-blocking/-/set-blocking-2.0.0.tgz 0ms (cache hit)
4484 http cache require-main-filename@https://registry.npmjs.org/require-main-filename/-/require-main-filename-2.0.0.tgz 0ms (cache hit)
4485 http cache decamelize@https://registry.npmjs.org/decamelize/-/decamelize-1.2.0.tgz 0ms (cache hit)
4486 http cache require-directory@https://registry.npmjs.org/require-directory/-/require-directory-2.1.1.tgz 0ms (cache hit)
4487 http cache emoji-regex@https://registry.npmjs.org/emoji-regex/-/emoji-regex-10.6.0.tgz 0ms (cache hit)
4488 http cache fast-json-stable-stringify@https://registry.npmjs.org/fast-json-stable-stringify/-/fast-json-stable-stringify-2.1.0.tgz 0ms (cache hit)
4489 http cache concat-map@https://registry.npmjs.org/concat-map/-/concat-map-0.0.1.tgz 0ms (cache hit)
4490 http cache react@https://registry.npmjs.org/react/-/react-19.3.0.tgz 0ms (cache hit)
4491 http cache use-sync-external-store@https://registry.npmjs.org/use-sync-external-store/-/use-sync-external-store-1.7.0.tgz 0ms (cache hit)
4492 http cache yargs-parser@https://registry.npmjs.org/yargs-parser/-/yargs-parser-22.0.0.tgz 0ms (cache hit)
4493 http cache get-caller-file@https://registry.npmjs.org/get-caller-file/-/get-caller-file-2.0.5.tgz 0ms (cache hit)
4494 http cache y18n@https://registry.npmjs.org/y18n/-/y18n-5.0.8.tgz 0ms (cache hit)
4495 http cache cliui@https://registry.npmjs.org/cliui/-/cliui-9.0.1.tgz 0ms (cache hit)
4496 http cache stackback@https://registry.npmjs.org/stackback/-/stackback-0.0.2.tgz 0ms (cache hit)
4497 http cache siginfo@https://registry.npmjs.org/siginfo/-/siginfo-2.0.0.tgz 0ms (cache hit)
4498 http cache isexe@https://registry.npmjs.org/isexe/-/isexe-2.0.0.tgz 0ms (cache hit)
4499 http cache tr46@https://registry.npmjs.org/tr46/-/tr46-6.0.0.tgz 0ms (cache hit)
4500 http cache assertion-error@https://registry.npmjs.org/assertion-error/-/assertion-error-2.0.1.tgz 0ms (cache hit)
4501 http cache @types/deep-eql@https://registry.npmjs.org/@types/deep-eql/-/deep-eql-4.0.2.tgz 0ms (cache hit)
4502 http cache chai@https://registry.npmjs.org/chai/-/chai-6.3.0.tgz 0ms (cache hit)
4503 http cache why-is-node-running@https://registry.npmjs.org/why-is-node-running/-/why-is-node-running-2.3.0.tgz 0ms (cache hit)
4504 http cache @types/chai@https://registry.npmjs.org/@types/chai/-/chai-5.2.3.tgz 0ms (cache hit)
4505 http cache tinyexec@https://registry.npmjs.org/tinyexec/-/tinyexec-1.3.1.tgz 0ms (cache hit)
4506 http cache tinybench@https://registry.npmjs.org/tinybench/-/tinybench-2.9.0.tgz 0ms (cache hit)
4507 http cache pathe@https://registry.npmjs.org/pathe/-/pathe-2.0.3.tgz 1ms (cache hit)
4508 http cache expect-type@https://registry.npmjs.org/expect-type/-/expect-type-1.4.0.tgz 0ms (cache hit)
4509 http cache @vitest/spy@https://registry.npmjs.org/@vitest/spy/-/spy-4.1.11.tgz 0ms (cache hit)
4510 http cache @vitest/snapshot@https://registry.npmjs.org/@vitest/snapshot/-/snapshot-4.1.11.tgz 0ms (cache hit)
4511 http cache es-module-lexer@https://registry.npmjs.org/es-module-lexer/-/es-module-lexer-2.3.2.tgz 0ms (cache hit)
4512 http cache @vitest/runner@https://registry.npmjs.org/@vitest/runner/-/runner-4.1.11.tgz 0ms (cache hit)
4513 http cache @vitest/mocker@https://registry.npmjs.org/@vitest/mocker/-/mocker-4.1.11.tgz 0ms (cache hit)
4514 http cache @vitest/expect@https://registry.npmjs.org/@vitest/expect/-/expect-4.1.11.tgz 0ms (cache hit)
4515 http cache lightningcss-linux-x64-gnu@https://registry.npmjs.org/lightningcss-linux-x64-gnu/-/lightningcss-linux-x64-gnu-1.33.0.tgz 0ms (cache hit)
4516 http cache spdx-correct@https://registry.npmjs.org/spdx-correct/-/spdx-correct-3.2.0.tgz 0ms (cache hit)
4517 http cache lightningcss@https://registry.npmjs.org/lightningcss/-/lightningcss-1.33.0.tgz 0ms (cache hit)
4518 http cache @typescript-eslint/type-utils@https://registry.npmjs.org/@typescript-eslint/type-utils/-/type-utils-8.71.0.tgz 0ms (cache hit)
4519 http cache escalade@https://registry.npmjs.org/escalade/-/escalade-3.2.0.tgz 0ms (cache hit)
4520 http cache @typescript-eslint/parser@https://registry.npmjs.org/@typescript-eslint/parser/-/parser-8.71.0.tgz 0ms (cache hit)
4521 http cache @typescript-eslint/eslint-plugin@https://registry.npmjs.org/@typescript-eslint/eslint-plugin/-/eslint-plugin-8.71.0.tgz 0ms (cache hit)
4522 http cache tldts-core@https://registry.npmjs.org/tldts-core/-/tldts-core-7.4.16.tgz 0ms (cache hit)
4523 http cache tldts@https://registry.npmjs.org/tldts/-/tldts-7.4.16.tgz 0ms (cache hit)
4524 http cache is-number@https://registry.npmjs.org/is-number/-/is-number-7.0.0.tgz 0ms (cache hit)
4525 http cache fdir@https://registry.npmjs.org/fdir/-/fdir-6.5.0.tgz 0ms (cache hit)
4526 http cache lodash.truncate@https://registry.npmjs.org/lodash.truncate/-/lodash.truncate-4.4.2.tgz 0ms (cache hit)
4527 http cache sync-message-port@https://registry.npmjs.org/sync-message-port/-/sync-message-port-1.2.0.tgz 0ms (cache hit)
4528 http cache has-flag@https://registry.npmjs.org/has-flag/-/has-flag-4.0.0.tgz 0ms (cache hit)
4529 http cache postcss-scss@https://registry.npmjs.org/postcss-scss/-/postcss-scss-4.0.9.tgz 0ms (cache hit)
4530 http cache style-search@https://registry.npmjs.org/style-search/-/style-search-0.1.0.tgz 0ms (cache hit)
4531 http cache @stylistic/stylelint-plugin@https://registry.npmjs.org/@stylistic/stylelint-plugin/-/stylelint-plugin-3.1.3.tgz 0ms (cache hit)
4532 http cache queue-microtask@https://registry.npmjs.org/queue-microtask/-/queue-microtask-1.2.3.tgz 0ms (cache hit)
4533 http cache cssesc@https://registry.npmjs.org/cssesc/-/cssesc-3.0.0.tgz 0ms (cache hit)
4534 http cache util-deprecate@https://registry.npmjs.org/util-deprecate/-/util-deprecate-1.0.2.tgz 0ms (cache hit)
4535 http cache is-arrayish@https://registry.npmjs.org/is-arrayish/-/is-arrayish-0.2.1.tgz 0ms (cache hit)
4536 http cache lines-and-columns@https://registry.npmjs.org/lines-and-columns/-/lines-and-columns-1.2.4.tgz 0ms (cache hit)
4537 http cache json-parse-even-better-errors@https://registry.npmjs.org/json-parse-even-better-errors/-/json-parse-even-better-errors-2.3.1.tgz 0ms (cache hit)
4538 http cache error-ex@https://registry.npmjs.org/error-ex/-/error-ex-1.3.4.tgz 0ms (cache hit)
4539 http cache to-regex-range@https://registry.npmjs.org/to-regex-range/-/to-regex-range-5.0.1.tgz 0ms (cache hit)
4540 http cache fill-range@https://registry.npmjs.org/fill-range/-/fill-range-7.1.1.tgz 0ms (cache hit)
4541 http cache braces@https://registry.npmjs.org/braces/-/braces-3.0.3.tgz 0ms (cache hit)
4542 http cache path-type@https://registry.npmjs.org/path-type/-/path-type-4.0.0.tgz 0ms (cache hit)
4543 http cache slash@https://registry.npmjs.org/slash/-/slash-3.0.0.tgz 0ms (cache hit)
4544 http cache dir-glob@https://registry.npmjs.org/dir-glob/-/dir-glob-3.0.1.tgz 0ms (cache hit)
4545 http cache array-union@https://registry.npmjs.org/array-union/-/array-union-2.1.0.tgz 0ms (cache hit)
4546 http cache ini@https://registry.npmjs.org/ini/-/ini-1.3.8.tgz 0ms (cache hit)
4547 http cache kind-of@https://registry.npmjs.org/kind-of/-/kind-of-6.0.3.tgz 0ms (cache hit)
4548 http cache global-prefix@https://registry.npmjs.org/global-prefix/-/global-prefix-3.0.0.tgz 0ms (cache hit)
4549 http cache run-parallel@https://registry.npmjs.org/run-parallel/-/run-parallel-1.2.0.tgz 0ms (cache hit)
4550 http cache reusify@https://registry.npmjs.org/reusify/-/reusify-1.1.0.tgz 0ms (cache hit)
4551 http cache fastq@https://registry.npmjs.org/fastq/-/fastq-1.20.3.tgz 0ms (cache hit)
4552 http cache @nodelib/fs.scandir@https://registry.npmjs.org/@nodelib/fs.scandir/-/fs.scandir-2.1.5.tgz 0ms (cache hit)
4553 http cache merge2@https://registry.npmjs.org/merge2/-/merge2-1.4.1.tgz 0ms (cache hit)
4554 http cache @nodelib/fs.walk@https://registry.npmjs.org/@nodelib/fs.walk/-/fs.walk-1.2.8.tgz 0ms (cache hit)
4555 http cache @nodelib/fs.stat@https://registry.npmjs.org/@nodelib/fs.stat/-/fs.stat-2.0.5.tgz 0ms (cache hit)
4556 http cache parse-json@https://registry.npmjs.org/parse-json/-/parse-json-5.2.0.tgz 0ms (cache hit)
4557 http cache write-file-atomic@https://registry.npmjs.org/write-file-atomic/-/write-file-atomic-5.0.1.tgz 0ms (cache hit)
4558 http cache table@https://registry.npmjs.org/table/-/table-6.9.0.tgz 0ms (cache hit)
4559 http cache supports-hyperlinks@https://registry.npmjs.org/supports-hyperlinks/-/supports-hyperlinks-3.2.0.tgz 0ms (cache hit)
4560 http cache svg-tags@https://registry.npmjs.org/svg-tags/-/svg-tags-1.0.0.tgz 0ms (cache hit)
4561 http cache env-paths@https://registry.npmjs.org/env-paths/-/env-paths-2.2.1.tgz 0ms (cache hit)
4562 http cache postcss-value-parser@https://registry.npmjs.org/postcss-value-parser/-/postcss-value-parser-4.2.0.tgz 0ms (cache hit)
4563 http cache postcss-resolve-nested-selector@https://registry.npmjs.org/postcss-resolve-nested-selector/-/postcss-resolve-nested-selector-0.1.6.tgz 0ms (cache hit)
4564 http cache normalize-path@https://registry.npmjs.org/normalize-path/-/normalize-path-3.0.0.tgz 0ms (cache hit)
4565 http cache micromatch@https://registry.npmjs.org/micromatch/-/micromatch-4.0.8.tgz 0ms (cache hit)
4566 http cache meow@https://registry.npmjs.org/meow/-/meow-13.2.0.tgz 0ms (cache hit)
4567 http cache mathml-tag-names@https://registry.npmjs.org/mathml-tag-names/-/mathml-tag-names-2.1.3.tgz 0ms (cache hit)
4568 http cache known-css-properties@https://registry.npmjs.org/known-css-properties/-/known-css-properties-0.37.0.tgz 0ms (cache hit)
4569 http cache is-plain-object@https://registry.npmjs.org/is-plain-object/-/is-plain-object-5.1.0.tgz 0ms (cache hit)
4570 http cache html-tags@https://registry.npmjs.org/html-tags/-/html-tags-3.3.1.tgz 0ms (cache hit)
4571 http cache globjoin@https://registry.npmjs.org/globjoin/-/globjoin-0.1.4.tgz 0ms (cache hit)
4572 http cache globby@https://registry.npmjs.org/globby/-/globby-11.1.0.tgz 0ms (cache hit)
4573 http cache fastest-levenshtein@https://registry.npmjs.org/fastest-levenshtein/-/fastest-levenshtein-1.0.16.tgz 0ms (cache hit)
4574 http cache global-modules@https://registry.npmjs.org/global-modules/-/global-modules-2.0.0.tgz 0ms (cache hit)
4575 http cache fast-glob@https://registry.npmjs.org/fast-glob/-/fast-glob-3.3.3.tgz 0ms (cache hit)
4576 http cache css-functions-list@https://registry.npmjs.org/css-functions-list/-/css-functions-list-3.3.3.tgz 0ms (cache hit)
4577 http cache cosmiconfig@https://registry.npmjs.org/cosmiconfig/-/cosmiconfig-9.0.2.tgz 0ms (cache hit)
4578 http cache @dual-bundle/import-meta-resolve@https://registry.npmjs.org/@dual-bundle/import-meta-resolve/-/import-meta-resolve-4.2.1.tgz 0ms (cache hit)
4579 http cache postcss-selector-parser@https://registry.npmjs.org/postcss-selector-parser/-/postcss-selector-parser-7.1.6.tgz 0ms (cache hit)
4580 http cache colord@https://registry.npmjs.org/colord/-/colord-2.10.0.tgz 0ms (cache hit)
4581 http cache @csstools/selector-specificity@https://registry.npmjs.org/@csstools/selector-specificity/-/selector-specificity-5.0.0.tgz 0ms (cache hit)
4582 http cache spdx-license-ids@https://registry.npmjs.org/spdx-license-ids/-/spdx-license-ids-3.0.24.tgz 0ms (cache hit)
4583 http cache spdx-exceptions@https://registry.npmjs.org/spdx-exceptions/-/spdx-exceptions-2.5.0.tgz 0ms (cache hit)
4584 http cache ansi-regex@https://registry.npmjs.org/ansi-regex/-/ansi-regex-6.4.0.tgz 0ms (cache hit)
4585 http cache buffer-from@https://registry.npmjs.org/buffer-from/-/buffer-from-1.1.2.tgz 0ms (cache hit)
4586 http cache yeast@https://registry.npmjs.org/yeast/-/yeast-0.1.2.tgz 0ms (cache hit)
4587 http cache xmlhttprequest-ssl@https://registry.npmjs.org/xmlhttprequest-ssl/-/xmlhttprequest-ssl-1.6.3.tgz 0ms (cache hit)
4588 http cache has-cors@https://registry.npmjs.org/has-cors/-/has-cors-1.1.0.tgz 0ms (cache hit)
4589 http cache parseqs@https://registry.npmjs.org/parseqs/-/parseqs-0.0.6.tgz 0ms (cache hit)
4590 http cache engine.io-parser@https://registry.npmjs.org/engine.io-parser/-/engine.io-parser-4.0.3.tgz 0ms (cache hit)
4591 http cache base64-arraybuffer@https://registry.npmjs.org/base64-arraybuffer/-/base64-arraybuffer-0.1.4.tgz 0ms (cache hit)
4592 http cache socket.io-parser@https://registry.npmjs.org/socket.io-parser/-/socket.io-parser-4.0.5.tgz 0ms (cache hit)
4593 http cache engine.io-client@https://registry.npmjs.org/engine.io-client/-/engine.io-client-4.1.4.tgz 0ms (cache hit)
4594 http cache parseuri@https://registry.npmjs.org/parseuri/-/parseuri-0.0.6.tgz 0ms (cache hit)
4595 http cache component-emitter@https://registry.npmjs.org/component-emitter/-/component-emitter-1.3.1.tgz 0ms (cache hit)
4596 http cache @types/component-emitter@https://registry.npmjs.org/@types/component-emitter/-/component-emitter-1.2.14.tgz 0ms (cache hit)
4597 http cache backo2@https://registry.npmjs.org/backo2/-/backo2-1.0.2.tgz 0ms (cache hit)
4598 http cache discontinuous-range@https://registry.npmjs.org/discontinuous-range/-/discontinuous-range-1.0.0.tgz 0ms (cache hit)
4599 http cache randexp@https://registry.npmjs.org/randexp/-/randexp-0.4.6.tgz 0ms (cache hit)
4600 http cache ret@https://registry.npmjs.org/ret/-/ret-0.1.15.tgz 0ms (cache hit)
4601 http cache railroad-diagrams@https://registry.npmjs.org/railroad-diagrams/-/railroad-diagrams-1.0.0.tgz 0ms (cache hit)
4602 http cache moo@https://registry.npmjs.org/moo/-/moo-0.5.3.tgz 0ms (cache hit)
4603 http cache nearley@https://registry.npmjs.org/nearley/-/nearley-2.20.1.tgz 0ms (cache hit)
4604 http cache get-east-asian-width@https://registry.npmjs.org/get-east-asian-width/-/get-east-asian-width-1.7.0.tgz 0ms (cache hit)
4605 http cache shebang-regex@https://registry.npmjs.org/shebang-regex/-/shebang-regex-3.0.0.tgz 0ms (cache hit)
4606 http cache is-fullwidth-code-point@https://registry.npmjs.org/is-fullwidth-code-point/-/is-fullwidth-code-point-5.1.0.tgz 0ms (cache hit)
4607 http cache extend@https://registry.npmjs.org/extend/-/extend-3.0.2.tgz 0ms (cache hit)
4608 http cache xmlchars@https://registry.npmjs.org/xmlchars/-/xmlchars-2.2.0.tgz 0ms (cache hit)
4609 http cache varint@https://registry.npmjs.org/varint/-/varint-6.0.0.tgz 0ms (cache hit)
4610 http cache sync-child-process@https://registry.npmjs.org/sync-child-process/-/sync-child-process-1.0.2.tgz 0ms (cache hit)
4611 http cache sass-embedded-linux-x64@https://registry.npmjs.org/sass-embedded-linux-x64/-/sass-embedded-linux-x64-1.104.1.tgz 0ms (cache hit)
4612 http cache colorjs.io@https://registry.npmjs.org/colorjs.io/-/colorjs.io-0.7.1.tgz 0ms (cache hit)
4613 http cache @bufbuild/protobuf@https://registry.npmjs.org/@bufbuild/protobuf/-/protobuf-2.16.0.tgz 0ms (cache hit)
4614 http cache immutable@https://registry.npmjs.org/immutable/-/immutable-5.1.9.tgz 0ms (cache hit)
4615 http cache mimic-function@https://registry.npmjs.org/mimic-function/-/mimic-function-5.0.1.tgz 0ms (cache hit)
4616 http cache @rolldown/binding-linux-x64-gnu@https://registry.npmjs.org/@rolldown/binding-linux-x64-gnu/-/binding-linux-x64-gnu-1.2.8.tgz 0ms (cache hit)
4617 http cache @rolldown/pluginutils@https://registry.npmjs.org/@rolldown/pluginutils/-/pluginutils-1.0.1.tgz 0ms (cache hit)
4618 http cache onetime@https://registry.npmjs.org/onetime/-/onetime-7.0.0.tgz 0ms (cache hit)
4619 http cache dijkstrajs@https://registry.npmjs.org/dijkstrajs/-/dijkstrajs-1.0.3.tgz 0ms (cache hit)
4620 http cache pngjs@https://registry.npmjs.org/pngjs/-/pngjs-5.0.0.tgz 0ms (cache hit)
4621 http cache nanoid@https://registry.npmjs.org/nanoid/-/nanoid-3.3.19.tgz 0ms (cache hit)
4622 http cache @napi-rs/nice-linux-x64-gnu@https://registry.npmjs.org/@napi-rs/nice-linux-x64-gnu/-/nice-linux-x64-gnu-1.1.1.tgz 0ms (cache hit)
4623 http cache @napi-rs/nice@https://registry.npmjs.org/@napi-rs/nice/-/nice-1.1.1.tgz 0ms (cache hit)
4624 http cache parse5-sax-parser@https://registry.npmjs.org/parse5-sax-parser/-/parse5-sax-parser-8.0.0.tgz 0ms (cache hit)
4625 http cache p-limit@https://registry.npmjs.org/p-limit/-/p-limit-3.1.0.tgz 0ms (cache hit)
4626 http cache callsites@https://registry.npmjs.org/callsites/-/callsites-3.1.0.tgz 0ms (cache hit)
4627 http cache yocto-queue@https://registry.npmjs.org/yocto-queue/-/yocto-queue-0.1.0.tgz 0ms (cache hit)
4628 http cache @oxc-project/types@https://registry.npmjs.org/@oxc-project/types/-/types-0.150.0.tgz 0ms (cache hit)
4629 http cache @oxc-parser/binding-linux-x64-gnu@https://registry.npmjs.org/@oxc-parser/binding-linux-x64-gnu/-/binding-linux-x64-gnu-0.150.0.tgz 0ms (cache hit)
4630 http cache stdin-discarder@https://registry.npmjs.org/stdin-discarder/-/stdin-discarder-0.3.2.tgz 0ms (cache hit)
4631 http cache yoctocolors@https://registry.npmjs.org/yoctocolors/-/yoctocolors-2.2.0.tgz 0ms (cache hit)
4632 http cache log-symbols@https://registry.npmjs.org/log-symbols/-/log-symbols-7.0.1.tgz 0ms (cache hit)
4633 http cache is-unicode-supported@https://registry.npmjs.org/is-unicode-supported/-/is-unicode-supported-2.1.0.tgz 0ms (cache hit)
4634 http cache cli-spinners@https://registry.npmjs.org/cli-spinners/-/cli-spinners-3.4.0.tgz 0ms (cache hit)
4635 http cache is-interactive@https://registry.npmjs.org/is-interactive/-/is-interactive-2.0.0.tgz 0ms (cache hit)
4636 http cache word-wrap@https://registry.npmjs.org/word-wrap/-/word-wrap-1.2.5.tgz 0ms (cache hit)
4637 http cache fast-levenshtein@https://registry.npmjs.org/fast-levenshtein/-/fast-levenshtein-2.0.6.tgz 0ms (cache hit)
4638 http cache deep-is@https://registry.npmjs.org/deep-is/-/deep-is-0.1.4.tgz 0ms (cache hit)
4639 http cache is-wsl@https://registry.npmjs.org/is-wsl/-/is-wsl-2.2.0.tgz 0ms (cache hit)
4640 http cache is-docker@https://registry.npmjs.org/is-docker/-/is-docker-2.2.1.tgz 0ms (cache hit)
4641 http cache define-lazy-prop@https://registry.npmjs.org/define-lazy-prop/-/define-lazy-prop-2.0.0.tgz 0ms (cache hit)
4642 http cache proc-log@https://registry.npmjs.org/proc-log/-/proc-log-7.0.0.tgz 0ms (cache hit)
4643 http cache validate-npm-package-name@https://registry.npmjs.org/validate-npm-package-name/-/validate-npm-package-name-8.0.0.tgz 0ms (cache hit)
4644 http cache validate-npm-package-license@https://registry.npmjs.org/validate-npm-package-license/-/validate-npm-package-license-3.0.4.tgz 0ms (cache hit)
4645 http cache hosted-git-info@https://registry.npmjs.org/hosted-git-info/-/hosted-git-info-9.0.3.tgz 0ms (cache hit)
4646 http cache @msgpackr-extract/msgpackr-extract-linux-x64@https://registry.npmjs.org/@msgpackr-extract/msgpackr-extract-linux-x64/-/msgpackr-extract-linux-x64-3.0.4.tgz 0ms (cache hit)
4647 http cache msgpackr-extract@https://registry.npmjs.org/msgpackr-extract/-/msgpackr-extract-3.0.4.tgz 0ms (cache hit)
4648 http cache balanced-match@https://registry.npmjs.org/balanced-match/-/balanced-match-4.0.4.tgz 0ms (cache hit)
4649 http cache restore-cursor@https://registry.npmjs.org/restore-cursor/-/restore-cursor-5.1.0.tgz 0ms (cache hit)
4650 http cache brace-expansion@https://registry.npmjs.org/brace-expansion/-/brace-expansion-5.0.12.tgz 0ms (cache hit)
4651 http cache environment@https://registry.npmjs.org/environment/-/environment-1.1.0.tgz 0ms (cache hit)
4652 http cache strip-ansi@https://registry.npmjs.org/strip-ansi/-/strip-ansi-7.2.0.tgz 0ms (cache hit)
4653 http cache p-locate@https://registry.npmjs.org/p-locate/-/p-locate-5.0.0.tgz 0ms (cache hit)
4654 http cache ansi-escapes@https://registry.npmjs.org/ansi-escapes/-/ansi-escapes-7.3.0.tgz 0ms (cache hit)
4655 http cache cli-cursor@https://registry.npmjs.org/cli-cursor/-/cli-cursor-5.0.0.tgz 0ms (cache hit)
4656 http cache weak-lru-cache@https://registry.npmjs.org/weak-lru-cache/-/weak-lru-cache-1.2.2.tgz 0ms (cache hit)
4657 http cache ordered-binary@https://registry.npmjs.org/ordered-binary/-/ordered-binary-1.6.2.tgz 0ms (cache hit)
4658 http cache node-gyp-build-optional-packages@https://registry.npmjs.org/node-gyp-build-optional-packages/-/node-gyp-build-optional-packages-5.2.2.tgz 0ms (cache hit)
4659 http cache msgpackr@https://registry.npmjs.org/msgpackr/-/msgpackr-1.12.1.tgz 0ms (cache hit)
4660 http cache @harperfast/extended-iterable@https://registry.npmjs.org/@harperfast/extended-iterable/-/extended-iterable-1.0.3.tgz 0ms (cache hit)
4661 http cache @lmdb/lmdb-linux-x64@https://registry.npmjs.org/@lmdb/lmdb-linux-x64/-/lmdb-linux-x64-3.5.6.tgz 0ms (cache hit)
4662 http cache slice-ansi@https://registry.npmjs.org/slice-ansi/-/slice-ansi-9.0.1.tgz 0ms (cache hit)
4663 http cache string-width@https://registry.npmjs.org/string-width/-/string-width-8.3.0.tgz 0ms (cache hit)
4664 http cache wrap-ansi@https://registry.npmjs.org/wrap-ansi/-/wrap-ansi-10.0.2.tgz 0ms (cache hit)
4665 http cache cli-truncate@https://registry.npmjs.org/cli-truncate/-/cli-truncate-6.1.1.tgz 0ms (cache hit)
4666 http cache log-update@https://registry.npmjs.org/log-update/-/log-update-8.0.0.tgz 0ms (cache hit)
4667 http cache type-check@https://registry.npmjs.org/type-check/-/type-check-0.4.0.tgz 0ms (cache hit)
4668 http cache source-map-js@https://registry.npmjs.org/source-map-js/-/source-map-js-1.2.2.tgz 0ms (cache hit)
4669 http cache prelude-ls@https://registry.npmjs.org/prelude-ls/-/prelude-ls-1.2.1.tgz 0ms (cache hit)
4670 http cache json-buffer@https://registry.npmjs.org/json-buffer/-/json-buffer-3.0.1.tgz 0ms (cache hit)
4671 http cache bidi-js@https://registry.npmjs.org/bidi-js/-/bidi-js-1.1.0.tgz 0ms (cache hit)
4672 http cache @csstools/color-helpers@https://registry.npmjs.org/@csstools/color-helpers/-/color-helpers-6.1.2.tgz 0ms (cache hit)
4673 http cache mdn-data@https://registry.npmjs.org/mdn-data/-/mdn-data-2.27.1.tgz 0ms (cache hit)
4674 http cache @asamuzakjp/nwsapi@https://registry.npmjs.org/@asamuzakjp/nwsapi/-/nwsapi-2.3.9.tgz 0ms (cache hit)
4675 http cache @csstools/css-color-parser@https://registry.npmjs.org/@csstools/css-color-parser/-/css-color-parser-4.2.6.tgz 0ms (cache hit)
4676 http cache @csstools/css-parser-algorithms@https://registry.npmjs.org/@csstools/css-parser-algorithms/-/css-parser-algorithms-4.0.2.tgz 0ms (cache hit)
4677 http cache @csstools/css-tokenizer@https://registry.npmjs.org/@csstools/css-tokenizer/-/css-tokenizer-4.0.2.tgz 0ms (cache hit)
4678 http cache @csstools/css-calc@https://registry.npmjs.org/@csstools/css-calc/-/css-calc-3.4.3.tgz 0ms (cache hit)
4679 http cache @asamuzakjp/generational-cache@https://registry.npmjs.org/@asamuzakjp/generational-cache/-/generational-cache-1.0.1.tgz 0ms (cache hit)
4680 http cache xml-name-validator@https://registry.npmjs.org/xml-name-validator/-/xml-name-validator-5.0.0.tgz 0ms (cache hit)
4681 http cache whatwg-url@https://registry.npmjs.org/whatwg-url/-/whatwg-url-16.0.1.tgz 0ms (cache hit)
4682 http cache webidl-conversions@https://registry.npmjs.org/webidl-conversions/-/webidl-conversions-8.0.1.tgz 0ms (cache hit)
4683 http cache whatwg-mimetype@https://registry.npmjs.org/whatwg-mimetype/-/whatwg-mimetype-5.0.0.tgz 0ms (cache hit)
4684 http cache undici@https://registry.npmjs.org/undici/-/undici-7.30.0.tgz 0ms (cache hit)
4685 http cache tough-cookie@https://registry.npmjs.org/tough-cookie/-/tough-cookie-6.0.2.tgz 0ms (cache hit)
4686 http cache w3c-xmlserializer@https://registry.npmjs.org/w3c-xmlserializer/-/w3c-xmlserializer-5.0.0.tgz 0ms (cache hit)
4687 http cache symbol-tree@https://registry.npmjs.org/symbol-tree/-/symbol-tree-3.2.4.tgz 0ms (cache hit)
4688 http cache saxes@https://registry.npmjs.org/saxes/-/saxes-6.0.0.tgz 0ms (cache hit)
4689 http cache lru-cache@https://registry.npmjs.org/lru-cache/-/lru-cache-11.2.7.tgz 0ms (cache hit)
4690 http cache is-potential-custom-element-name@https://registry.npmjs.org/is-potential-custom-element-name/-/is-potential-custom-element-name-1.0.1.tgz 0ms (cache hit)
4691 http cache html-encoding-sniffer@https://registry.npmjs.org/html-encoding-sniffer/-/html-encoding-sniffer-6.0.0.tgz 0ms (cache hit)
4692 http cache data-urls@https://registry.npmjs.org/data-urls/-/data-urls-7.0.0.tgz 0ms (cache hit)
4693 http cache decimal.js@https://registry.npmjs.org/decimal.js/-/decimal.js-10.6.0.tgz 0ms (cache hit)
4694 http cache css-tree@https://registry.npmjs.org/css-tree/-/css-tree-3.2.1.tgz 0ms (cache hit)
4695 http cache @exodus/bytes@https://registry.npmjs.org/@exodus/bytes/-/bytes-1.16.0.tgz 0ms (cache hit)
4696 http cache @csstools/css-syntax-patches-for-csstree@https://registry.npmjs.org/@csstools/css-syntax-patches-for-csstree/-/css-syntax-patches-for-csstree-1.1.15.tgz 0ms (cache hit)
4697 http cache @bramus/specificity@https://registry.npmjs.org/@bramus/specificity/-/specificity-2.4.2.tgz 0ms (cache hit)
4698 http cache @asamuzakjp/dom-selector@https://registry.npmjs.org/@asamuzakjp/dom-selector/-/dom-selector-7.1.1.tgz 0ms (cache hit)
4699 http cache @asamuzakjp/css-color@https://registry.npmjs.org/@asamuzakjp/css-color/-/css-color-5.1.11.tgz 0ms (cache hit)
4700 http cache argparse@https://registry.npmjs.org/argparse/-/argparse-2.0.1.tgz 0ms (cache hit)
4701 http cache html-escaper@https://registry.npmjs.org/html-escaper/-/html-escaper-2.0.2.tgz 0ms (cache hit)
4702 http cache make-dir@https://registry.npmjs.org/make-dir/-/make-dir-4.0.0.tgz 0ms (cache hit)
4703 http cache resolve-from@https://registry.npmjs.org/resolve-from/-/resolve-from-4.0.0.tgz 0ms (cache hit)
4704 http cache is-extglob@https://registry.npmjs.org/is-extglob/-/is-extglob-2.1.1.tgz 0ms (cache hit)
4705 http cache parent-module@https://registry.npmjs.org/parent-module/-/parent-module-1.0.1.tgz 0ms (cache hit)
4706 http cache safer-buffer@https://registry.npmjs.org/safer-buffer/-/safer-buffer-2.1.2.tgz 0ms (cache hit)
4707 http cache proxy-agent-negotiate@https://registry.npmjs.org/proxy-agent-negotiate/-/proxy-agent-negotiate-1.1.0.tgz 0ms (cache hit)
4708 http cache agent-base@https://registry.npmjs.org/agent-base/-/agent-base-9.0.0.tgz 0ms (cache hit)
4709 http cache keyv@https://registry.npmjs.org/keyv/-/keyv-4.5.4.tgz 0ms (cache hit)
4710 http cache flatted@https://registry.npmjs.org/flatted/-/flatted-3.4.4.tgz 0ms (cache hit)
4711 http cache path-exists@https://registry.npmjs.org/path-exists/-/path-exists-4.0.0.tgz 0ms (cache hit)
4712 http cache locate-path@https://registry.npmjs.org/locate-path/-/locate-path-6.0.0.tgz 0ms (cache hit)
4713 http cache flat-cache@https://registry.npmjs.org/flat-cache/-/flat-cache-4.0.1.tgz 0ms (cache hit)
4714 http cache fast-string-width@https://registry.npmjs.org/fast-string-width/-/fast-string-width-3.0.2.tgz 0ms (cache hit)
4715 http cache fast-string-truncated-width@https://registry.npmjs.org/fast-string-truncated-width/-/fast-string-truncated-width-3.0.3.tgz 0ms (cache hit)
4716 http cache minimalistic-crypto-utils@https://registry.npmjs.org/minimalistic-crypto-utils/-/minimalistic-crypto-utils-1.0.1.tgz 0ms (cache hit)
4717 http cache minimalistic-assert@https://registry.npmjs.org/minimalistic-assert/-/minimalistic-assert-1.0.1.tgz 0ms (cache hit)
4718 http cache hmac-drbg@https://registry.npmjs.org/hmac-drbg/-/hmac-drbg-1.0.1.tgz 0ms (cache hit)
4719 http cache inherits@https://registry.npmjs.org/inherits/-/inherits-2.0.4.tgz 0ms (cache hit)
4720 http cache brorand@https://registry.npmjs.org/brorand/-/brorand-1.1.0.tgz 0ms (cache hit)
4721 http cache elliptic@https://registry.npmjs.org/elliptic/-/elliptic-6.6.1.tgz 0ms (cache hit)
4722 http cache hash.js@https://registry.npmjs.org/hash.js/-/hash.js-1.1.7.tgz 0ms (cache hit)
4723 http cache ws@https://registry.npmjs.org/ws/-/ws-8.18.0.tgz 0ms (cache hit)
4724 http cache bech32@https://registry.npmjs.org/bech32/-/bech32-1.1.4.tgz 0ms (cache hit)
4725 http cache js-sha3@https://registry.npmjs.org/js-sha3/-/js-sha3-0.8.0.tgz 0ms (cache hit)
4726 http cache scrypt-js@https://registry.npmjs.org/scrypt-js/-/scrypt-js-3.0.1.tgz 0ms (cache hit)
4727 http cache aes-js@https://registry.npmjs.org/aes-js/-/aes-js-3.0.0.tgz 0ms (cache hit)
4728 http cache bn.js@https://registry.npmjs.org/bn.js/-/bn.js-5.2.5.tgz 0ms (cache hit)
4729 http cache @ethersproject/wordlists@https://registry.npmjs.org/@ethersproject/wordlists/-/wordlists-5.8.0.tgz 0ms (cache hit)
4730 http cache @ethersproject/web@https://registry.npmjs.org/@ethersproject/web/-/web-5.8.0.tgz 0ms (cache hit)
4731 http cache @ethersproject/wallet@https://registry.npmjs.org/@ethersproject/wallet/-/wallet-5.8.0.tgz 0ms (cache hit)
4732 http cache @ethersproject/units@https://registry.npmjs.org/@ethersproject/units/-/units-5.8.0.tgz 0ms (cache hit)
4733 http cache @ethersproject/transactions@https://registry.npmjs.org/@ethersproject/transactions/-/transactions-5.8.0.tgz 0ms (cache hit)
4734 http cache @ethersproject/strings@https://registry.npmjs.org/@ethersproject/strings/-/strings-5.8.0.tgz 0ms (cache hit)
4735 http cache @ethersproject/solidity@https://registry.npmjs.org/@ethersproject/solidity/-/solidity-5.8.0.tgz 0ms (cache hit)
4736 http cache @ethersproject/signing-key@https://registry.npmjs.org/@ethersproject/signing-key/-/signing-key-5.8.0.tgz 0ms (cache hit)
4737 http cache @ethersproject/sha2@https://registry.npmjs.org/@ethersproject/sha2/-/sha2-5.8.0.tgz 0ms (cache hit)
4738 http cache @ethersproject/rlp@https://registry.npmjs.org/@ethersproject/rlp/-/rlp-5.8.0.tgz 0ms (cache hit)
4739 http cache @ethersproject/random@https://registry.npmjs.org/@ethersproject/random/-/random-5.8.0.tgz 0ms (cache hit)
4740 http cache @ethersproject/providers@https://registry.npmjs.org/@ethersproject/providers/-/providers-5.8.0.tgz 0ms (cache hit)
4741 http cache @ethersproject/properties@https://registry.npmjs.org/@ethersproject/properties/-/properties-5.8.0.tgz 0ms (cache hit)
4742 http cache @ethersproject/pbkdf2@https://registry.npmjs.org/@ethersproject/pbkdf2/-/pbkdf2-5.8.0.tgz 0ms (cache hit)
4743 http cache @ethersproject/logger@https://registry.npmjs.org/@ethersproject/logger/-/logger-5.8.0.tgz 0ms (cache hit)
4744 http cache @ethersproject/networks@https://registry.npmjs.org/@ethersproject/networks/-/networks-5.8.0.tgz 0ms (cache hit)
4745 http cache @ethersproject/json-wallets@https://registry.npmjs.org/@ethersproject/json-wallets/-/json-wallets-5.8.0.tgz 0ms (cache hit)
4746 http cache @ethersproject/keccak256@https://registry.npmjs.org/@ethersproject/keccak256/-/keccak256-5.8.0.tgz 0ms (cache hit)
4747 http cache @ethersproject/hdnode@https://registry.npmjs.org/@ethersproject/hdnode/-/hdnode-5.8.0.tgz 0ms (cache hit)
4748 http cache @ethersproject/hash@https://registry.npmjs.org/@ethersproject/hash/-/hash-5.8.0.tgz 0ms (cache hit)
4749 http cache @ethersproject/constants@https://registry.npmjs.org/@ethersproject/constants/-/constants-5.8.0.tgz 0ms (cache hit)
4750 http cache @ethersproject/bytes@https://registry.npmjs.org/@ethersproject/bytes/-/bytes-5.8.0.tgz 0ms (cache hit)
4751 http cache @ethersproject/contracts@https://registry.npmjs.org/@ethersproject/contracts/-/contracts-5.8.0.tgz 0ms (cache hit)
4752 http cache @ethersproject/bignumber@https://registry.npmjs.org/@ethersproject/bignumber/-/bignumber-5.8.0.tgz 0ms (cache hit)
4753 http cache @ethersproject/basex@https://registry.npmjs.org/@ethersproject/basex/-/basex-5.8.0.tgz 0ms (cache hit)
4754 http cache @ethersproject/base64@https://registry.npmjs.org/@ethersproject/base64/-/base64-5.8.0.tgz 0ms (cache hit)
4755 http cache @ethersproject/address@https://registry.npmjs.org/@ethersproject/address/-/address-5.8.0.tgz 0ms (cache hit)
4756 http cache @ethersproject/abstract-signer@https://registry.npmjs.org/@ethersproject/abstract-signer/-/abstract-signer-5.8.0.tgz 0ms (cache hit)
4757 http cache @ethersproject/abstract-provider@https://registry.npmjs.org/@ethersproject/abstract-provider/-/abstract-provider-5.8.0.tgz 0ms (cache hit)
4758 http cache @ethersproject/abi@https://registry.npmjs.org/@ethersproject/abi/-/abi-5.8.0.tgz 0ms (cache hit)
4759 http cache acorn-jsx@https://registry.npmjs.org/acorn-jsx/-/acorn-jsx-5.3.2.tgz 0ms (cache hit)
4760 http cache acorn@https://registry.npmjs.org/acorn/-/acorn-8.18.0.tgz 0ms (cache hit)
4761 http cache estraverse@https://registry.npmjs.org/estraverse/-/estraverse-5.3.0.tgz 0ms (cache hit)
4762 http cache esrecurse@https://registry.npmjs.org/esrecurse/-/esrecurse-4.3.0.tgz 0ms (cache hit)
4763 http cache @types/esrecurse@https://registry.npmjs.org/@types/esrecurse/-/esrecurse-4.3.1.tgz 0ms (cache hit)
4764 http cache which@https://registry.npmjs.org/which/-/which-2.0.2.tgz 0ms (cache hit)
4765 http cache shebang-command@https://registry.npmjs.org/shebang-command/-/shebang-command-2.0.0.tgz 0ms (cache hit)
4766 http cache path-key@https://registry.npmjs.org/path-key/-/path-key-3.1.1.tgz 0ms (cache hit)
4767 http cache color-name@https://registry.npmjs.org/color-name/-/color-name-1.1.4.tgz 0ms (cache hit)
4768 http cache supports-color@https://registry.npmjs.org/supports-color/-/supports-color-7.2.0.tgz 0ms (cache hit)
4769 http cache color-convert@https://registry.npmjs.org/color-convert/-/color-convert-2.0.1.tgz 0ms (cache hit)
4770 http cache ansi-styles@https://registry.npmjs.org/ansi-styles/-/ansi-styles-4.3.0.tgz 0ms (cache hit)
4771 http cache @humanfs/types@https://registry.npmjs.org/@humanfs/types/-/types-0.15.0.tgz 0ms (cache hit)
4772 http cache @humanfs/core@https://registry.npmjs.org/@humanfs/core/-/core-0.19.2.tgz 0ms (cache hit)
4773 http cache levn@https://registry.npmjs.org/levn/-/levn-0.4.1.tgz 0ms (cache hit)
4774 http cache js-yaml@https://registry.npmjs.org/js-yaml/-/js-yaml-4.3.2.tgz 0ms (cache hit)
4775 http cache import-fresh@https://registry.npmjs.org/import-fresh/-/import-fresh-3.3.1.tgz 0ms (cache hit)
4776 http cache globals@https://registry.npmjs.org/globals/-/globals-14.0.0.tgz 0ms (cache hit)
4777 http cache @types/json-schema@https://registry.npmjs.org/@types/json-schema/-/json-schema-7.0.15.tgz 0ms (cache hit)
4778 http cache @eslint/object-schema@https://registry.npmjs.org/@eslint/object-schema/-/object-schema-2.1.7.tgz 0ms (cache hit)
4779 http cache optionator@https://registry.npmjs.org/optionator/-/optionator-0.9.4.tgz 0ms (cache hit)
4780 http cache natural-compare@https://registry.npmjs.org/natural-compare/-/natural-compare-1.4.0.tgz 0ms (cache hit)
4781 http cache json-stable-stringify-without-jsonify@https://registry.npmjs.org/json-stable-stringify-without-jsonify/-/json-stable-stringify-without-jsonify-1.0.1.tgz 0ms (cache hit)
4782 http cache lodash.merge@https://registry.npmjs.org/lodash.merge/-/lodash.merge-4.6.2.tgz 0ms (cache hit)
4783 http cache imurmurhash@https://registry.npmjs.org/imurmurhash/-/imurmurhash-0.1.4.tgz 0ms (cache hit)
4784 http cache find-up@https://registry.npmjs.org/find-up/-/find-up-5.0.0.tgz 0ms (cache hit)
4785 http cache glob-parent@https://registry.npmjs.org/glob-parent/-/glob-parent-6.0.2.tgz 0ms (cache hit)
4786 http cache file-entry-cache@https://registry.npmjs.org/file-entry-cache/-/file-entry-cache-8.0.0.tgz 0ms (cache hit)
4787 http cache esutils@https://registry.npmjs.org/esutils/-/esutils-2.0.3.tgz 0ms (cache hit)
4788 http cache esquery@https://registry.npmjs.org/esquery/-/esquery-1.7.0.tgz 0ms (cache hit)
4789 http cache espree@https://registry.npmjs.org/espree/-/espree-10.4.0.tgz 0ms (cache hit)
4790 http cache escape-string-regexp@https://registry.npmjs.org/escape-string-regexp/-/escape-string-regexp-4.0.0.tgz 0ms (cache hit)
4791 http cache cross-spawn@https://registry.npmjs.org/cross-spawn/-/cross-spawn-7.0.6.tgz 0ms (cache hit)
4792 http cache chalk@https://registry.npmjs.org/chalk/-/chalk-4.1.2.tgz 0ms (cache hit)
4793 http cache @types/estree@https://registry.npmjs.org/@types/estree/-/estree-1.0.9.tgz 0ms (cache hit)
4794 http cache @humanwhocodes/retry@https://registry.npmjs.org/@humanwhocodes/retry/-/retry-0.4.3.tgz 0ms (cache hit)
4795 http cache @humanwhocodes/module-importer@https://registry.npmjs.org/@humanwhocodes/module-importer/-/module-importer-1.0.1.tgz 0ms (cache hit)
4796 http cache @humanfs/node@https://registry.npmjs.org/@humanfs/node/-/node-0.16.8.tgz 0ms (cache hit)
4797 http cache @eslint/core@https://registry.npmjs.org/@eslint/core/-/core-0.17.0.tgz 0ms (cache hit)
4798 http cache @eslint/eslintrc@https://registry.npmjs.org/@eslint/eslintrc/-/eslintrc-3.3.7.tgz 0ms (cache hit)
4799 http cache @eslint/plugin-kit@https://registry.npmjs.org/@eslint/plugin-kit/-/plugin-kit-0.4.1.tgz 0ms (cache hit)
4800 http cache @eslint/config-helpers@https://registry.npmjs.org/@eslint/config-helpers/-/config-helpers-0.4.2.tgz 0ms (cache hit)
4801 http cache @eslint/config-array@https://registry.npmjs.org/@eslint/config-array/-/config-array-0.21.2.tgz 0ms (cache hit)
4802 http cache @eslint-community/regexpp@https://registry.npmjs.org/@eslint-community/regexpp/-/regexpp-4.12.2.tgz 0ms (cache hit)
4803 http cache open@https://registry.npmjs.org/open/-/open-8.4.2.tgz 0ms (cache hit)
4804 http cache @esbuild/linux-x64@https://registry.npmjs.org/@esbuild/linux-x64/-/linux-x64-0.28.2.tgz 0ms (cache hit)
4805 http cache entities@https://registry.npmjs.org/entities/-/entities-8.1.0.tgz 0ms (cache hit)
4806 http cache ms@https://registry.npmjs.org/ms/-/ms-2.1.3.tgz 0ms (cache hit)
4807 http cache domelementtype@https://registry.npmjs.org/domelementtype/-/domelementtype-3.0.0.tgz 0ms (cache hit)
4808 http cache nth-check@https://registry.npmjs.org/nth-check/-/nth-check-3.0.1.tgz 0ms (cache hit)
4809 http cache boolbase@https://registry.npmjs.org/boolbase/-/boolbase-2.0.0.tgz 0ms (cache hit)
4810 http cache domutils@https://registry.npmjs.org/domutils/-/domutils-4.0.2.tgz 0ms (cache hit)
4811 http cache @codemirror/search@https://registry.npmjs.org/@codemirror/search/-/search-6.7.2.tgz 0ms (cache hit)
4812 http cache readdirp@https://registry.npmjs.org/readdirp/-/readdirp-5.1.1.tgz 0ms (cache hit)
4813 http cache @codemirror/commands@https://registry.npmjs.org/@codemirror/commands/-/commands-6.11.1.tgz 0ms (cache hit)
4814 http cache update-browserslist-db@https://registry.npmjs.org/update-browserslist-db/-/update-browserslist-db-1.3.3.tgz 0ms (cache hit)
4815 http cache node-releases@https://registry.npmjs.org/node-releases/-/node-releases-2.0.57.tgz 0ms (cache hit)
4816 http cache caniuse-lite@https://registry.npmjs.org/caniuse-lite/-/caniuse-lite-1.0.30001814.tgz 0ms (cache hit)
4817 http cache electron-to-chromium@https://registry.npmjs.org/electron-to-chromium/-/electron-to-chromium-1.5.444.tgz 0ms (cache hit)
4818 http cache baseline-browser-mapping@https://registry.npmjs.org/baseline-browser-mapping/-/baseline-browser-mapping-2.11.27.tgz 0ms (cache hit)
4819 http cache postcss-safe-parser@https://registry.npmjs.org/postcss-safe-parser/-/postcss-safe-parser-7.1.0.tgz 0ms (cache hit)
4820 http cache postcss-media-query-parser@https://registry.npmjs.org/postcss-media-query-parser/-/postcss-media-query-parser-0.2.3.tgz 0ms (cache hit)
4821 http cache domhandler@https://registry.npmjs.org/domhandler/-/domhandler-6.0.1.tgz 0ms (cache hit)
4822 http cache dom-serializer@https://registry.npmjs.org/dom-serializer/-/dom-serializer-3.1.1.tgz 0ms (cache hit)
4823 http cache css-what@https://registry.npmjs.org/css-what/-/css-what-8.0.0.tgz 0ms (cache hit)
4824 http cache css-select@https://registry.npmjs.org/css-select/-/css-select-7.0.0.tgz 0ms (cache hit)
4825 http cache estree-walker@https://registry.npmjs.org/estree-walker/-/estree-walker-3.0.3.tgz 0ms (cache hit)
4826 http cache qrcode@https://registry.npmjs.org/qrcode/-/qrcode-1.5.4.tgz 0ms (cache hit)
4827 http cache minimatch@https://registry.npmjs.org/minimatch/-/minimatch-10.2.6.tgz 0ms (cache hit)
4828 http cache debug@https://registry.npmjs.org/debug/-/debug-4.4.3.tgz 0ms (cache hit)
4829 http cache @typescript-eslint/tsconfig-utils@https://registry.npmjs.org/@typescript-eslint/tsconfig-utils/-/tsconfig-utils-8.71.0.tgz 0ms (cache hit)
4830 http cache @typescript-eslint/project-service@https://registry.npmjs.org/@typescript-eslint/project-service/-/project-service-8.71.0.tgz 0ms (cache hit)
4831 http cache @typescript-eslint/visitor-keys@https://registry.npmjs.org/@typescript-eslint/visitor-keys/-/visitor-keys-8.71.0.tgz 0ms (cache hit)
4832 http cache eslint-visitor-keys@https://registry.npmjs.org/eslint-visitor-keys/-/eslint-visitor-keys-3.4.3.tgz 0ms (cache hit)
4833 http cache picocolors@https://registry.npmjs.org/picocolors/-/picocolors-1.1.1.tgz 0ms (cache hit)
4834 http cache @typescript-eslint/typescript-estree@https://registry.npmjs.org/@typescript-eslint/typescript-estree/-/typescript-estree-8.71.0.tgz 0ms (cache hit)
4835 http cache @typescript-eslint/scope-manager@https://registry.npmjs.org/@typescript-eslint/scope-manager/-/scope-manager-8.71.0.tgz 0ms (cache hit)
4836 http cache @eslint-community/eslint-utils@https://registry.npmjs.org/@eslint-community/eslint-utils/-/eslint-utils-4.10.1.tgz 0ms (cache hit)
4837 http cache eslint-scope@https://registry.npmjs.org/eslint-scope/-/eslint-scope-9.1.2.tgz 0ms (cache hit)
4838 http cache ignore@https://registry.npmjs.org/ignore/-/ignore-7.0.8.tgz 0ms (cache hit)
4839 http cache strip-json-comments@https://registry.npmjs.org/strip-json-comments/-/strip-json-comments-3.1.1.tgz 0ms (cache hit)
4840 http cache axobject-query@https://registry.npmjs.org/axobject-query/-/axobject-query-4.1.0.tgz 0ms (cache hit)
4841 http cache aria-query@https://registry.npmjs.org/aria-query/-/aria-query-5.3.2.tgz 0ms (cache hit)
4842 http cache ts-api-utils@https://registry.npmjs.org/ts-api-utils/-/ts-api-utils-2.5.0.tgz 0ms (cache hit)
4843 http cache htmlparser2@https://registry.npmjs.org/htmlparser2/-/htmlparser2-12.0.0.tgz 0ms (cache hit)
4844 http cache @angular-eslint/bundled-angular-compiler@https://registry.npmjs.org/@angular-eslint/bundled-angular-compiler/-/bundled-angular-compiler-22.5.0.tgz 0ms (cache hit)
4845 http cache @angular-eslint/schematics@https://registry.npmjs.org/@angular-eslint/schematics/-/schematics-22.5.0.tgz 0ms (cache hit)
4846 http cache @angular-eslint/template-parser@https://registry.npmjs.org/@angular-eslint/template-parser/-/template-parser-22.5.0.tgz 0ms (cache hit)
4847 http cache @angular-eslint/utils@https://registry.npmjs.org/@angular-eslint/utils/-/utils-22.5.0.tgz 0ms (cache hit)
4848 http cache @typescript-eslint/types@https://registry.npmjs.org/@typescript-eslint/types/-/types-8.71.0.tgz 0ms (cache hit)
4849 http cache @angular-eslint/eslint-plugin-template@https://registry.npmjs.org/@angular-eslint/eslint-plugin-template/-/eslint-plugin-template-22.5.0.tgz 0ms (cache hit)
4850 http cache @typescript-eslint/utils@https://registry.npmjs.org/@typescript-eslint/utils/-/utils-8.71.0.tgz 0ms (cache hit)
4851 http cache @angular-eslint/builder@https://registry.npmjs.org/@angular-eslint/builder/-/builder-22.5.0.tgz 0ms (cache hit)
4852 http cache @angular-eslint/eslint-plugin@https://registry.npmjs.org/@angular-eslint/eslint-plugin/-/eslint-plugin-22.5.0.tgz 0ms (cache hit)
4853 http cache uri-js@https://registry.npmjs.org/uri-js/-/uri-js-4.4.1.tgz 0ms (cache hit)
4854 http cache smtp-address-parser@https://registry.npmjs.org/smtp-address-parser/-/smtp-address-parser-1.1.0.tgz 0ms (cache hit)
4855 http cache schemes@https://registry.npmjs.org/schemes/-/schemes-1.4.0.tgz 0ms (cache hit)
4856 http cache punycode@https://registry.npmjs.org/punycode/-/punycode-2.3.1.tgz 0ms (cache hit)
4857 http cache require-from-string@https://registry.npmjs.org/require-from-string/-/require-from-string-2.0.2.tgz 0ms (cache hit)
4858 http cache json-schema-traverse@https://registry.npmjs.org/json-schema-traverse/-/json-schema-traverse-1.0.0.tgz 0ms (cache hit)
4859 http cache fast-uri@https://registry.npmjs.org/fast-uri/-/fast-uri-3.1.8.tgz 0ms (cache hit)
4860 http cache fast-deep-equal@https://registry.npmjs.org/fast-deep-equal/-/fast-deep-equal-3.1.3.tgz 0ms (cache hit)
4861 http cache zustand@https://registry.npmjs.org/zustand/-/zustand-4.5.7.tgz 0ms (cache hit)
4862 http cache eventemitter3@https://registry.npmjs.org/eventemitter3/-/eventemitter3-4.0.7.tgz 0ms (cache hit)
4863 http cache @vitest/pretty-format@https://registry.npmjs.org/@vitest/pretty-format/-/pretty-format-4.1.11.tgz 0ms (cache hit)
4864 http cache std-env@https://registry.npmjs.org/std-env/-/std-env-4.3.0.tgz 0ms (cache hit)
4865 http cache magicast@https://registry.npmjs.org/magicast/-/magicast-0.5.5.tgz 0ms (cache hit)
4866 http cache tinyrainbow@https://registry.npmjs.org/tinyrainbow/-/tinyrainbow-3.2.0.tgz 0ms (cache hit)
4867 http cache istanbul-reports@https://registry.npmjs.org/istanbul-reports/-/istanbul-reports-3.2.0.tgz 0ms (cache hit)
4868 http cache istanbul-lib-report@https://registry.npmjs.org/istanbul-lib-report/-/istanbul-lib-report-3.0.1.tgz 0ms (cache hit)
4869 http cache istanbul-lib-coverage@https://registry.npmjs.org/istanbul-lib-coverage/-/istanbul-lib-coverage-3.2.2.tgz 0ms (cache hit)
4870 http cache ast-v8-to-istanbul@https://registry.npmjs.org/ast-v8-to-istanbul/-/ast-v8-to-istanbul-1.0.7.tgz 0ms (cache hit)
4871 http cache @vitest/utils@https://registry.npmjs.org/@vitest/utils/-/utils-4.1.11.tgz 0ms (cache hit)
4872 http cache @bcoe/v8-coverage@https://registry.npmjs.org/@bcoe/v8-coverage/-/v8-coverage-1.0.2.tgz 0ms (cache hit)
4873 http cache undici-types@https://registry.npmjs.org/undici-types/-/undici-types-6.21.0.tgz 0ms (cache hit)
4874 http cache @types/send@https://registry.npmjs.org/@types/send/-/send-1.2.1.tgz 0ms (cache hit)
4875 http cache @types/range-parser@https://registry.npmjs.org/@types/range-parser/-/range-parser-1.2.7.tgz 0ms (cache hit)
4876 http cache @types/qs@https://registry.npmjs.org/@types/qs/-/qs-6.15.1.tgz 0ms (cache hit)
4877 http cache node-addon-api@https://registry.npmjs.org/node-addon-api/-/node-addon-api-7.1.1.tgz 0ms (cache hit)
4878 http cache is-glob@https://registry.npmjs.org/is-glob/-/is-glob-4.0.3.tgz 0ms (cache hit)
4879 http cache detect-libc@https://registry.npmjs.org/detect-libc/-/detect-libc-2.1.2.tgz 0ms (cache hit)
4880 http cache @parcel/watcher-linux-x64-glibc@https://registry.npmjs.org/@parcel/watcher-linux-x64-glibc/-/watcher-linux-x64-glibc-2.6.0.tgz 0ms (cache hit)
4881 http cache @modelcontextprotocol/core@https://registry.npmjs.org/@modelcontextprotocol/core/-/core-2.0.0.tgz 0ms (cache hit)
4882 http cache @jridgewell/resolve-uri@https://registry.npmjs.org/@jridgewell/resolve-uri/-/resolve-uri-3.1.2.tgz 0ms (cache hit)
4883 http cache iconv-lite@https://registry.npmjs.org/iconv-lite/-/iconv-lite-0.7.3.tgz 0ms (cache hit)
4884 http cache chardet@https://registry.npmjs.org/chardet/-/chardet-2.2.0.tgz 0ms (cache hit)
4885 http cache @inquirer/external-editor@https://registry.npmjs.org/@inquirer/external-editor/-/external-editor-3.0.5.tgz 0ms (cache hit)
4886 http cache @inquirer/select@https://registry.npmjs.org/@inquirer/select/-/select-5.2.5.tgz 0ms (cache hit)
4887 http cache @inquirer/search@https://registry.npmjs.org/@inquirer/search/-/search-4.3.3.tgz 0ms (cache hit)
4888 http cache @inquirer/rawlist@https://registry.npmjs.org/@inquirer/rawlist/-/rawlist-5.3.5.tgz 0ms (cache hit)
4889 http cache @inquirer/password@https://registry.npmjs.org/@inquirer/password/-/password-5.2.2.tgz 0ms (cache hit)
4890 http cache @inquirer/input@https://registry.npmjs.org/@inquirer/input/-/input-5.1.6.tgz 0ms (cache hit)
4891 http cache @inquirer/number@https://registry.npmjs.org/@inquirer/number/-/number-4.2.3.tgz 0ms (cache hit)
4892 http cache @inquirer/editor@https://registry.npmjs.org/@inquirer/editor/-/editor-5.3.3.tgz 0ms (cache hit)
4893 http cache @inquirer/checkbox@https://registry.npmjs.org/@inquirer/checkbox/-/checkbox-5.2.5.tgz 0ms (cache hit)
4894 http cache @inquirer/expand@https://registry.npmjs.org/@inquirer/expand/-/expand-5.1.5.tgz 0ms (cache hit)
4895 http cache signal-exit@https://registry.npmjs.org/signal-exit/-/signal-exit-4.1.0.tgz 0ms (cache hit)
4896 http cache fast-wrap-ansi@https://registry.npmjs.org/fast-wrap-ansi/-/fast-wrap-ansi-0.2.2.tgz 0ms (cache hit)
4897 http cache mute-stream@https://registry.npmjs.org/mute-stream/-/mute-stream-3.0.0.tgz 0ms (cache hit)
4898 http cache cli-width@https://registry.npmjs.org/cli-width/-/cli-width-4.1.0.tgz 0ms (cache hit)
4899 http cache @inquirer/figures@https://registry.npmjs.org/@inquirer/figures/-/figures-2.0.9.tgz 0ms (cache hit)
4900 http cache @inquirer/ansi@https://registry.npmjs.org/@inquirer/ansi/-/ansi-2.0.8.tgz 0ms (cache hit)
4901 http cache @inquirer/type@https://registry.npmjs.org/@inquirer/type/-/type-4.1.1.tgz 0ms (cache hit)
4902 http cache @inquirer/core@https://registry.npmjs.org/@inquirer/core/-/core-12.0.3.tgz 0ms (cache hit)
4903 http cache @fortawesome/fontawesome-common-types@https://registry.npmjs.org/@fortawesome/fontawesome-common-types/-/fontawesome-common-types-0.2.36.tgz 0ms (cache hit)
4904 http cache packageurl-js@https://registry.npmjs.org/packageurl-js/-/packageurl-js-2.0.1.tgz 0ms (cache hit)
4905 http cache spdx-expression-parse@https://registry.npmjs.org/spdx-expression-parse/-/spdx-expression-parse-4.0.0.tgz 0ms (cache hit)
4906 http cache commander@https://registry.npmjs.org/commander/-/commander-14.0.3.tgz 0ms (cache hit)
4907 http cache normalize-package-data@https://registry.npmjs.org/normalize-package-data/-/normalize-package-data-8.0.0.tgz 0ms (cache hit)
4908 http cache ajv-formats-draft2019@https://registry.npmjs.org/ajv-formats-draft2019/-/ajv-formats-draft2019-1.6.1.tgz 0ms (cache hit)
4909 http cache @cyclonedx/cyclonedx-library@https://registry.npmjs.org/@cyclonedx/cyclonedx-library/-/cyclonedx-library-10.3.0.tgz 0ms (cache hit)
4910 http cache w3c-keyname@https://registry.npmjs.org/w3c-keyname/-/w3c-keyname-2.2.8.tgz 0ms (cache hit)
4911 http cache @marijn/find-cluster-break@https://registry.npmjs.org/@marijn/find-cluster-break/-/find-cluster-break-1.0.4.tgz 0ms (cache hit)
4912 http cache crelt@https://registry.npmjs.org/crelt/-/crelt-1.0.7.tgz 0ms (cache hit)
4913 http cache style-mod@https://registry.npmjs.org/style-mod/-/style-mod-4.1.4.tgz 0ms (cache hit)
4914 http cache @lezer/yaml@https://registry.npmjs.org/@lezer/yaml/-/yaml-1.0.4.tgz 0ms (cache hit)
4915 http cache @lezer/lr@https://registry.npmjs.org/@lezer/lr/-/lr-1.4.10.tgz 0ms (cache hit)
4916 http cache @lezer/highlight@https://registry.npmjs.org/@lezer/highlight/-/highlight-1.2.5.tgz 0ms (cache hit)
4917 http cache @lezer/json@https://registry.npmjs.org/@lezer/json/-/json-1.0.3.tgz 0ms (cache hit)
4918 http cache @lezer/javascript@https://registry.npmjs.org/@lezer/javascript/-/javascript-1.5.6.tgz 0ms (cache hit)
4919 http cache @lezer/common@https://registry.npmjs.org/@lezer/common/-/common-1.5.3.tgz 0ms (cache hit)
4920 http cache @codemirror/view@https://registry.npmjs.org/@codemirror/view/-/view-6.43.13.tgz 0ms (cache hit)
4921 http cache @codemirror/state@https://registry.npmjs.org/@codemirror/state/-/state-6.7.6.tgz 0ms (cache hit)
4922 http cache @codemirror/lint@https://registry.npmjs.org/@codemirror/lint/-/lint-6.9.7.tgz 0ms (cache hit)
4923 http cache @codemirror/language@https://registry.npmjs.org/@codemirror/language/-/language-6.12.4.tgz 0ms (cache hit)
4924 http cache @codemirror/autocomplete@https://registry.npmjs.org/@codemirror/autocomplete/-/autocomplete-6.20.3.tgz 0ms (cache hit)
4925 http cache @babel/helper-string-parser@https://registry.npmjs.org/@babel/helper-string-parser/-/helper-string-parser-8.0.6.tgz 0ms (cache hit)
4926 http cache @babel/helper-globals@https://registry.npmjs.org/@babel/helper-globals/-/helper-globals-8.0.6.tgz 0ms (cache hit)
4927 http cache flru@https://registry.npmjs.org/flru/-/flru-1.0.2.tgz 0ms (cache hit)
4928 http cache @babel/helper-validator-option@https://registry.npmjs.org/@babel/helper-validator-option/-/helper-validator-option-8.0.0.tgz 0ms (cache hit)
4929 http cache @babel/compat-data@https://registry.npmjs.org/@babel/compat-data/-/compat-data-8.0.5.tgz 0ms (cache hit)
4930 http cache jsesc@https://registry.npmjs.org/jsesc/-/jsesc-3.1.0.tgz 0ms (cache hit)
4931 http cache @types/jsesc@https://registry.npmjs.org/@types/jsesc/-/jsesc-2.5.1.tgz 0ms (cache hit)
4932 http cache js-tokens@https://registry.npmjs.org/js-tokens/-/js-tokens-10.0.0.tgz 0ms (cache hit)
4933 http cache verkit@https://registry.npmjs.org/verkit/-/verkit-0.3.2.tgz 0ms (cache hit)
4934 http cache @babel/helper-validator-identifier@https://registry.npmjs.org/@babel/helper-validator-identifier/-/helper-validator-identifier-8.0.6.tgz 0ms (cache hit)
4935 http cache obug@https://registry.npmjs.org/obug/-/obug-2.2.1.tgz 0ms (cache hit)
4936 http cache import-meta-resolve@https://registry.npmjs.org/import-meta-resolve/-/import-meta-resolve-4.2.0.tgz 0ms (cache hit)
4937 http cache json5@https://registry.npmjs.org/json5/-/json5-2.2.3.tgz 0ms (cache hit)
4938 http cache gensync@https://registry.npmjs.org/gensync/-/gensync-1.0.0-beta.2.tgz 0ms (cache hit)
4939 http cache empathic@https://registry.npmjs.org/empathic/-/empathic-2.1.0.tgz 0ms (cache hit)
4940 http cache @types/gensync@https://registry.npmjs.org/@types/gensync/-/gensync-1.0.5.tgz 0ms (cache hit)
4941 http cache @babel/types@https://registry.npmjs.org/@babel/types/-/types-8.0.6.tgz 0ms (cache hit)
4942 http cache @babel/traverse@https://registry.npmjs.org/@babel/traverse/-/traverse-8.0.6.tgz 0ms (cache hit)
4943 http cache @babel/template@https://registry.npmjs.org/@babel/template/-/template-8.0.0.tgz 0ms (cache hit)
4944 http cache @babel/parser@https://registry.npmjs.org/@babel/parser/-/parser-8.0.6.tgz 0ms (cache hit)
4945 http cache @babel/helpers@https://registry.npmjs.org/@babel/helpers/-/helpers-8.0.5.tgz 0ms (cache hit)
4946 http cache @babel/helper-compilation-targets@https://registry.npmjs.org/@babel/helper-compilation-targets/-/helper-compilation-targets-8.0.6.tgz 0ms (cache hit)
4947 http cache @babel/generator@https://registry.npmjs.org/@babel/generator/-/generator-8.0.6.tgz 0ms (cache hit)
4948 http cache @babel/code-frame@https://registry.npmjs.org/@babel/code-frame/-/code-frame-8.0.6.tgz 0ms (cache hit)
4949 http cache reflect-metadata@https://registry.npmjs.org/reflect-metadata/-/reflect-metadata-0.2.2.tgz 0ms (cache hit)
4950 http cache convert-source-map@https://registry.npmjs.org/convert-source-map/-/convert-source-map-1.9.0.tgz 0ms (cache hit)
4951 http cache @standard-schema/spec@https://registry.npmjs.org/@standard-schema/spec/-/spec-1.1.0.tgz 0ms (cache hit)
4952 http cache @jridgewell/sourcemap-codec@https://registry.npmjs.org/@jridgewell/sourcemap-codec/-/sourcemap-codec-1.6.0.tgz 0ms (cache hit)
4953 http cache ora@https://registry.npmjs.org/ora/-/ora-9.4.1.tgz 0ms (cache hit)
4954 http cache zod@https://registry.npmjs.org/zod/-/zod-4.6.5.tgz 0ms (cache hit)
4955 http cache yargs@https://registry.npmjs.org/yargs/-/yargs-18.1.0.tgz 0ms (cache hit)
4956 http cache npm-package-arg@https://registry.npmjs.org/npm-package-arg/-/npm-package-arg-14.0.0.tgz 0ms (cache hit)
4957 http cache @schematics/angular@https://registry.npmjs.org/@schematics/angular/-/angular-22.2.1.tgz 0ms (cache hit)
4958 http cache @modelcontextprotocol/server@https://registry.npmjs.org/@modelcontextprotocol/server/-/server-2.0.0.tgz 0ms (cache hit)
4959 http cache @listr2/prompt-adapter-inquirer@https://registry.npmjs.org/@listr2/prompt-adapter-inquirer/-/prompt-adapter-inquirer-4.2.7.tgz 0ms (cache hit)
4960 http cache @inquirer/prompts@https://registry.npmjs.org/@inquirer/prompts/-/prompts-8.7.2.tgz 0ms (cache hit)
4961 http cache @angular-devkit/schematics@https://registry.npmjs.org/@angular-devkit/schematics/-/schematics-22.2.1.tgz 0ms (cache hit)
4962 http cache parse5@https://registry.npmjs.org/parse5/-/parse5-8.0.1.tgz 0ms (cache hit)
4963 http cache source-map@https://registry.npmjs.org/source-map/-/source-map-0.8.0.tgz 0ms (cache hit)
4964 http cache ajv-formats@https://registry.npmjs.org/ajv-formats/-/ajv-formats-3.0.1.tgz 0ms (cache hit)
4965 http cache ajv@https://registry.npmjs.org/ajv/-/ajv-8.20.0.tgz 0ms (cache hit)
4966 http cache @jridgewell/trace-mapping@https://registry.npmjs.org/@jridgewell/trace-mapping/-/trace-mapping-0.3.31.tgz 0ms (cache hit)
4967 http cache @angular-devkit/core@https://registry.npmjs.org/@angular-devkit/core/-/core-22.2.1.tgz 0ms (cache hit)
4968 http cache @jridgewell/gen-mapping@https://registry.npmjs.org/@jridgewell/gen-mapping/-/gen-mapping-0.3.13.tgz 0ms (cache hit)
4969 http cache xxhash-wasm@https://registry.npmjs.org/xxhash-wasm/-/xxhash-wasm-1.1.0.tgz 0ms (cache hit)
4970 http cache tinyglobby@https://registry.npmjs.org/tinyglobby/-/tinyglobby-0.2.17.tgz 0ms (cache hit)
4971 http cache source-map-support@https://registry.npmjs.org/source-map-support/-/source-map-support-0.5.21.tgz 0ms (cache hit)
4972 http cache sass-embedded@https://registry.npmjs.org/sass-embedded/-/sass-embedded-1.104.1.tgz 0ms (cache hit)
4973 http cache semver@https://registry.npmjs.org/semver/-/semver-7.8.5.tgz 0ms (cache hit)
4974 http cache rolldown@https://registry.npmjs.org/rolldown/-/rolldown-1.2.8.tgz 0ms (cache hit)
4975 http cache piscina@https://registry.npmjs.org/piscina/-/piscina-5.3.2.tgz 0ms (cache hit)
4976 http cache picomatch@https://registry.npmjs.org/picomatch/-/picomatch-4.0.7.tgz 0ms (cache hit)
4977 http cache parse5-html-rewriting-stream@https://registry.npmjs.org/parse5-html-rewriting-stream/-/parse5-html-rewriting-stream-8.0.1.tgz 0ms (cache hit)
4978 http cache oxc-parser@https://registry.npmjs.org/oxc-parser/-/oxc-parser-0.150.0.tgz 0ms (cache hit)
4979 http cache mrmime@https://registry.npmjs.org/mrmime/-/mrmime-2.0.1.tgz 0ms (cache hit)
4980 http cache magic-string@https://registry.npmjs.org/magic-string/-/magic-string-1.4.1.tgz 0ms (cache hit)
4981 http cache lmdb@https://registry.npmjs.org/lmdb/-/lmdb-3.5.6.tgz 0ms (cache hit)
4982 http cache listr2@https://registry.npmjs.org/listr2/-/listr2-11.1.0.tgz 0ms (cache hit)
4983 http cache jsonc-parser@https://registry.npmjs.org/jsonc-parser/-/jsonc-parser-3.3.1.tgz 0ms (cache hit)
4984 http cache esbuild@https://registry.npmjs.org/esbuild/-/esbuild-0.28.2.tgz 0ms (cache hit)
4985 http cache https-proxy-agent@https://registry.npmjs.org/https-proxy-agent/-/https-proxy-agent-9.1.0.tgz 0ms (cache hit)
4986 http cache chokidar@https://registry.npmjs.org/chokidar/-/chokidar-5.0.0.tgz 0ms (cache hit)
4987 http cache browserslist@https://registry.npmjs.org/browserslist/-/browserslist-4.29.3.tgz 0ms (cache hit)
4988 http cache beasties@https://registry.npmjs.org/beasties/-/beasties-0.5.4.tgz 0ms (cache hit)
4989 http cache vite@https://registry.npmjs.org/vite/-/vite-8.3.0.tgz 0ms (cache hit)
4990 http cache @vitejs/plugin-basic-ssl@https://registry.npmjs.org/@vitejs/plugin-basic-ssl/-/plugin-basic-ssl-2.3.0.tgz 0ms (cache hit)
4991 http cache @inquirer/confirm@https://registry.npmjs.org/@inquirer/confirm/-/confirm-6.3.2.tgz 0ms (cache hit)
4992 http cache @parcel/watcher@https://registry.npmjs.org/@parcel/watcher/-/watcher-2.6.0.tgz 0ms (cache hit)
4993 http cache @babel/core@https://registry.npmjs.org/@babel/core/-/core-8.0.5.tgz 0ms (cache hit)
4994 http cache @angular-devkit/architect@https://registry.npmjs.org/@angular-devkit/architect/-/architect-0.2202.1.tgz 0ms (cache hit)
4995 http cache @ampproject/remapping@https://registry.npmjs.org/@ampproject/remapping/-/remapping-2.3.0.tgz 0ms (cache hit)
4996 http cache zone.js@https://registry.npmjs.org/zone.js/-/zone.js-0.15.1.tgz 0ms (cache hit)
4997 http cache stylelint-scss@https://registry.npmjs.org/stylelint-scss/-/stylelint-scss-6.14.0.tgz 0ms (cache hit)
4998 http cache postcss@https://registry.npmjs.org/postcss/-/postcss-8.5.28.tgz 0ms (cache hit)
4999 http cache stylelint-config-sass-guidelines@https://registry.npmjs.org/stylelint-config-sass-guidelines/-/stylelint-config-sass-guidelines-12.1.0.tgz 0ms (cache hit)
5000 http cache stylelint@https://registry.npmjs.org/stylelint/-/stylelint-16.26.1.tgz 0ms (cache hit)
5001 http cache socket.io-client@https://registry.npmjs.org/socket.io-client/-/socket.io-client-3.1.3.tgz 0ms (cache hit)
5002 http cache solidity-browser-compiler@https://registry.npmjs.org/solidity-browser-compiler/-/solidity-browser-compiler-1.1.0.tgz 0ms (cache hit)
5003 http cache snarkdown@https://registry.npmjs.org/snarkdown/-/snarkdown-1.2.2.tgz 0ms (cache hit)
5004 http cache sass@https://registry.npmjs.org/sass/-/sass-1.105.1.tgz 0ms (cache hit)
5005 http cache ngx-window-token@https://registry.npmjs.org/ngx-window-token/-/ngx-window-token-7.0.0.tgz 0ms (cache hit)
5006 http cache ngy-cookie@https://registry.npmjs.org/ngy-cookie/-/ngy-cookie-6.0.1000.tgz 0ms (cache hit)
5007 http cache ng2-file-upload@https://registry.npmjs.org/ng2-file-upload/-/ng2-file-upload-10.0.0.tgz 0ms (cache hit)
5008 http cache ng-gallery@https://registry.npmjs.org/ng-gallery/-/ng-gallery-12.0.0.tgz 0ms (cache hit)
5009 http cache lodash-es@https://registry.npmjs.org/lodash-es/-/lodash-es-4.18.1.tgz 1ms (cache hit)
5010 http cache material-icons@https://registry.npmjs.org/material-icons/-/material-icons-1.13.14.tgz 0ms (cache hit)
5011 http cache jwt-decode@https://registry.npmjs.org/jwt-decode/-/jwt-decode-4.0.0.tgz 0ms (cache hit)
5012 http cache jsdom@https://registry.npmjs.org/jsdom/-/jsdom-29.1.1.tgz 0ms (cache hit)
5013 http cache flag-icons@https://registry.npmjs.org/flag-icons/-/flag-icons-6.15.0.tgz 0ms (cache hit)
5014 http cache font-mfizz@https://registry.npmjs.org/font-mfizz/-/font-mfizz-2.4.1.tgz 0ms (cache hit)
5015 http cache esbuild-visualizer@https://registry.npmjs.org/esbuild-visualizer/-/esbuild-visualizer-0.7.0.tgz 0ms (cache hit)
5016 http cache cookieconsent@https://registry.npmjs.org/cookieconsent/-/cookieconsent-3.1.1.tgz 0ms (cache hit)
5017 http cache codemirror@https://registry.npmjs.org/codemirror/-/codemirror-6.0.2.tgz 0ms (cache hit)
5018 http cache canvas-confetti@https://registry.npmjs.org/canvas-confetti/-/canvas-confetti-1.9.4.tgz 0ms (cache hit)
5019 http cache angularx-qrcode@https://registry.npmjs.org/angularx-qrcode/-/angularx-qrcode-21.0.5.tgz 0ms (cache hit)
5020 http cache typescript-eslint@https://registry.npmjs.org/typescript-eslint/-/typescript-eslint-8.71.0.tgz 0ms (cache hit)
5021 http cache eslint@https://registry.npmjs.org/eslint/-/eslint-9.39.5.tgz 0ms (cache hit)
5022 http cache angular-eslint@https://registry.npmjs.org/angular-eslint/-/angular-eslint-22.5.0.tgz 0ms (cache hit)
5023 http cache ethers@https://registry.npmjs.org/ethers/-/ethers-5.8.0.tgz 0ms (cache hit)
5024 http cache @wagmi/core@https://registry.npmjs.org/@wagmi/core/-/core-0.5.8.tgz 0ms (cache hit)
5025 http cache vitest@https://registry.npmjs.org/vitest/-/vitest-4.1.11.tgz 0ms (cache hit)
5026 http cache @vitest/coverage-v8@https://registry.npmjs.org/@vitest/coverage-v8/-/coverage-v8-4.1.11.tgz 0ms (cache hit)
5027 http cache @types/socket.io-client@https://registry.npmjs.org/@types/socket.io-client/-/socket.io-client-1.4.36.tgz 0ms (cache hit)
5028 http cache @types/node@https://registry.npmjs.org/@types/node/-/node-20.19.43.tgz 0ms (cache hit)
5029 http cache @types/jwt-decode@https://registry.npmjs.org/@types/jwt-decode/-/jwt-decode-2.2.1.tgz 0ms (cache hit)
5030 http cache @types/express-serve-static-core@https://registry.npmjs.org/@types/express-serve-static-core/-/express-serve-static-core-4.19.9.tgz 0ms (cache hit)
5031 http cache @ngx-translate/http-loader@https://registry.npmjs.org/@ngx-translate/http-loader/-/http-loader-17.0.0.tgz 0ms (cache hit)
5032 http cache @ngx-translate/core@https://registry.npmjs.org/@ngx-translate/core/-/core-17.0.0.tgz 0ms (cache hit)
5033 http cache @fortawesome/free-solid-svg-icons@https://registry.npmjs.org/@fortawesome/free-solid-svg-icons/-/free-solid-svg-icons-5.15.4.tgz 0ms (cache hit)
5034 http cache @fortawesome/free-regular-svg-icons@https://registry.npmjs.org/@fortawesome/free-regular-svg-icons/-/free-regular-svg-icons-5.15.4.tgz 0ms (cache hit)
5035 http cache @fortawesome/free-brands-svg-icons@https://registry.npmjs.org/@fortawesome/free-brands-svg-icons/-/free-brands-svg-icons-5.15.4.tgz 0ms (cache hit)
5036 http cache @fortawesome/fontawesome-svg-core@https://registry.npmjs.org/@fortawesome/fontawesome-svg-core/-/fontawesome-svg-core-1.2.36.tgz 0ms (cache hit)
5037 http cache @eslint/js@https://registry.npmjs.org/@eslint/js/-/js-9.33.0.tgz 0ms (cache hit)
5038 http cache @cyclonedx/cyclonedx-esbuild@https://registry.npmjs.org/@cyclonedx/cyclonedx-esbuild/-/cyclonedx-esbuild-1.4.4.tgz 0ms (cache hit)
5039 http cache @codemirror/merge@https://registry.npmjs.org/@codemirror/merge/-/merge-6.12.2.tgz 0ms (cache hit)
5040 http cache @codemirror/lang-yaml@https://registry.npmjs.org/@codemirror/lang-yaml/-/lang-yaml-6.1.3.tgz 0ms (cache hit)
5041 http cache @codemirror/lang-json@https://registry.npmjs.org/@codemirror/lang-json/-/lang-json-6.0.2.tgz 0ms (cache hit)
5042 http cache @codemirror/lang-javascript@https://registry.npmjs.org/@codemirror/lang-javascript/-/lang-javascript-6.2.5.tgz 0ms (cache hit)
5043 http cache @angular/router@https://registry.npmjs.org/@angular/router/-/router-22.2.1.tgz 0ms (cache hit)
5044 http cache @angular/material@https://registry.npmjs.org/@angular/material/-/material-22.2.1.tgz 0ms (cache hit)
5045 http cache @angular/cli@https://registry.npmjs.org/@angular/cli/-/cli-22.2.1.tgz 0ms (cache hit)
5046 http cache @angular/language-service@https://registry.npmjs.org/@angular/language-service/-/language-service-22.2.1.tgz 0ms (cache hit)
5047 http cache @angular/platform-browser@https://registry.npmjs.org/@angular/platform-browser/-/platform-browser-22.2.1.tgz 0ms (cache hit)
5048 http cache @angular/common@https://registry.npmjs.org/@angular/common/-/common-22.2.1.tgz 0ms (cache hit)
5049 http cache @angular/forms@https://registry.npmjs.org/@angular/forms/-/forms-22.2.1.tgz 0ms (cache hit)
5050 http cache @angular/cdk@https://registry.npmjs.org/@angular/cdk/-/cdk-22.2.1.tgz 1ms (cache hit)
5051 http cache @angular/compiler-cli@https://registry.npmjs.org/@angular/compiler-cli/-/compiler-cli-22.2.1.tgz 0ms (cache hit)
5052 http cache typescript@https://registry.npmjs.org/typescript/-/typescript-6.0.3.tgz 0ms (cache hit)
5053 http cache @angular/compiler@https://registry.npmjs.org/@angular/compiler/-/compiler-22.2.1.tgz 0ms (cache hit)
5054 http cache tslib@https://registry.npmjs.org/tslib/-/tslib-2.8.1.tgz 0ms (cache hit)
5055 http cache @angular/build@https://registry.npmjs.org/@angular/build/-/build-22.2.1.tgz 0ms (cache hit)
5056 http cache rxjs@https://registry.npmjs.org/rxjs/-/rxjs-7.8.2.tgz 0ms (cache hit)
5057 http cache @angular/core@https://registry.npmjs.org/@angular/core/-/core-22.2.1.tgz 0ms (cache hit)
5058 http cache @angular/animations@https://registry.npmjs.org/@angular/animations/-/animations-22.2.1.tgz 0ms (cache hit)
5059 http cache keyv@https://registry.npmjs.org/keyv/-/keyv-5.6.0.tgz 0ms (cache hit)
5060 http cache keyv@https://registry.npmjs.org/keyv/-/keyv-5.6.0.tgz 0ms (cache hit)
5061 http cache @keyv/bigmap@https://registry.npmjs.org/@keyv/bigmap/-/bigmap-1.3.1.tgz 0ms (cache hit)
5062 http cache keyv@https://registry.npmjs.org/keyv/-/keyv-5.6.0.tgz 0ms (cache hit)
5063 http cache hookified@https://registry.npmjs.org/hookified/-/hookified-2.2.0.tgz 0ms (cache hit)
5064 http cache ansi-styles@https://registry.npmjs.org/ansi-styles/-/ansi-styles-6.2.3.tgz 0ms (cache hit)
5065 http cache wrap-ansi@https://registry.npmjs.org/wrap-ansi/-/wrap-ansi-9.0.2.tgz 0ms (cache hit)
5066 http cache string-width@https://registry.npmjs.org/string-width/-/string-width-7.2.0.tgz 0ms (cache hit)
5067 http cache magic-string@https://registry.npmjs.org/magic-string/-/magic-string-0.30.21.tgz 0ms (cache hit)
5068 http cache magic-string@https://registry.npmjs.org/magic-string/-/magic-string-0.30.21.tgz 0ms (cache hit)
5069 http cache spdx-expression-parse@https://registry.npmjs.org/spdx-expression-parse/-/spdx-expression-parse-3.0.1.tgz 0ms (cache hit)
5070 http cache postcss-selector-parser@https://registry.npmjs.org/postcss-selector-parser/-/postcss-selector-parser-6.1.4.tgz 0ms (cache hit)
5071 http cache @csstools/media-query-list-parser@https://registry.npmjs.org/@csstools/media-query-list-parser/-/media-query-list-parser-3.0.1.tgz 0ms (cache hit)
5072 http cache @csstools/css-tokenizer@https://registry.npmjs.org/@csstools/css-tokenizer/-/css-tokenizer-3.0.4.tgz 0ms (cache hit)
5073 http cache @csstools/css-parser-algorithms@https://registry.npmjs.org/@csstools/css-parser-algorithms/-/css-parser-algorithms-3.0.5.tgz 0ms (cache hit)
5074 http cache which@https://registry.npmjs.org/which/-/which-1.3.1.tgz 0ms (cache hit)
5075 http cache js-tokens@https://registry.npmjs.org/js-tokens/-/js-tokens-4.0.0.tgz 0ms (cache hit)
5076 http cache @babel/helper-validator-identifier@https://registry.npmjs.org/@babel/helper-validator-identifier/-/helper-validator-identifier-7.29.7.tgz 0ms (cache hit)
5077 http cache ansi-regex@https://registry.npmjs.org/ansi-regex/-/ansi-regex-5.0.1.tgz 0ms (cache hit)
5078 http cache @babel/code-frame@https://registry.npmjs.org/@babel/code-frame/-/code-frame-7.29.7.tgz 0ms (cache hit)
5079 http cache emoji-regex@https://registry.npmjs.org/emoji-regex/-/emoji-regex-8.0.0.tgz 0ms (cache hit)
5080 http cache strip-ansi@https://registry.npmjs.org/strip-ansi/-/strip-ansi-6.0.1.tgz 0ms (cache hit)
5081 http cache is-fullwidth-code-point@https://registry.npmjs.org/is-fullwidth-code-point/-/is-fullwidth-code-point-3.0.0.tgz 0ms (cache hit)
5082 http cache string-width@https://registry.npmjs.org/string-width/-/string-width-4.2.3.tgz 0ms (cache hit)
5083 http cache slice-ansi@https://registry.npmjs.org/slice-ansi/-/slice-ansi-4.0.0.tgz 0ms (cache hit)
5084 http cache picomatch@https://registry.npmjs.org/picomatch/-/picomatch-2.3.2.tgz 0ms (cache hit)
5085 http cache ignore@https://registry.npmjs.org/ignore/-/ignore-5.3.2.tgz 0ms (cache hit)
5086 http cache glob-parent@https://registry.npmjs.org/glob-parent/-/glob-parent-5.1.2.tgz 0ms (cache hit)
5087 http cache debug@https://registry.npmjs.org/debug/-/debug-4.3.7.tgz 0ms (cache hit)
5088 http cache debug@https://registry.npmjs.org/debug/-/debug-4.3.7.tgz 0ms (cache hit)
5089 http cache ws@https://registry.npmjs.org/ws/-/ws-7.4.6.tgz 0ms (cache hit)
5090 http cache commander@https://registry.npmjs.org/commander/-/commander-2.20.3.tgz 0ms (cache hit)
5091 http cache spdx-expression-parse@https://registry.npmjs.org/spdx-expression-parse/-/spdx-expression-parse-3.0.1.tgz 0ms (cache hit)
5092 http cache ansi-styles@https://registry.npmjs.org/ansi-styles/-/ansi-styles-6.2.3.tgz 0ms (cache hit)
5093 http cache ansi-styles@https://registry.npmjs.org/ansi-styles/-/ansi-styles-6.2.3.tgz 0ms (cache hit)
5094 http cache bn.js@https://registry.npmjs.org/bn.js/-/bn.js-4.12.5.tgz 0ms (cache hit)
5095 http cache eslint-visitor-keys@https://registry.npmjs.org/eslint-visitor-keys/-/eslint-visitor-keys-4.2.1.tgz 0ms (cache hit)
5096 http cache balanced-match@https://registry.npmjs.org/balanced-match/-/balanced-match-1.0.2.tgz 0ms (cache hit)
5097 http cache brace-expansion@https://registry.npmjs.org/brace-expansion/-/brace-expansion-1.1.21.tgz 0ms (cache hit)
5098 http cache json-schema-traverse@https://registry.npmjs.org/json-schema-traverse/-/json-schema-traverse-0.4.1.tgz 0ms (cache hit)
5099 http cache minimatch@https://registry.npmjs.org/minimatch/-/minimatch-3.1.5.tgz 0ms (cache hit)
5100 http cache ajv@https://registry.npmjs.org/ajv/-/ajv-6.15.0.tgz 0ms (cache hit)
5101 http cache ignore@https://registry.npmjs.org/ignore/-/ignore-5.3.2.tgz 0ms (cache hit)
5102 http cache balanced-match@https://registry.npmjs.org/balanced-match/-/balanced-match-1.0.2.tgz 0ms (cache hit)
5103 http cache minimatch@https://registry.npmjs.org/minimatch/-/minimatch-3.1.5.tgz 0ms (cache hit)
5104 http cache is-fullwidth-code-point@https://registry.npmjs.org/is-fullwidth-code-point/-/is-fullwidth-code-point-3.0.0.tgz 0ms (cache hit)
5105 http cache brace-expansion@https://registry.npmjs.org/brace-expansion/-/brace-expansion-1.1.21.tgz 0ms (cache hit)
5106 http cache emoji-regex@https://registry.npmjs.org/emoji-regex/-/emoji-regex-8.0.0.tgz 0ms (cache hit)
5107 http cache ansi-regex@https://registry.npmjs.org/ansi-regex/-/ansi-regex-5.0.1.tgz 0ms (cache hit)
5108 http cache p-limit@https://registry.npmjs.org/p-limit/-/p-limit-2.3.0.tgz 0ms (cache hit)
5109 http cache p-locate@https://registry.npmjs.org/p-locate/-/p-locate-4.1.0.tgz 0ms (cache hit)
5110 http cache locate-path@https://registry.npmjs.org/locate-path/-/locate-path-5.0.0.tgz 0ms (cache hit)
5111 http cache wrap-ansi@https://registry.npmjs.org/wrap-ansi/-/wrap-ansi-6.2.0.tgz 0ms (cache hit)
5112 http cache strip-ansi@https://registry.npmjs.org/strip-ansi/-/strip-ansi-6.0.1.tgz 0ms (cache hit)
5113 http cache y18n@https://registry.npmjs.org/y18n/-/y18n-4.0.3.tgz 0ms (cache hit)
5114 http cache yargs-parser@https://registry.npmjs.org/yargs-parser/-/yargs-parser-18.1.3.tgz 0ms (cache hit)
5115 http cache find-up@https://registry.npmjs.org/find-up/-/find-up-4.1.0.tgz 0ms (cache hit)
5116 http cache string-width@https://registry.npmjs.org/string-width/-/string-width-4.2.3.tgz 0ms (cache hit)
5117 http cache cliui@https://registry.npmjs.org/cliui/-/cliui-6.0.0.tgz 0ms (cache hit)
5118 http cache yargs@https://registry.npmjs.org/yargs/-/yargs-15.4.1.tgz 0ms (cache hit)
5119 http cache eslint-visitor-keys@https://registry.npmjs.org/eslint-visitor-keys/-/eslint-visitor-keys-5.0.1.tgz 0ms (cache hit)
5120 http cache @babel/helper-validator-identifier@https://registry.npmjs.org/@babel/helper-validator-identifier/-/helper-validator-identifier-7.29.7.tgz 0ms (cache hit)
5121 http cache @babel/helper-string-parser@https://registry.npmjs.org/@babel/helper-string-parser/-/helper-string-parser-7.29.7.tgz 0ms (cache hit)
5122 http cache @babel/types@https://registry.npmjs.org/@babel/types/-/types-7.29.8.tgz 0ms (cache hit)
5123 http cache @babel/parser@https://registry.npmjs.org/@babel/parser/-/parser-7.29.9.tgz 0ms (cache hit)
5124 http cache convert-source-map@https://registry.npmjs.org/convert-source-map/-/convert-source-map-2.0.0.tgz 0ms (cache hit)
5125 http cache @jridgewell/gen-mapping@https://registry.npmjs.org/@jridgewell/gen-mapping/-/gen-mapping-0.4.0-beta.0.tgz 0ms (cache hit)
5126 http cache chalk@https://registry.npmjs.org/chalk/-/chalk-5.6.2.tgz 0ms (cache hit)
5127 http cache hosted-git-info@https://registry.npmjs.org/hosted-git-info/-/hosted-git-info-10.1.1.tgz 0ms (cache hit)
5128 http cache source-map@https://registry.npmjs.org/source-map/-/source-map-0.6.1.tgz 0ms (cache hit)
5129 http cache @oxc-project/types@https://registry.npmjs.org/@oxc-project/types/-/types-0.149.0.tgz 0ms (cache hit)
5130 http cache node-addon-api@https://registry.npmjs.org/node-addon-api/-/node-addon-api-6.1.0.tgz 0ms (cache hit)
5131 http cache convert-source-map@https://registry.npmjs.org/convert-source-map/-/convert-source-map-2.0.0.tgz 0ms (cache hit)
5132 http cache supports-color@https://registry.npmjs.org/supports-color/-/supports-color-8.1.1.tgz 0ms (cache hit)
5133 http cache ansi-regex@https://registry.npmjs.org/ansi-regex/-/ansi-regex-5.0.1.tgz 0ms (cache hit)
5134 http cache strip-ansi@https://registry.npmjs.org/strip-ansi/-/strip-ansi-6.0.1.tgz 0ms (cache hit)
5135 http cache is-fullwidth-code-point@https://registry.npmjs.org/is-fullwidth-code-point/-/is-fullwidth-code-point-3.0.0.tgz 0ms (cache hit)
5136 http cache emoji-regex@https://registry.npmjs.org/emoji-regex/-/emoji-regex-8.0.0.tgz 0ms (cache hit)
5137 http cache string-width@https://registry.npmjs.org/string-width/-/string-width-4.2.3.tgz 0ms (cache hit)
5138 http cache flat-cache@https://registry.npmjs.org/flat-cache/-/flat-cache-6.1.23.tgz 0ms (cache hit)
5139 http cache resolve-from@https://registry.npmjs.org/resolve-from/-/resolve-from-5.0.0.tgz 0ms (cache hit)
5140 http cache file-entry-cache@https://registry.npmjs.org/file-entry-cache/-/file-entry-cache-11.1.5.tgz 0ms (cache hit)
5141 http cache balanced-match@https://registry.npmjs.org/balanced-match/-/balanced-match-2.0.0.tgz 0ms (cache hit)
5142 http cache @csstools/media-query-list-parser@https://registry.npmjs.org/@csstools/media-query-list-parser/-/media-query-list-parser-4.0.3.tgz 0ms (cache hit)
5143 http cache @csstools/css-tokenizer@https://registry.npmjs.org/@csstools/css-tokenizer/-/css-tokenizer-3.0.4.tgz 0ms (cache hit)
5144 http cache @csstools/css-parser-algorithms@https://registry.npmjs.org/@csstools/css-parser-algorithms/-/css-parser-algorithms-3.0.5.tgz 0ms (cache hit)
5145 http cache debug@https://registry.npmjs.org/debug/-/debug-4.3.7.tgz 0ms (cache hit)
5146 http cache is-fullwidth-code-point@https://registry.npmjs.org/is-fullwidth-code-point/-/is-fullwidth-code-point-3.0.0.tgz 0ms (cache hit)
5147 http cache ansi-regex@https://registry.npmjs.org/ansi-regex/-/ansi-regex-5.0.1.tgz 0ms (cache hit)
5148 http cache strip-ansi@https://registry.npmjs.org/strip-ansi/-/strip-ansi-6.0.1.tgz 0ms (cache hit)
5149 http cache wrap-ansi@https://registry.npmjs.org/wrap-ansi/-/wrap-ansi-7.0.0.tgz 0ms (cache hit)
5150 http cache emoji-regex@https://registry.npmjs.org/emoji-regex/-/emoji-regex-8.0.0.tgz 0ms (cache hit)
5151 http cache string-width@https://registry.npmjs.org/string-width/-/string-width-4.2.3.tgz 0ms (cache hit)
5152 http cache yargs-parser@https://registry.npmjs.org/yargs-parser/-/yargs-parser-21.1.1.tgz 0ms (cache hit)
5153 http cache cliui@https://registry.npmjs.org/cliui/-/cliui-8.0.1.tgz 0ms (cache hit)
5154 http cache yargs@https://registry.npmjs.org/yargs/-/yargs-17.7.3.tgz 0ms (cache hit)
5155 http cache json-schema-traverse@https://registry.npmjs.org/json-schema-traverse/-/json-schema-traverse-0.4.1.tgz 0ms (cache hit)
5156 http cache balanced-match@https://registry.npmjs.org/balanced-match/-/balanced-match-1.0.2.tgz 0ms (cache hit)
5157 http cache brace-expansion@https://registry.npmjs.org/brace-expansion/-/brace-expansion-1.1.21.tgz 0ms (cache hit)
5158 http cache minimatch@https://registry.npmjs.org/minimatch/-/minimatch-3.1.5.tgz 0ms (cache hit)
5159 http cache ignore@https://registry.npmjs.org/ignore/-/ignore-5.3.2.tgz 0ms (cache hit)
5160 http cache eslint-visitor-keys@https://registry.npmjs.org/eslint-visitor-keys/-/eslint-visitor-keys-4.2.1.tgz 0ms (cache hit)
5161 http cache eslint-scope@https://registry.npmjs.org/eslint-scope/-/eslint-scope-8.4.0.tgz 0ms (cache hit)
5162 http cache ajv@https://registry.npmjs.org/ajv/-/ajv-6.15.0.tgz 0ms (cache hit)
5163 http cache magic-string@https://registry.npmjs.org/magic-string/-/magic-string-0.30.21.tgz 0ms (cache hit)
5164 http cache @eslint/js@https://registry.npmjs.org/@eslint/js/-/js-9.39.5.tgz 0ms (cache hit)
5165 http cache @babel/core@https://registry.npmjs.org/@babel/core/-/core-8.0.1.tgz 0ms (cache hit)
5166 http cache sass@https://registry.npmjs.org/sass/-/sass-1.104.1.tgz 0ms (cache hit)
5167 http cache convert-source-map@https://registry.npmjs.org/convert-source-map/-/convert-source-map-2.0.0.tgz 0ms (cache hit)
5168 silly tarball no local data for astral-regex@https://registry.npmjs.org/astral-regex/-/astral-regex-2.0.0.tgz. Extracting by manifest.
5169 silly tarball no local data for hashery@https://registry.npmjs.org/hashery/-/hashery-1.5.1.tgz. Extracting by manifest.
5170 silly tarball no local data for qified@https://registry.npmjs.org/qified/-/qified-0.10.1.tgz. Extracting by manifest.
5171 silly tarball no local data for @cacheable/utils@https://registry.npmjs.org/@cacheable/utils/-/utils-2.5.0.tgz. Extracting by manifest.
5172 silly tarball no local data for @cacheable/memory@https://registry.npmjs.org/@cacheable/memory/-/memory-2.2.0.tgz. Extracting by manifest.
5173 silly tarball no local data for hookified@https://registry.npmjs.org/hookified/-/hookified-1.15.1.tgz. Extracting by manifest.
5174 silly tarball no local data for cacheable@https://registry.npmjs.org/cacheable/-/cacheable-2.5.0.tgz. Extracting by manifest.
5175 silly tarball no local data for @keyv/serialize@https://registry.npmjs.org/@keyv/serialize/-/serialize-1.1.1.tgz. Extracting by manifest.
5176 silly tarball no local data for react@https://registry.npmjs.org/react/-/react-19.3.0.tgz. Extracting by manifest.
5177 silly tarball no local data for use-sync-external-store@https://registry.npmjs.org/use-sync-external-store/-/use-sync-external-store-1.7.0.tgz. Extracting by manifest.
5178 silly tarball no local data for yargs-parser@https://registry.npmjs.org/yargs-parser/-/yargs-parser-22.0.0.tgz. Extracting by manifest.
5179 silly tarball no local data for y18n@https://registry.npmjs.org/y18n/-/y18n-5.0.8.tgz. Extracting by manifest.
5180 silly tarball no local data for cliui@https://registry.npmjs.org/cliui/-/cliui-9.0.1.tgz. Extracting by manifest.
5181 silly tarball no local data for stackback@https://registry.npmjs.org/stackback/-/stackback-0.0.2.tgz. Extracting by manifest.
5182 silly tarball no local data for siginfo@https://registry.npmjs.org/siginfo/-/siginfo-2.0.0.tgz. Extracting by manifest.
5183 silly tarball no local data for tr46@https://registry.npmjs.org/tr46/-/tr46-6.0.0.tgz. Extracting by manifest.
5184 silly tarball no local data for assertion-error@https://registry.npmjs.org/assertion-error/-/assertion-error-2.0.1.tgz. Extracting by manifest.
5185 silly tarball no local data for @types/deep-eql@https://registry.npmjs.org/@types/deep-eql/-/deep-eql-4.0.2.tgz. Extracting by manifest.
5186 silly tarball no local data for chai@https://registry.npmjs.org/chai/-/chai-6.3.0.tgz. Extracting by manifest.
5187 silly tarball no local data for why-is-node-running@https://registry.npmjs.org/why-is-node-running/-/why-is-node-running-2.3.0.tgz. Extracting by manifest.
5188 silly tarball no local data for @types/chai@https://registry.npmjs.org/@types/chai/-/chai-5.2.3.tgz. Extracting by manifest.
5189 silly tarball no local data for tinyexec@https://registry.npmjs.org/tinyexec/-/tinyexec-1.3.1.tgz. Extracting by manifest.
5190 silly tarball no local data for tinybench@https://registry.npmjs.org/tinybench/-/tinybench-2.9.0.tgz. Extracting by manifest.
5191 silly tarball no local data for pathe@https://registry.npmjs.org/pathe/-/pathe-2.0.3.tgz. Extracting by manifest.
5192 silly tarball no local data for expect-type@https://registry.npmjs.org/expect-type/-/expect-type-1.4.0.tgz. Extracting by manifest.
5193 silly tarball no local data for @vitest/spy@https://registry.npmjs.org/@vitest/spy/-/spy-4.1.11.tgz. Extracting by manifest.
5194 silly tarball no local data for @vitest/snapshot@https://registry.npmjs.org/@vitest/snapshot/-/snapshot-4.1.11.tgz. Extracting by manifest.
5195 silly tarball no local data for es-module-lexer@https://registry.npmjs.org/es-module-lexer/-/es-module-lexer-2.3.2.tgz. Extracting by manifest.
5196 silly tarball no local data for @vitest/runner@https://registry.npmjs.org/@vitest/runner/-/runner-4.1.11.tgz. Extracting by manifest.
5197 silly tarball no local data for @vitest/mocker@https://registry.npmjs.org/@vitest/mocker/-/mocker-4.1.11.tgz. Extracting by manifest.
5198 silly tarball no local data for @vitest/expect@https://registry.npmjs.org/@vitest/expect/-/expect-4.1.11.tgz. Extracting by manifest.
5199 silly tarball no local data for lightningcss-linux-x64-gnu@https://registry.npmjs.org/lightningcss-linux-x64-gnu/-/lightningcss-linux-x64-gnu-1.33.0.tgz. Extracting by manifest.
5200 silly tarball no local data for lightningcss@https://registry.npmjs.org/lightningcss/-/lightningcss-1.33.0.tgz. Extracting by manifest.
5201 silly tarball no local data for tldts-core@https://registry.npmjs.org/tldts-core/-/tldts-core-7.4.16.tgz. Extracting by manifest.
5202 silly tarball no local data for tldts@https://registry.npmjs.org/tldts/-/tldts-7.4.16.tgz. Extracting by manifest.
5203 silly tarball no local data for is-number@https://registry.npmjs.org/is-number/-/is-number-7.0.0.tgz. Extracting by manifest.
5204 silly tarball no local data for lodash.truncate@https://registry.npmjs.org/lodash.truncate/-/lodash.truncate-4.4.2.tgz. Extracting by manifest.
5205 silly tarball no local data for sync-message-port@https://registry.npmjs.org/sync-message-port/-/sync-message-port-1.2.0.tgz. Extracting by manifest.
5206 silly tarball no local data for postcss-scss@https://registry.npmjs.org/postcss-scss/-/postcss-scss-4.0.9.tgz. Extracting by manifest.
5207 silly tarball no local data for style-search@https://registry.npmjs.org/style-search/-/style-search-0.1.0.tgz. Extracting by manifest.
5208 silly tarball no local data for @stylistic/stylelint-plugin@https://registry.npmjs.org/@stylistic/stylelint-plugin/-/stylelint-plugin-3.1.3.tgz. Extracting by manifest.
5209 silly tarball no local data for queue-microtask@https://registry.npmjs.org/queue-microtask/-/queue-microtask-1.2.3.tgz. Extracting by manifest.
5210 silly tarball no local data for cssesc@https://registry.npmjs.org/cssesc/-/cssesc-3.0.0.tgz. Extracting by manifest.
5211 silly tarball no local data for lines-and-columns@https://registry.npmjs.org/lines-and-columns/-/lines-and-columns-1.2.4.tgz. Extracting by manifest.
5212 silly tarball no local data for json-parse-even-better-errors@https://registry.npmjs.org/json-parse-even-better-errors/-/json-parse-even-better-errors-2.3.1.tgz. Extracting by manifest.
5213 silly tarball no local data for to-regex-range@https://registry.npmjs.org/to-regex-range/-/to-regex-range-5.0.1.tgz. Extracting by manifest.
5214 silly tarball no local data for fill-range@https://registry.npmjs.org/fill-range/-/fill-range-7.1.1.tgz. Extracting by manifest.
5215 silly tarball no local data for braces@https://registry.npmjs.org/braces/-/braces-3.0.3.tgz. Extracting by manifest.
5216 silly tarball no local data for path-type@https://registry.npmjs.org/path-type/-/path-type-4.0.0.tgz. Extracting by manifest.
5217 silly tarball no local data for slash@https://registry.npmjs.org/slash/-/slash-3.0.0.tgz. Extracting by manifest.
5218 silly tarball no local data for dir-glob@https://registry.npmjs.org/dir-glob/-/dir-glob-3.0.1.tgz. Extracting by manifest.
5219 silly tarball no local data for array-union@https://registry.npmjs.org/array-union/-/array-union-2.1.0.tgz. Extracting by manifest.
5220 silly tarball no local data for kind-of@https://registry.npmjs.org/kind-of/-/kind-of-6.0.3.tgz. Extracting by manifest.
5221 silly tarball no local data for global-prefix@https://registry.npmjs.org/global-prefix/-/global-prefix-3.0.0.tgz. Extracting by manifest.
5222 silly tarball no local data for run-parallel@https://registry.npmjs.org/run-parallel/-/run-parallel-1.2.0.tgz. Extracting by manifest.
5223 silly tarball no local data for reusify@https://registry.npmjs.org/reusify/-/reusify-1.1.0.tgz. Extracting by manifest.
5224 silly tarball no local data for fastq@https://registry.npmjs.org/fastq/-/fastq-1.20.3.tgz. Extracting by manifest.
5225 silly tarball no local data for @nodelib/fs.scandir@https://registry.npmjs.org/@nodelib/fs.scandir/-/fs.scandir-2.1.5.tgz. Extracting by manifest.
5226 silly tarball no local data for merge2@https://registry.npmjs.org/merge2/-/merge2-1.4.1.tgz. Extracting by manifest.
5227 silly tarball no local data for @nodelib/fs.walk@https://registry.npmjs.org/@nodelib/fs.walk/-/fs.walk-1.2.8.tgz. Extracting by manifest.
5228 silly tarball no local data for @nodelib/fs.stat@https://registry.npmjs.org/@nodelib/fs.stat/-/fs.stat-2.0.5.tgz. Extracting by manifest.
5229 silly tarball no local data for parse-json@https://registry.npmjs.org/parse-json/-/parse-json-5.2.0.tgz. Extracting by manifest.
5230 silly tarball no local data for write-file-atomic@https://registry.npmjs.org/write-file-atomic/-/write-file-atomic-5.0.1.tgz. Extracting by manifest.
5231 silly tarball no local data for table@https://registry.npmjs.org/table/-/table-6.9.0.tgz. Extracting by manifest.
5232 silly tarball no local data for supports-hyperlinks@https://registry.npmjs.org/supports-hyperlinks/-/supports-hyperlinks-3.2.0.tgz. Extracting by manifest.
5233 silly tarball no local data for svg-tags@https://registry.npmjs.org/svg-tags/-/svg-tags-1.0.0.tgz. Extracting by manifest.
5234 silly tarball no local data for postcss-value-parser@https://registry.npmjs.org/postcss-value-parser/-/postcss-value-parser-4.2.0.tgz. Extracting by manifest.
5235 silly tarball no local data for postcss-resolve-nested-selector@https://registry.npmjs.org/postcss-resolve-nested-selector/-/postcss-resolve-nested-selector-0.1.6.tgz. Extracting by manifest.
5236 silly tarball no local data for normalize-path@https://registry.npmjs.org/normalize-path/-/normalize-path-3.0.0.tgz. Extracting by manifest.
5237 silly tarball no local data for micromatch@https://registry.npmjs.org/micromatch/-/micromatch-4.0.8.tgz. Extracting by manifest.
5238 silly tarball no local data for meow@https://registry.npmjs.org/meow/-/meow-13.2.0.tgz. Extracting by manifest.
5239 silly tarball no local data for mathml-tag-names@https://registry.npmjs.org/mathml-tag-names/-/mathml-tag-names-2.1.3.tgz. Extracting by manifest.
5240 silly tarball no local data for known-css-properties@https://registry.npmjs.org/known-css-properties/-/known-css-properties-0.37.0.tgz. Extracting by manifest.
5241 silly tarball no local data for is-plain-object@https://registry.npmjs.org/is-plain-object/-/is-plain-object-5.1.0.tgz. Extracting by manifest.
5242 silly tarball no local data for html-tags@https://registry.npmjs.org/html-tags/-/html-tags-3.3.1.tgz. Extracting by manifest.
5243 silly tarball no local data for globjoin@https://registry.npmjs.org/globjoin/-/globjoin-0.1.4.tgz. Extracting by manifest.
5244 silly tarball no local data for globby@https://registry.npmjs.org/globby/-/globby-11.1.0.tgz. Extracting by manifest.
5245 silly tarball no local data for fastest-levenshtein@https://registry.npmjs.org/fastest-levenshtein/-/fastest-levenshtein-1.0.16.tgz. Extracting by manifest.
5246 silly tarball no local data for global-modules@https://registry.npmjs.org/global-modules/-/global-modules-2.0.0.tgz. Extracting by manifest.
5247 silly tarball no local data for fast-glob@https://registry.npmjs.org/fast-glob/-/fast-glob-3.3.3.tgz. Extracting by manifest.
5248 silly tarball no local data for css-functions-list@https://registry.npmjs.org/css-functions-list/-/css-functions-list-3.3.3.tgz. Extracting by manifest.
5249 silly tarball no local data for cosmiconfig@https://registry.npmjs.org/cosmiconfig/-/cosmiconfig-9.0.2.tgz. Extracting by manifest.
5250 silly tarball no local data for @dual-bundle/import-meta-resolve@https://registry.npmjs.org/@dual-bundle/import-meta-resolve/-/import-meta-resolve-4.2.1.tgz. Extracting by manifest.
5251 silly tarball no local data for postcss-selector-parser@https://registry.npmjs.org/postcss-selector-parser/-/postcss-selector-parser-7.1.6.tgz. Extracting by manifest.
5252 silly tarball no local data for colord@https://registry.npmjs.org/colord/-/colord-2.10.0.tgz. Extracting by manifest.
5253 silly tarball no local data for @csstools/selector-specificity@https://registry.npmjs.org/@csstools/selector-specificity/-/selector-specificity-5.0.0.tgz. Extracting by manifest.
5254 silly tarball no local data for xmlchars@https://registry.npmjs.org/xmlchars/-/xmlchars-2.2.0.tgz. Extracting by manifest.
5255 silly tarball no local data for varint@https://registry.npmjs.org/varint/-/varint-6.0.0.tgz. Extracting by manifest.
5256 silly tarball no local data for sync-child-process@https://registry.npmjs.org/sync-child-process/-/sync-child-process-1.0.2.tgz. Extracting by manifest.
5257 silly tarball no local data for sass-embedded-linux-x64@https://registry.npmjs.org/sass-embedded-linux-x64/-/sass-embedded-linux-x64-1.104.1.tgz. Extracting by manifest.
5258 silly tarball no local data for colorjs.io@https://registry.npmjs.org/colorjs.io/-/colorjs.io-0.7.1.tgz. Extracting by manifest.
5259 silly tarball no local data for @bufbuild/protobuf@https://registry.npmjs.org/@bufbuild/protobuf/-/protobuf-2.16.0.tgz. Extracting by manifest.
5260 silly tarball no local data for immutable@https://registry.npmjs.org/immutable/-/immutable-5.1.9.tgz. Extracting by manifest.
5261 silly tarball no local data for @rolldown/binding-linux-x64-gnu@https://registry.npmjs.org/@rolldown/binding-linux-x64-gnu/-/binding-linux-x64-gnu-1.2.8.tgz. Extracting by manifest.
5262 silly tarball no local data for @rolldown/pluginutils@https://registry.npmjs.org/@rolldown/pluginutils/-/pluginutils-1.0.1.tgz. Extracting by manifest.
5263 silly tarball no local data for dijkstrajs@https://registry.npmjs.org/dijkstrajs/-/dijkstrajs-1.0.3.tgz. Extracting by manifest.
5264 silly tarball no local data for pngjs@https://registry.npmjs.org/pngjs/-/pngjs-5.0.0.tgz. Extracting by manifest.
5265 silly tarball no local data for nanoid@https://registry.npmjs.org/nanoid/-/nanoid-3.3.19.tgz. Extracting by manifest.
5266 silly tarball no local data for @napi-rs/nice-linux-x64-gnu@https://registry.npmjs.org/@napi-rs/nice-linux-x64-gnu/-/nice-linux-x64-gnu-1.1.1.tgz. Extracting by manifest.
5267 silly tarball no local data for @napi-rs/nice@https://registry.npmjs.org/@napi-rs/nice/-/nice-1.1.1.tgz. Extracting by manifest.
5268 silly tarball no local data for parse5-sax-parser@https://registry.npmjs.org/parse5-sax-parser/-/parse5-sax-parser-8.0.0.tgz. Extracting by manifest.
5269 silly tarball no local data for @oxc-project/types@https://registry.npmjs.org/@oxc-project/types/-/types-0.150.0.tgz. Extracting by manifest.
5270 silly tarball no local data for @oxc-parser/binding-linux-x64-gnu@https://registry.npmjs.org/@oxc-parser/binding-linux-x64-gnu/-/binding-linux-x64-gnu-0.150.0.tgz. Extracting by manifest.
5271 silly tarball no local data for stdin-discarder@https://registry.npmjs.org/stdin-discarder/-/stdin-discarder-0.3.2.tgz. Extracting by manifest.
5272 silly tarball no local data for yoctocolors@https://registry.npmjs.org/yoctocolors/-/yoctocolors-2.2.0.tgz. Extracting by manifest.
5273 silly tarball no local data for log-symbols@https://registry.npmjs.org/log-symbols/-/log-symbols-7.0.1.tgz. Extracting by manifest.
5274 silly tarball no local data for is-unicode-supported@https://registry.npmjs.org/is-unicode-supported/-/is-unicode-supported-2.1.0.tgz. Extracting by manifest.
5275 silly tarball no local data for cli-spinners@https://registry.npmjs.org/cli-spinners/-/cli-spinners-3.4.0.tgz. Extracting by manifest.
5276 silly tarball no local data for is-interactive@https://registry.npmjs.org/is-interactive/-/is-interactive-2.0.0.tgz. Extracting by manifest.
5277 silly tarball no local data for is-wsl@https://registry.npmjs.org/is-wsl/-/is-wsl-2.2.0.tgz. Extracting by manifest.
5278 silly tarball no local data for is-docker@https://registry.npmjs.org/is-docker/-/is-docker-2.2.1.tgz. Extracting by manifest.
5279 silly tarball no local data for define-lazy-prop@https://registry.npmjs.org/define-lazy-prop/-/define-lazy-prop-2.0.0.tgz. Extracting by manifest.
5280 silly tarball no local data for proc-log@https://registry.npmjs.org/proc-log/-/proc-log-7.0.0.tgz. Extracting by manifest.
5281 silly tarball no local data for validate-npm-package-name@https://registry.npmjs.org/validate-npm-package-name/-/validate-npm-package-name-8.0.0.tgz. Extracting by manifest.
5282 silly tarball no local data for @msgpackr-extract/msgpackr-extract-linux-x64@https://registry.npmjs.org/@msgpackr-extract/msgpackr-extract-linux-x64/-/msgpackr-extract-linux-x64-3.0.4.tgz. Extracting by manifest.
5283 silly tarball no local data for msgpackr-extract@https://registry.npmjs.org/msgpackr-extract/-/msgpackr-extract-3.0.4.tgz. Extracting by manifest.
5284 silly tarball no local data for weak-lru-cache@https://registry.npmjs.org/weak-lru-cache/-/weak-lru-cache-1.2.2.tgz. Extracting by manifest.
5285 silly tarball no local data for ordered-binary@https://registry.npmjs.org/ordered-binary/-/ordered-binary-1.6.2.tgz. Extracting by manifest.
5286 silly tarball no local data for node-gyp-build-optional-packages@https://registry.npmjs.org/node-gyp-build-optional-packages/-/node-gyp-build-optional-packages-5.2.2.tgz. Extracting by manifest.
5287 silly tarball no local data for msgpackr@https://registry.npmjs.org/msgpackr/-/msgpackr-1.12.1.tgz. Extracting by manifest.
5288 silly tarball no local data for @harperfast/extended-iterable@https://registry.npmjs.org/@harperfast/extended-iterable/-/extended-iterable-1.0.3.tgz. Extracting by manifest.
5289 silly tarball no local data for @lmdb/lmdb-linux-x64@https://registry.npmjs.org/@lmdb/lmdb-linux-x64/-/lmdb-linux-x64-3.5.6.tgz. Extracting by manifest.
5290 silly tarball no local data for slice-ansi@https://registry.npmjs.org/slice-ansi/-/slice-ansi-9.0.1.tgz. Extracting by manifest.
5291 silly tarball no local data for wrap-ansi@https://registry.npmjs.org/wrap-ansi/-/wrap-ansi-10.0.2.tgz. Extracting by manifest.
5292 silly tarball no local data for cli-truncate@https://registry.npmjs.org/cli-truncate/-/cli-truncate-6.1.1.tgz. Extracting by manifest.
5293 silly tarball no local data for log-update@https://registry.npmjs.org/log-update/-/log-update-8.0.0.tgz. Extracting by manifest.
5294 silly tarball no local data for source-map-js@https://registry.npmjs.org/source-map-js/-/source-map-js-1.2.2.tgz. Extracting by manifest.
5295 silly tarball no local data for bidi-js@https://registry.npmjs.org/bidi-js/-/bidi-js-1.1.0.tgz. Extracting by manifest.
5296 silly tarball no local data for @csstools/color-helpers@https://registry.npmjs.org/@csstools/color-helpers/-/color-helpers-6.1.2.tgz. Extracting by manifest.
5297 silly tarball no local data for mdn-data@https://registry.npmjs.org/mdn-data/-/mdn-data-2.27.1.tgz. Extracting by manifest.
5298 silly tarball no local data for @asamuzakjp/nwsapi@https://registry.npmjs.org/@asamuzakjp/nwsapi/-/nwsapi-2.3.9.tgz. Extracting by manifest.
5299 silly tarball no local data for @csstools/css-color-parser@https://registry.npmjs.org/@csstools/css-color-parser/-/css-color-parser-4.2.6.tgz. Extracting by manifest.
5300 silly tarball no local data for @csstools/css-parser-algorithms@https://registry.npmjs.org/@csstools/css-parser-algorithms/-/css-parser-algorithms-4.0.2.tgz. Extracting by manifest.
5301 silly tarball no local data for @csstools/css-tokenizer@https://registry.npmjs.org/@csstools/css-tokenizer/-/css-tokenizer-4.0.2.tgz. Extracting by manifest.
5302 silly tarball no local data for @csstools/css-calc@https://registry.npmjs.org/@csstools/css-calc/-/css-calc-3.4.3.tgz. Extracting by manifest.
5303 silly tarball no local data for @asamuzakjp/generational-cache@https://registry.npmjs.org/@asamuzakjp/generational-cache/-/generational-cache-1.0.1.tgz. Extracting by manifest.
5304 silly tarball no local data for xml-name-validator@https://registry.npmjs.org/xml-name-validator/-/xml-name-validator-5.0.0.tgz. Extracting by manifest.
5305 silly tarball no local data for whatwg-url@https://registry.npmjs.org/whatwg-url/-/whatwg-url-16.0.1.tgz. Extracting by manifest.
5306 silly tarball no local data for webidl-conversions@https://registry.npmjs.org/webidl-conversions/-/webidl-conversions-8.0.1.tgz. Extracting by manifest.
5307 silly tarball no local data for whatwg-mimetype@https://registry.npmjs.org/whatwg-mimetype/-/whatwg-mimetype-5.0.0.tgz. Extracting by manifest.
5308 silly tarball no local data for undici@https://registry.npmjs.org/undici/-/undici-7.30.0.tgz. Extracting by manifest.
5309 silly tarball no local data for tough-cookie@https://registry.npmjs.org/tough-cookie/-/tough-cookie-6.0.2.tgz. Extracting by manifest.
5310 silly tarball no local data for w3c-xmlserializer@https://registry.npmjs.org/w3c-xmlserializer/-/w3c-xmlserializer-5.0.0.tgz. Extracting by manifest.
5311 silly tarball no local data for symbol-tree@https://registry.npmjs.org/symbol-tree/-/symbol-tree-3.2.4.tgz. Extracting by manifest.
5312 silly tarball no local data for saxes@https://registry.npmjs.org/saxes/-/saxes-6.0.0.tgz. Extracting by manifest.
5313 silly tarball no local data for lru-cache@https://registry.npmjs.org/lru-cache/-/lru-cache-11.2.7.tgz. Extracting by manifest.
5314 silly tarball no local data for is-potential-custom-element-name@https://registry.npmjs.org/is-potential-custom-element-name/-/is-potential-custom-element-name-1.0.1.tgz. Extracting by manifest.
5315 silly tarball no local data for html-encoding-sniffer@https://registry.npmjs.org/html-encoding-sniffer/-/html-encoding-sniffer-6.0.0.tgz. Extracting by manifest.
5316 silly tarball no local data for data-urls@https://registry.npmjs.org/data-urls/-/data-urls-7.0.0.tgz. Extracting by manifest.
5317 silly tarball no local data for decimal.js@https://registry.npmjs.org/decimal.js/-/decimal.js-10.6.0.tgz. Extracting by manifest.
5318 silly tarball no local data for css-tree@https://registry.npmjs.org/css-tree/-/css-tree-3.2.1.tgz. Extracting by manifest.
5319 silly tarball no local data for @exodus/bytes@https://registry.npmjs.org/@exodus/bytes/-/bytes-1.16.0.tgz. Extracting by manifest.
5320 silly tarball no local data for @csstools/css-syntax-patches-for-csstree@https://registry.npmjs.org/@csstools/css-syntax-patches-for-csstree/-/css-syntax-patches-for-csstree-1.1.15.tgz. Extracting by manifest.
5321 silly tarball no local data for @bramus/specificity@https://registry.npmjs.org/@bramus/specificity/-/specificity-2.4.2.tgz. Extracting by manifest.
5322 silly tarball no local data for @asamuzakjp/dom-selector@https://registry.npmjs.org/@asamuzakjp/dom-selector/-/dom-selector-7.1.1.tgz. Extracting by manifest.
5323 silly tarball no local data for @asamuzakjp/css-color@https://registry.npmjs.org/@asamuzakjp/css-color/-/css-color-5.1.11.tgz. Extracting by manifest.
5324 silly tarball no local data for proxy-agent-negotiate@https://registry.npmjs.org/proxy-agent-negotiate/-/proxy-agent-negotiate-1.1.0.tgz. Extracting by manifest.
5325 silly tarball no local data for agent-base@https://registry.npmjs.org/agent-base/-/agent-base-9.0.0.tgz. Extracting by manifest.
5326 silly tarball no local data for fast-string-width@https://registry.npmjs.org/fast-string-width/-/fast-string-width-3.0.2.tgz. Extracting by manifest.
5327 silly tarball no local data for fast-string-truncated-width@https://registry.npmjs.org/fast-string-truncated-width/-/fast-string-truncated-width-3.0.3.tgz. Extracting by manifest.
5328 silly tarball no local data for minimalistic-crypto-utils@https://registry.npmjs.org/minimalistic-crypto-utils/-/minimalistic-crypto-utils-1.0.1.tgz. Extracting by manifest.
5329 silly tarball no local data for minimalistic-assert@https://registry.npmjs.org/minimalistic-assert/-/minimalistic-assert-1.0.1.tgz. Extracting by manifest.
5330 silly tarball no local data for hmac-drbg@https://registry.npmjs.org/hmac-drbg/-/hmac-drbg-1.0.1.tgz. Extracting by manifest.
5331 silly tarball no local data for brorand@https://registry.npmjs.org/brorand/-/brorand-1.1.0.tgz. Extracting by manifest.
5332 silly tarball no local data for elliptic@https://registry.npmjs.org/elliptic/-/elliptic-6.6.1.tgz. Extracting by manifest.
5333 silly tarball no local data for hash.js@https://registry.npmjs.org/hash.js/-/hash.js-1.1.7.tgz. Extracting by manifest.
5334 silly tarball no local data for ws@https://registry.npmjs.org/ws/-/ws-8.18.0.tgz. Extracting by manifest.
5335 silly tarball no local data for bech32@https://registry.npmjs.org/bech32/-/bech32-1.1.4.tgz. Extracting by manifest.
5336 silly tarball no local data for js-sha3@https://registry.npmjs.org/js-sha3/-/js-sha3-0.8.0.tgz. Extracting by manifest.
5337 silly tarball no local data for scrypt-js@https://registry.npmjs.org/scrypt-js/-/scrypt-js-3.0.1.tgz. Extracting by manifest.
5338 silly tarball no local data for aes-js@https://registry.npmjs.org/aes-js/-/aes-js-3.0.0.tgz. Extracting by manifest.
5339 silly tarball no local data for bn.js@https://registry.npmjs.org/bn.js/-/bn.js-5.2.5.tgz. Extracting by manifest.
5340 silly tarball no local data for @ethersproject/wordlists@https://registry.npmjs.org/@ethersproject/wordlists/-/wordlists-5.8.0.tgz. Extracting by manifest.
5341 silly tarball no local data for @ethersproject/web@https://registry.npmjs.org/@ethersproject/web/-/web-5.8.0.tgz. Extracting by manifest.
5342 silly tarball no local data for @ethersproject/wallet@https://registry.npmjs.org/@ethersproject/wallet/-/wallet-5.8.0.tgz. Extracting by manifest.
5343 silly tarball no local data for @ethersproject/units@https://registry.npmjs.org/@ethersproject/units/-/units-5.8.0.tgz. Extracting by manifest.
5344 silly tarball no local data for @ethersproject/transactions@https://registry.npmjs.org/@ethersproject/transactions/-/transactions-5.8.0.tgz. Extracting by manifest.
5345 silly tarball no local data for @ethersproject/strings@https://registry.npmjs.org/@ethersproject/strings/-/strings-5.8.0.tgz. Extracting by manifest.
5346 silly tarball no local data for @ethersproject/solidity@https://registry.npmjs.org/@ethersproject/solidity/-/solidity-5.8.0.tgz. Extracting by manifest.
5347 silly tarball no local data for @ethersproject/signing-key@https://registry.npmjs.org/@ethersproject/signing-key/-/signing-key-5.8.0.tgz. Extracting by manifest.
5348 silly tarball no local data for @ethersproject/sha2@https://registry.npmjs.org/@ethersproject/sha2/-/sha2-5.8.0.tgz. Extracting by manifest.
5349 silly tarball no local data for @ethersproject/rlp@https://registry.npmjs.org/@ethersproject/rlp/-/rlp-5.8.0.tgz. Extracting by manifest.
5350 silly tarball no local data for @ethersproject/random@https://registry.npmjs.org/@ethersproject/random/-/random-5.8.0.tgz. Extracting by manifest.
5351 silly tarball no local data for @ethersproject/providers@https://registry.npmjs.org/@ethersproject/providers/-/providers-5.8.0.tgz. Extracting by manifest.
5352 silly tarball no local data for @ethersproject/properties@https://registry.npmjs.org/@ethersproject/properties/-/properties-5.8.0.tgz. Extracting by manifest.
5353 silly tarball no local data for @ethersproject/pbkdf2@https://registry.npmjs.org/@ethersproject/pbkdf2/-/pbkdf2-5.8.0.tgz. Extracting by manifest.
5354 silly tarball no local data for @ethersproject/logger@https://registry.npmjs.org/@ethersproject/logger/-/logger-5.8.0.tgz. Extracting by manifest.
5355 silly tarball no local data for @ethersproject/networks@https://registry.npmjs.org/@ethersproject/networks/-/networks-5.8.0.tgz. Extracting by manifest.
5356 silly tarball no local data for @ethersproject/json-wallets@https://registry.npmjs.org/@ethersproject/json-wallets/-/json-wallets-5.8.0.tgz. Extracting by manifest.
5357 silly tarball no local data for @ethersproject/keccak256@https://registry.npmjs.org/@ethersproject/keccak256/-/keccak256-5.8.0.tgz. Extracting by manifest.
5358 silly tarball no local data for @ethersproject/hdnode@https://registry.npmjs.org/@ethersproject/hdnode/-/hdnode-5.8.0.tgz. Extracting by manifest.
5359 silly tarball no local data for @ethersproject/hash@https://registry.npmjs.org/@ethersproject/hash/-/hash-5.8.0.tgz. Extracting by manifest.
5360 silly tarball no local data for @ethersproject/constants@https://registry.npmjs.org/@ethersproject/constants/-/constants-5.8.0.tgz. Extracting by manifest.
5361 silly tarball no local data for @ethersproject/bytes@https://registry.npmjs.org/@ethersproject/bytes/-/bytes-5.8.0.tgz. Extracting by manifest.
5362 silly tarball no local data for @ethersproject/contracts@https://registry.npmjs.org/@ethersproject/contracts/-/contracts-5.8.0.tgz. Extracting by manifest.
5363 silly tarball no local data for @ethersproject/bignumber@https://registry.npmjs.org/@ethersproject/bignumber/-/bignumber-5.8.0.tgz. Extracting by manifest.
5364 silly tarball no local data for @ethersproject/basex@https://registry.npmjs.org/@ethersproject/basex/-/basex-5.8.0.tgz. Extracting by manifest.
5365 silly tarball no local data for @ethersproject/base64@https://registry.npmjs.org/@ethersproject/base64/-/base64-5.8.0.tgz. Extracting by manifest.
5366 silly tarball no local data for @ethersproject/address@https://registry.npmjs.org/@ethersproject/address/-/address-5.8.0.tgz. Extracting by manifest.
5367 silly tarball no local data for @ethersproject/abstract-signer@https://registry.npmjs.org/@ethersproject/abstract-signer/-/abstract-signer-5.8.0.tgz. Extracting by manifest.
5368 silly tarball no local data for @ethersproject/abstract-provider@https://registry.npmjs.org/@ethersproject/abstract-provider/-/abstract-provider-5.8.0.tgz. Extracting by manifest.
5369 silly tarball no local data for @ethersproject/abi@https://registry.npmjs.org/@ethersproject/abi/-/abi-5.8.0.tgz. Extracting by manifest.
5370 silly tarball no local data for @types/esrecurse@https://registry.npmjs.org/@types/esrecurse/-/esrecurse-4.3.1.tgz. Extracting by manifest.
5371 silly tarball no local data for open@https://registry.npmjs.org/open/-/open-8.4.2.tgz. Extracting by manifest.
5372 silly tarball no local data for entities@https://registry.npmjs.org/entities/-/entities-8.1.0.tgz. Extracting by manifest.
5373 silly tarball no local data for domelementtype@https://registry.npmjs.org/domelementtype/-/domelementtype-3.0.0.tgz. Extracting by manifest.
5374 silly tarball no local data for nth-check@https://registry.npmjs.org/nth-check/-/nth-check-3.0.1.tgz. Extracting by manifest.
5375 silly tarball no local data for boolbase@https://registry.npmjs.org/boolbase/-/boolbase-2.0.0.tgz. Extracting by manifest.
5376 silly tarball no local data for domutils@https://registry.npmjs.org/domutils/-/domutils-4.0.2.tgz. Extracting by manifest.
5377 silly tarball no local data for @codemirror/search@https://registry.npmjs.org/@codemirror/search/-/search-6.7.2.tgz. Extracting by manifest.
5378 silly tarball no local data for readdirp@https://registry.npmjs.org/readdirp/-/readdirp-5.1.1.tgz. Extracting by manifest.
5379 silly tarball no local data for @codemirror/commands@https://registry.npmjs.org/@codemirror/commands/-/commands-6.11.1.tgz. Extracting by manifest.
5380 silly tarball no local data for postcss-safe-parser@https://registry.npmjs.org/postcss-safe-parser/-/postcss-safe-parser-7.1.0.tgz. Extracting by manifest.
5381 silly tarball no local data for postcss-media-query-parser@https://registry.npmjs.org/postcss-media-query-parser/-/postcss-media-query-parser-0.2.3.tgz. Extracting by manifest.
5382 silly tarball no local data for domhandler@https://registry.npmjs.org/domhandler/-/domhandler-6.0.1.tgz. Extracting by manifest.
5383 silly tarball no local data for dom-serializer@https://registry.npmjs.org/dom-serializer/-/dom-serializer-3.1.1.tgz. Extracting by manifest.
5384 silly tarball no local data for css-what@https://registry.npmjs.org/css-what/-/css-what-8.0.0.tgz. Extracting by manifest.
5385 silly tarball no local data for css-select@https://registry.npmjs.org/css-select/-/css-select-7.0.0.tgz. Extracting by manifest.
5386 silly tarball no local data for estree-walker@https://registry.npmjs.org/estree-walker/-/estree-walker-3.0.3.tgz. Extracting by manifest.
5387 silly tarball no local data for qrcode@https://registry.npmjs.org/qrcode/-/qrcode-1.5.4.tgz. Extracting by manifest.
5388 silly tarball no local data for eslint-scope@https://registry.npmjs.org/eslint-scope/-/eslint-scope-9.1.2.tgz. Extracting by manifest.
5389 silly tarball no local data for ignore@https://registry.npmjs.org/ignore/-/ignore-7.0.8.tgz. Extracting by manifest.
5390 silly tarball no local data for axobject-query@https://registry.npmjs.org/axobject-query/-/axobject-query-4.1.0.tgz. Extracting by manifest.
5391 silly tarball no local data for aria-query@https://registry.npmjs.org/aria-query/-/aria-query-5.3.2.tgz. Extracting by manifest.
5392 silly tarball no local data for htmlparser2@https://registry.npmjs.org/htmlparser2/-/htmlparser2-12.0.0.tgz. Extracting by manifest.
5393 silly tarball no local data for @angular-eslint/bundled-angular-compiler@https://registry.npmjs.org/@angular-eslint/bundled-angular-compiler/-/bundled-angular-compiler-22.5.0.tgz. Extracting by manifest.
5394 silly tarball no local data for @angular-eslint/schematics@https://registry.npmjs.org/@angular-eslint/schematics/-/schematics-22.5.0.tgz. Extracting by manifest.
5395 silly tarball no local data for @angular-eslint/template-parser@https://registry.npmjs.org/@angular-eslint/template-parser/-/template-parser-22.5.0.tgz. Extracting by manifest.
5396 silly tarball no local data for @angular-eslint/utils@https://registry.npmjs.org/@angular-eslint/utils/-/utils-22.5.0.tgz. Extracting by manifest.
5397 silly tarball no local data for @angular-eslint/eslint-plugin-template@https://registry.npmjs.org/@angular-eslint/eslint-plugin-template/-/eslint-plugin-template-22.5.0.tgz. Extracting by manifest.
5398 silly tarball no local data for @angular-eslint/builder@https://registry.npmjs.org/@angular-eslint/builder/-/builder-22.5.0.tgz. Extracting by manifest.
5399 silly tarball no local data for @angular-eslint/eslint-plugin@https://registry.npmjs.org/@angular-eslint/eslint-plugin/-/eslint-plugin-22.5.0.tgz. Extracting by manifest.
5400 silly tarball no local data for zustand@https://registry.npmjs.org/zustand/-/zustand-4.5.7.tgz. Extracting by manifest.
5401 silly tarball no local data for eventemitter3@https://registry.npmjs.org/eventemitter3/-/eventemitter3-4.0.7.tgz. Extracting by manifest.
5402 silly tarball no local data for @vitest/pretty-format@https://registry.npmjs.org/@vitest/pretty-format/-/pretty-format-4.1.11.tgz. Extracting by manifest.
5403 silly tarball no local data for std-env@https://registry.npmjs.org/std-env/-/std-env-4.3.0.tgz. Extracting by manifest.
5404 silly tarball no local data for magicast@https://registry.npmjs.org/magicast/-/magicast-0.5.5.tgz. Extracting by manifest.
5405 silly tarball no local data for tinyrainbow@https://registry.npmjs.org/tinyrainbow/-/tinyrainbow-3.2.0.tgz. Extracting by manifest.
5406 silly tarball no local data for ast-v8-to-istanbul@https://registry.npmjs.org/ast-v8-to-istanbul/-/ast-v8-to-istanbul-1.0.7.tgz. Extracting by manifest.
5407 silly tarball no local data for @vitest/utils@https://registry.npmjs.org/@vitest/utils/-/utils-4.1.11.tgz. Extracting by manifest.
5408 silly tarball no local data for @bcoe/v8-coverage@https://registry.npmjs.org/@bcoe/v8-coverage/-/v8-coverage-1.0.2.tgz. Extracting by manifest.
5409 silly tarball no local data for undici-types@https://registry.npmjs.org/undici-types/-/undici-types-6.21.0.tgz. Extracting by manifest.
5410 silly tarball no local data for @parcel/watcher-linux-x64-glibc@https://registry.npmjs.org/@parcel/watcher-linux-x64-glibc/-/watcher-linux-x64-glibc-2.6.0.tgz. Extracting by manifest.
5411 silly tarball no local data for @modelcontextprotocol/core@https://registry.npmjs.org/@modelcontextprotocol/core/-/core-2.0.0.tgz. Extracting by manifest.
5412 silly tarball no local data for iconv-lite@https://registry.npmjs.org/iconv-lite/-/iconv-lite-0.7.3.tgz. Extracting by manifest.
5413 silly tarball no local data for chardet@https://registry.npmjs.org/chardet/-/chardet-2.2.0.tgz. Extracting by manifest.
5414 silly tarball no local data for @inquirer/external-editor@https://registry.npmjs.org/@inquirer/external-editor/-/external-editor-3.0.5.tgz. Extracting by manifest.
5415 silly tarball no local data for @inquirer/select@https://registry.npmjs.org/@inquirer/select/-/select-5.2.5.tgz. Extracting by manifest.
5416 silly tarball no local data for @inquirer/search@https://registry.npmjs.org/@inquirer/search/-/search-4.3.3.tgz. Extracting by manifest.
5417 silly tarball no local data for @inquirer/rawlist@https://registry.npmjs.org/@inquirer/rawlist/-/rawlist-5.3.5.tgz. Extracting by manifest.
5418 silly tarball no local data for @inquirer/password@https://registry.npmjs.org/@inquirer/password/-/password-5.2.2.tgz. Extracting by manifest.
5419 silly tarball no local data for @inquirer/input@https://registry.npmjs.org/@inquirer/input/-/input-5.1.6.tgz. Extracting by manifest.
5420 silly tarball no local data for @inquirer/number@https://registry.npmjs.org/@inquirer/number/-/number-4.2.3.tgz. Extracting by manifest.
5421 silly tarball no local data for @inquirer/editor@https://registry.npmjs.org/@inquirer/editor/-/editor-5.3.3.tgz. Extracting by manifest.
5422 silly tarball no local data for @inquirer/checkbox@https://registry.npmjs.org/@inquirer/checkbox/-/checkbox-5.2.5.tgz. Extracting by manifest.
5423 silly tarball no local data for @inquirer/expand@https://registry.npmjs.org/@inquirer/expand/-/expand-5.1.5.tgz. Extracting by manifest.
5424 silly tarball no local data for fast-wrap-ansi@https://registry.npmjs.org/fast-wrap-ansi/-/fast-wrap-ansi-0.2.2.tgz. Extracting by manifest.
5425 silly tarball no local data for mute-stream@https://registry.npmjs.org/mute-stream/-/mute-stream-3.0.0.tgz. Extracting by manifest.
5426 silly tarball no local data for cli-width@https://registry.npmjs.org/cli-width/-/cli-width-4.1.0.tgz. Extracting by manifest.
5427 silly tarball no local data for @inquirer/figures@https://registry.npmjs.org/@inquirer/figures/-/figures-2.0.9.tgz. Extracting by manifest.
5428 silly tarball no local data for @inquirer/ansi@https://registry.npmjs.org/@inquirer/ansi/-/ansi-2.0.8.tgz. Extracting by manifest.
5429 silly tarball no local data for @inquirer/type@https://registry.npmjs.org/@inquirer/type/-/type-4.1.1.tgz. Extracting by manifest.
5430 silly tarball no local data for @inquirer/core@https://registry.npmjs.org/@inquirer/core/-/core-12.0.3.tgz. Extracting by manifest.
5431 silly tarball no local data for @fortawesome/fontawesome-common-types@https://registry.npmjs.org/@fortawesome/fontawesome-common-types/-/fontawesome-common-types-0.2.36.tgz. Extracting by manifest.
5432 silly tarball no local data for w3c-keyname@https://registry.npmjs.org/w3c-keyname/-/w3c-keyname-2.2.8.tgz. Extracting by manifest.
5433 silly tarball no local data for @marijn/find-cluster-break@https://registry.npmjs.org/@marijn/find-cluster-break/-/find-cluster-break-1.0.4.tgz. Extracting by manifest.
5434 silly tarball no local data for crelt@https://registry.npmjs.org/crelt/-/crelt-1.0.7.tgz. Extracting by manifest.
5435 silly tarball no local data for style-mod@https://registry.npmjs.org/style-mod/-/style-mod-4.1.4.tgz. Extracting by manifest.
5436 silly tarball no local data for @lezer/yaml@https://registry.npmjs.org/@lezer/yaml/-/yaml-1.0.4.tgz. Extracting by manifest.
5437 silly tarball no local data for @lezer/lr@https://registry.npmjs.org/@lezer/lr/-/lr-1.4.10.tgz. Extracting by manifest.
5438 silly tarball no local data for @lezer/highlight@https://registry.npmjs.org/@lezer/highlight/-/highlight-1.2.5.tgz. Extracting by manifest.
5439 silly tarball no local data for @lezer/json@https://registry.npmjs.org/@lezer/json/-/json-1.0.3.tgz. Extracting by manifest.
5440 silly tarball no local data for @lezer/javascript@https://registry.npmjs.org/@lezer/javascript/-/javascript-1.5.6.tgz. Extracting by manifest.
5441 silly tarball no local data for @lezer/common@https://registry.npmjs.org/@lezer/common/-/common-1.5.3.tgz. Extracting by manifest.
5442 silly tarball no local data for @codemirror/view@https://registry.npmjs.org/@codemirror/view/-/view-6.43.13.tgz. Extracting by manifest.
5443 silly tarball no local data for @codemirror/state@https://registry.npmjs.org/@codemirror/state/-/state-6.7.6.tgz. Extracting by manifest.
5444 silly tarball no local data for @codemirror/lint@https://registry.npmjs.org/@codemirror/lint/-/lint-6.9.7.tgz. Extracting by manifest.
5445 silly tarball no local data for @codemirror/language@https://registry.npmjs.org/@codemirror/language/-/language-6.12.4.tgz. Extracting by manifest.
5446 silly tarball no local data for @codemirror/autocomplete@https://registry.npmjs.org/@codemirror/autocomplete/-/autocomplete-6.20.3.tgz. Extracting by manifest.
5447 silly tarball no local data for @babel/helper-string-parser@https://registry.npmjs.org/@babel/helper-string-parser/-/helper-string-parser-8.0.6.tgz. Extracting by manifest.
5448 silly tarball no local data for @babel/helper-globals@https://registry.npmjs.org/@babel/helper-globals/-/helper-globals-8.0.6.tgz. Extracting by manifest.
5449 silly tarball no local data for flru@https://registry.npmjs.org/flru/-/flru-1.0.2.tgz. Extracting by manifest.
5450 silly tarball no local data for @babel/helper-validator-option@https://registry.npmjs.org/@babel/helper-validator-option/-/helper-validator-option-8.0.0.tgz. Extracting by manifest.
5451 silly tarball no local data for @babel/compat-data@https://registry.npmjs.org/@babel/compat-data/-/compat-data-8.0.5.tgz. Extracting by manifest.
5452 silly tarball no local data for @types/jsesc@https://registry.npmjs.org/@types/jsesc/-/jsesc-2.5.1.tgz. Extracting by manifest.
5453 silly tarball no local data for js-tokens@https://registry.npmjs.org/js-tokens/-/js-tokens-10.0.0.tgz. Extracting by manifest.
5454 silly tarball no local data for verkit@https://registry.npmjs.org/verkit/-/verkit-0.3.2.tgz. Extracting by manifest.
5455 silly tarball no local data for @babel/helper-validator-identifier@https://registry.npmjs.org/@babel/helper-validator-identifier/-/helper-validator-identifier-8.0.6.tgz. Extracting by manifest.
5456 silly tarball no local data for obug@https://registry.npmjs.org/obug/-/obug-2.2.1.tgz. Extracting by manifest.
5457 silly tarball no local data for import-meta-resolve@https://registry.npmjs.org/import-meta-resolve/-/import-meta-resolve-4.2.0.tgz. Extracting by manifest.
5458 silly tarball no local data for empathic@https://registry.npmjs.org/empathic/-/empathic-2.1.0.tgz. Extracting by manifest.
5459 silly tarball no local data for @types/gensync@https://registry.npmjs.org/@types/gensync/-/gensync-1.0.5.tgz. Extracting by manifest.
5460 silly tarball no local data for @babel/types@https://registry.npmjs.org/@babel/types/-/types-8.0.6.tgz. Extracting by manifest.
5461 silly tarball no local data for @babel/traverse@https://registry.npmjs.org/@babel/traverse/-/traverse-8.0.6.tgz. Extracting by manifest.
5462 silly tarball no local data for @babel/template@https://registry.npmjs.org/@babel/template/-/template-8.0.0.tgz. Extracting by manifest.
5463 silly tarball no local data for @babel/parser@https://registry.npmjs.org/@babel/parser/-/parser-8.0.6.tgz. Extracting by manifest.
5464 silly tarball no local data for @babel/helpers@https://registry.npmjs.org/@babel/helpers/-/helpers-8.0.5.tgz. Extracting by manifest.
5465 silly tarball no local data for @babel/helper-compilation-targets@https://registry.npmjs.org/@babel/helper-compilation-targets/-/helper-compilation-targets-8.0.6.tgz. Extracting by manifest.
5466 silly tarball no local data for @babel/generator@https://registry.npmjs.org/@babel/generator/-/generator-8.0.6.tgz. Extracting by manifest.
5467 silly tarball no local data for @babel/code-frame@https://registry.npmjs.org/@babel/code-frame/-/code-frame-8.0.6.tgz. Extracting by manifest.
5468 silly tarball no local data for reflect-metadata@https://registry.npmjs.org/reflect-metadata/-/reflect-metadata-0.2.2.tgz. Extracting by manifest.
5469 silly tarball no local data for ora@https://registry.npmjs.org/ora/-/ora-9.4.1.tgz. Extracting by manifest.
5470 silly tarball no local data for yargs@https://registry.npmjs.org/yargs/-/yargs-18.1.0.tgz. Extracting by manifest.
5471 silly tarball no local data for npm-package-arg@https://registry.npmjs.org/npm-package-arg/-/npm-package-arg-14.0.0.tgz. Extracting by manifest.
5472 silly tarball no local data for @schematics/angular@https://registry.npmjs.org/@schematics/angular/-/angular-22.2.1.tgz. Extracting by manifest.
5473 silly tarball no local data for @modelcontextprotocol/server@https://registry.npmjs.org/@modelcontextprotocol/server/-/server-2.0.0.tgz. Extracting by manifest.
5474 silly tarball no local data for @listr2/prompt-adapter-inquirer@https://registry.npmjs.org/@listr2/prompt-adapter-inquirer/-/prompt-adapter-inquirer-4.2.7.tgz. Extracting by manifest.
5475 silly tarball no local data for @inquirer/prompts@https://registry.npmjs.org/@inquirer/prompts/-/prompts-8.7.2.tgz. Extracting by manifest.
5476 silly tarball no local data for @angular-devkit/schematics@https://registry.npmjs.org/@angular-devkit/schematics/-/schematics-22.2.1.tgz. Extracting by manifest.
5477 silly tarball no local data for parse5@https://registry.npmjs.org/parse5/-/parse5-8.0.1.tgz. Extracting by manifest.
5478 silly tarball no local data for source-map@https://registry.npmjs.org/source-map/-/source-map-0.8.0.tgz. Extracting by manifest.
5479 silly tarball no local data for @angular-devkit/core@https://registry.npmjs.org/@angular-devkit/core/-/core-22.2.1.tgz. Extracting by manifest.
5480 silly tarball no local data for xxhash-wasm@https://registry.npmjs.org/xxhash-wasm/-/xxhash-wasm-1.1.0.tgz. Extracting by manifest.
5481 silly tarball no local data for source-map-support@https://registry.npmjs.org/source-map-support/-/source-map-support-0.5.21.tgz. Extracting by manifest.
5482 silly tarball no local data for sass-embedded@https://registry.npmjs.org/sass-embedded/-/sass-embedded-1.104.1.tgz. Extracting by manifest.
5483 silly tarball no local data for rolldown@https://registry.npmjs.org/rolldown/-/rolldown-1.2.8.tgz. Extracting by manifest.
5484 silly tarball no local data for piscina@https://registry.npmjs.org/piscina/-/piscina-5.3.2.tgz. Extracting by manifest.
5485 silly tarball no local data for parse5-html-rewriting-stream@https://registry.npmjs.org/parse5-html-rewriting-stream/-/parse5-html-rewriting-stream-8.0.1.tgz. Extracting by manifest.
5486 silly tarball no local data for oxc-parser@https://registry.npmjs.org/oxc-parser/-/oxc-parser-0.150.0.tgz. Extracting by manifest.
5487 silly tarball no local data for mrmime@https://registry.npmjs.org/mrmime/-/mrmime-2.0.1.tgz. Extracting by manifest.
5488 silly tarball no local data for magic-string@https://registry.npmjs.org/magic-string/-/magic-string-1.4.1.tgz. Extracting by manifest.
5489 silly tarball no local data for lmdb@https://registry.npmjs.org/lmdb/-/lmdb-3.5.6.tgz. Extracting by manifest.
5490 silly tarball no local data for listr2@https://registry.npmjs.org/listr2/-/listr2-11.1.0.tgz. Extracting by manifest.
5491 silly tarball no local data for jsonc-parser@https://registry.npmjs.org/jsonc-parser/-/jsonc-parser-3.3.1.tgz. Extracting by manifest.
5492 silly tarball no local data for https-proxy-agent@https://registry.npmjs.org/https-proxy-agent/-/https-proxy-agent-9.1.0.tgz. Extracting by manifest.
5493 silly tarball no local data for chokidar@https://registry.npmjs.org/chokidar/-/chokidar-5.0.0.tgz. Extracting by manifest.
5494 silly tarball no local data for beasties@https://registry.npmjs.org/beasties/-/beasties-0.5.4.tgz. Extracting by manifest.
5495 silly tarball no local data for vite@https://registry.npmjs.org/vite/-/vite-8.3.0.tgz. Extracting by manifest.
5496 silly tarball no local data for @vitejs/plugin-basic-ssl@https://registry.npmjs.org/@vitejs/plugin-basic-ssl/-/plugin-basic-ssl-2.3.0.tgz. Extracting by manifest.
5497 silly tarball no local data for @inquirer/confirm@https://registry.npmjs.org/@inquirer/confirm/-/confirm-6.3.2.tgz. Extracting by manifest.
5498 silly tarball no local data for @parcel/watcher@https://registry.npmjs.org/@parcel/watcher/-/watcher-2.6.0.tgz. Extracting by manifest.
5499 silly tarball no local data for @babel/core@https://registry.npmjs.org/@babel/core/-/core-8.0.5.tgz. Extracting by manifest.
5500 silly tarball no local data for @angular-devkit/architect@https://registry.npmjs.org/@angular-devkit/architect/-/architect-0.2202.1.tgz. Extracting by manifest.
5501 silly tarball no local data for @ampproject/remapping@https://registry.npmjs.org/@ampproject/remapping/-/remapping-2.3.0.tgz. Extracting by manifest.
5502 silly tarball no local data for zone.js@https://registry.npmjs.org/zone.js/-/zone.js-0.15.1.tgz. Extracting by manifest.
5503 silly tarball no local data for stylelint-scss@https://registry.npmjs.org/stylelint-scss/-/stylelint-scss-6.14.0.tgz. Extracting by manifest.
5504 silly tarball no local data for postcss@https://registry.npmjs.org/postcss/-/postcss-8.5.28.tgz. Extracting by manifest.
5505 silly tarball no local data for stylelint-config-sass-guidelines@https://registry.npmjs.org/stylelint-config-sass-guidelines/-/stylelint-config-sass-guidelines-12.1.0.tgz. Extracting by manifest.
5506 silly tarball no local data for stylelint@https://registry.npmjs.org/stylelint/-/stylelint-16.26.1.tgz. Extracting by manifest.
5507 silly tarball no local data for solidity-browser-compiler@https://registry.npmjs.org/solidity-browser-compiler/-/solidity-browser-compiler-1.1.0.tgz. Extracting by manifest.
5508 silly tarball no local data for snarkdown@https://registry.npmjs.org/snarkdown/-/snarkdown-1.2.2.tgz. Extracting by manifest.
5509 silly tarball no local data for sass@https://registry.npmjs.org/sass/-/sass-1.105.1.tgz. Extracting by manifest.
5510 silly tarball no local data for ngx-window-token@https://registry.npmjs.org/ngx-window-token/-/ngx-window-token-7.0.0.tgz. Extracting by manifest.
5511 silly tarball no local data for ngy-cookie@https://registry.npmjs.org/ngy-cookie/-/ngy-cookie-6.0.1000.tgz. Extracting by manifest.
5512 silly tarball no local data for ng2-file-upload@https://registry.npmjs.org/ng2-file-upload/-/ng2-file-upload-10.0.0.tgz. Extracting by manifest.
5513 silly tarball no local data for ng-gallery@https://registry.npmjs.org/ng-gallery/-/ng-gallery-12.0.0.tgz. Extracting by manifest.
5514 silly tarball no local data for lodash-es@https://registry.npmjs.org/lodash-es/-/lodash-es-4.18.1.tgz. Extracting by manifest.
5515 silly tarball no local data for jwt-decode@https://registry.npmjs.org/jwt-decode/-/jwt-decode-4.0.0.tgz. Extracting by manifest.
5516 silly tarball no local data for jsdom@https://registry.npmjs.org/jsdom/-/jsdom-29.1.1.tgz. Extracting by manifest.
5517 silly tarball no local data for flag-icons@https://registry.npmjs.org/flag-icons/-/flag-icons-6.15.0.tgz. Extracting by manifest.
5518 silly tarball no local data for font-mfizz@https://registry.npmjs.org/font-mfizz/-/font-mfizz-2.4.1.tgz. Extracting by manifest.
5519 silly tarball no local data for esbuild-visualizer@https://registry.npmjs.org/esbuild-visualizer/-/esbuild-visualizer-0.7.0.tgz. Extracting by manifest.
5520 silly tarball no local data for codemirror@https://registry.npmjs.org/codemirror/-/codemirror-6.0.2.tgz. Extracting by manifest.
5521 silly tarball no local data for canvas-confetti@https://registry.npmjs.org/canvas-confetti/-/canvas-confetti-1.9.4.tgz. Extracting by manifest.
5522 silly tarball no local data for angularx-qrcode@https://registry.npmjs.org/angularx-qrcode/-/angularx-qrcode-21.0.5.tgz. Extracting by manifest.
5523 silly tarball no local data for angular-eslint@https://registry.npmjs.org/angular-eslint/-/angular-eslint-22.5.0.tgz. Extracting by manifest.
5524 silly tarball no local data for ethers@https://registry.npmjs.org/ethers/-/ethers-5.8.0.tgz. Extracting by manifest.
5525 silly tarball no local data for @wagmi/core@https://registry.npmjs.org/@wagmi/core/-/core-0.5.8.tgz. Extracting by manifest.
5526 silly tarball no local data for vitest@https://registry.npmjs.org/vitest/-/vitest-4.1.11.tgz. Extracting by manifest.
5527 silly tarball no local data for @vitest/coverage-v8@https://registry.npmjs.org/@vitest/coverage-v8/-/coverage-v8-4.1.11.tgz. Extracting by manifest.
5528 silly tarball no local data for @types/socket.io-client@https://registry.npmjs.org/@types/socket.io-client/-/socket.io-client-1.4.36.tgz. Extracting by manifest.
5529 silly tarball no local data for @types/node@https://registry.npmjs.org/@types/node/-/node-20.19.43.tgz. Extracting by manifest.
5530 silly tarball no local data for @types/jwt-decode@https://registry.npmjs.org/@types/jwt-decode/-/jwt-decode-2.2.1.tgz. Extracting by manifest.
5531 silly tarball no local data for @ngx-translate/http-loader@https://registry.npmjs.org/@ngx-translate/http-loader/-/http-loader-17.0.0.tgz. Extracting by manifest.
5532 silly tarball no local data for @ngx-translate/core@https://registry.npmjs.org/@ngx-translate/core/-/core-17.0.0.tgz. Extracting by manifest.
5533 silly tarball no local data for @fortawesome/free-solid-svg-icons@https://registry.npmjs.org/@fortawesome/free-solid-svg-icons/-/free-solid-svg-icons-5.15.4.tgz. Extracting by manifest.
5534 silly tarball no local data for @fortawesome/free-regular-svg-icons@https://registry.npmjs.org/@fortawesome/free-regular-svg-icons/-/free-regular-svg-icons-5.15.4.tgz. Extracting by manifest.
5535 silly tarball no local data for @fortawesome/free-brands-svg-icons@https://registry.npmjs.org/@fortawesome/free-brands-svg-icons/-/free-brands-svg-icons-5.15.4.tgz. Extracting by manifest.
5536 silly tarball no local data for @fortawesome/fontawesome-svg-core@https://registry.npmjs.org/@fortawesome/fontawesome-svg-core/-/fontawesome-svg-core-1.2.36.tgz. Extracting by manifest.
5537 silly tarball no local data for @eslint/js@https://registry.npmjs.org/@eslint/js/-/js-9.33.0.tgz. Extracting by manifest.
5538 silly tarball no local data for @cyclonedx/cyclonedx-esbuild@https://registry.npmjs.org/@cyclonedx/cyclonedx-esbuild/-/cyclonedx-esbuild-1.4.4.tgz. Extracting by manifest.
5539 silly tarball no local data for @codemirror/merge@https://registry.npmjs.org/@codemirror/merge/-/merge-6.12.2.tgz. Extracting by manifest.
5540 silly tarball no local data for @codemirror/lang-yaml@https://registry.npmjs.org/@codemirror/lang-yaml/-/lang-yaml-6.1.3.tgz. Extracting by manifest.
5541 silly tarball no local data for @codemirror/lang-json@https://registry.npmjs.org/@codemirror/lang-json/-/lang-json-6.0.2.tgz. Extracting by manifest.
5542 silly tarball no local data for @codemirror/lang-javascript@https://registry.npmjs.org/@codemirror/lang-javascript/-/lang-javascript-6.2.5.tgz. Extracting by manifest.
5543 silly tarball no local data for @angular/router@https://registry.npmjs.org/@angular/router/-/router-22.2.1.tgz. Extracting by manifest.
5544 silly tarball no local data for @angular/material@https://registry.npmjs.org/@angular/material/-/material-22.2.1.tgz. Extracting by manifest.
5545 silly tarball no local data for @angular/cli@https://registry.npmjs.org/@angular/cli/-/cli-22.2.1.tgz. Extracting by manifest.
5546 silly tarball no local data for @angular/language-service@https://registry.npmjs.org/@angular/language-service/-/language-service-22.2.1.tgz. Extracting by manifest.
5547 silly tarball no local data for @angular/platform-browser@https://registry.npmjs.org/@angular/platform-browser/-/platform-browser-22.2.1.tgz. Extracting by manifest.
5548 silly tarball no local data for @angular/common@https://registry.npmjs.org/@angular/common/-/common-22.2.1.tgz. Extracting by manifest.
5549 silly tarball no local data for @angular/forms@https://registry.npmjs.org/@angular/forms/-/forms-22.2.1.tgz. Extracting by manifest.
5550 silly tarball no local data for @angular/cdk@https://registry.npmjs.org/@angular/cdk/-/cdk-22.2.1.tgz. Extracting by manifest.
5551 silly tarball no local data for @angular/compiler-cli@https://registry.npmjs.org/@angular/compiler-cli/-/compiler-cli-22.2.1.tgz. Extracting by manifest.
5552 silly tarball no local data for @angular/compiler@https://registry.npmjs.org/@angular/compiler/-/compiler-22.2.1.tgz. Extracting by manifest.
5553 silly tarball no local data for tslib@https://registry.npmjs.org/tslib/-/tslib-2.8.1.tgz. Extracting by manifest.
5554 silly tarball no local data for @angular/build@https://registry.npmjs.org/@angular/build/-/build-22.2.1.tgz. Extracting by manifest.
5555 silly tarball no local data for rxjs@https://registry.npmjs.org/rxjs/-/rxjs-7.8.2.tgz. Extracting by manifest.
5556 silly tarball no local data for @angular/core@https://registry.npmjs.org/@angular/core/-/core-22.2.1.tgz. Extracting by manifest.
5557 silly tarball no local data for @angular/animations@https://registry.npmjs.org/@angular/animations/-/animations-22.2.1.tgz. Extracting by manifest.
5558 silly tarball no local data for keyv@https://registry.npmjs.org/keyv/-/keyv-5.6.0.tgz. Extracting by manifest.
5559 silly tarball no local data for keyv@https://registry.npmjs.org/keyv/-/keyv-5.6.0.tgz. Extracting by manifest.
5560 silly tarball no local data for @keyv/bigmap@https://registry.npmjs.org/@keyv/bigmap/-/bigmap-1.3.1.tgz. Extracting by manifest.
5561 silly tarball no local data for keyv@https://registry.npmjs.org/keyv/-/keyv-5.6.0.tgz. Extracting by manifest.
5562 silly tarball no local data for hookified@https://registry.npmjs.org/hookified/-/hookified-2.2.0.tgz. Extracting by manifest.
5563 silly tarball no local data for magic-string@https://registry.npmjs.org/magic-string/-/magic-string-0.30.21.tgz. Extracting by manifest.
5564 silly tarball no local data for magic-string@https://registry.npmjs.org/magic-string/-/magic-string-0.30.21.tgz. Extracting by manifest.
5565 silly tarball no local data for postcss-selector-parser@https://registry.npmjs.org/postcss-selector-parser/-/postcss-selector-parser-6.1.4.tgz. Extracting by manifest.
5566 silly tarball no local data for @csstools/media-query-list-parser@https://registry.npmjs.org/@csstools/media-query-list-parser/-/media-query-list-parser-3.0.1.tgz. Extracting by manifest.
5567 silly tarball no local data for @csstools/css-tokenizer@https://registry.npmjs.org/@csstools/css-tokenizer/-/css-tokenizer-3.0.4.tgz. Extracting by manifest.
5568 silly tarball no local data for @csstools/css-parser-algorithms@https://registry.npmjs.org/@csstools/css-parser-algorithms/-/css-parser-algorithms-3.0.5.tgz. Extracting by manifest.
5569 silly tarball no local data for which@https://registry.npmjs.org/which/-/which-1.3.1.tgz. Extracting by manifest.
5570 silly tarball no local data for slice-ansi@https://registry.npmjs.org/slice-ansi/-/slice-ansi-4.0.0.tgz. Extracting by manifest.
5571 silly tarball no local data for picomatch@https://registry.npmjs.org/picomatch/-/picomatch-2.3.2.tgz. Extracting by manifest.
5572 silly tarball no local data for glob-parent@https://registry.npmjs.org/glob-parent/-/glob-parent-5.1.2.tgz. Extracting by manifest.
5573 silly tarball no local data for bn.js@https://registry.npmjs.org/bn.js/-/bn.js-4.12.5.tgz. Extracting by manifest.
5574 silly tarball no local data for @jridgewell/gen-mapping@https://registry.npmjs.org/@jridgewell/gen-mapping/-/gen-mapping-0.4.0-beta.0.tgz. Extracting by manifest.
5575 silly tarball no local data for chalk@https://registry.npmjs.org/chalk/-/chalk-5.6.2.tgz. Extracting by manifest.
5576 silly tarball no local data for hosted-git-info@https://registry.npmjs.org/hosted-git-info/-/hosted-git-info-10.1.1.tgz. Extracting by manifest.
5577 silly tarball no local data for @oxc-project/types@https://registry.npmjs.org/@oxc-project/types/-/types-0.149.0.tgz. Extracting by manifest.
5578 silly tarball no local data for node-addon-api@https://registry.npmjs.org/node-addon-api/-/node-addon-api-6.1.0.tgz. Extracting by manifest.
5579 silly tarball no local data for flat-cache@https://registry.npmjs.org/flat-cache/-/flat-cache-6.1.23.tgz. Extracting by manifest.
5580 silly tarball no local data for file-entry-cache@https://registry.npmjs.org/file-entry-cache/-/file-entry-cache-11.1.5.tgz. Extracting by manifest.
5581 silly tarball no local data for balanced-match@https://registry.npmjs.org/balanced-match/-/balanced-match-2.0.0.tgz. Extracting by manifest.
5582 silly tarball no local data for @csstools/media-query-list-parser@https://registry.npmjs.org/@csstools/media-query-list-parser/-/media-query-list-parser-4.0.3.tgz. Extracting by manifest.
5583 silly tarball no local data for @csstools/css-tokenizer@https://registry.npmjs.org/@csstools/css-tokenizer/-/css-tokenizer-3.0.4.tgz. Extracting by manifest.
5584 silly tarball no local data for @csstools/css-parser-algorithms@https://registry.npmjs.org/@csstools/css-parser-algorithms/-/css-parser-algorithms-3.0.5.tgz. Extracting by manifest.
5585 silly tarball no local data for yargs-parser@https://registry.npmjs.org/yargs-parser/-/yargs-parser-21.1.1.tgz. Extracting by manifest.
5586 silly tarball no local data for cliui@https://registry.npmjs.org/cliui/-/cliui-8.0.1.tgz. Extracting by manifest.
5587 silly tarball no local data for yargs@https://registry.npmjs.org/yargs/-/yargs-17.7.3.tgz. Extracting by manifest.
5588 silly tarball no local data for magic-string@https://registry.npmjs.org/magic-string/-/magic-string-0.30.21.tgz. Extracting by manifest.
5589 silly tarball no local data for @babel/core@https://registry.npmjs.org/@babel/core/-/core-8.0.1.tgz. Extracting by manifest.
5590 silly tarball no local data for sass@https://registry.npmjs.org/sass/-/sass-1.104.1.tgz. Extracting by manifest.
5591 http fetch POST 200 https://registry.npmjs.org/-/npm/v1/security/advisories/bulk 750ms
5592 silly audit report {
5592 silly audit report   ws: [
5592 silly audit report     {
5592 silly audit report       id: 1118729,
5592 silly audit report       url: 'https://github.com/advisories/GHSA-3h5v-q93c-6h6q',
5592 silly audit report       title: 'ws affected by a DoS when handling a request with many HTTP headers',
5592 silly audit report       severity: 'high',
5592 silly audit report       vulnerable_versions: '>=7.0.0 <7.5.10',
5592 silly audit report       cwe: [Array],
5592 silly audit report       cvss: [Object]
5592 silly audit report     },
5592 silly audit report     {
5592 silly audit report       id: 1119108,
5592 silly audit report       url: 'https://github.com/advisories/GHSA-58qx-3vcg-4xpx',
5592 silly audit report       title: 'ws: Uninitialized memory disclosure',
5592 silly audit report       severity: 'moderate',
5592 silly audit report       vulnerable_versions: '>=8.0.0 <8.20.1',
5592 silly audit report       cwe: [Array],
5592 silly audit report       cvss: [Object]
5592 silly audit report     },
5592 silly audit report     {
5592 silly audit report       id: 1123259,
5592 silly audit report       url: 'https://github.com/advisories/GHSA-96hv-2xvq-fx4p',
5592 silly audit report       title: 'ws: Memory exhaustion DoS from tiny fragments and data chunks',
5592 silly audit report       severity: 'high',
5592 silly audit report       vulnerable_versions: '>=8.0.0 <8.21.0',
5592 silly audit report       cwe: [Array],
5592 silly audit report       cvss: [Object]
5592 silly audit report     },
5592 silly audit report     {
5592 silly audit report       id: 1123260,
5592 silly audit report       url: 'https://github.com/advisories/GHSA-96hv-2xvq-fx4p',
5592 silly audit report       title: 'ws: Memory exhaustion DoS from tiny fragments and data chunks',
5592 silly audit report       severity: 'high',
5592 silly audit report       vulnerable_versions: '>=7.0.0 <7.5.11',
5592 silly audit report       cwe: [Array],
5592 silly audit report       cvss: [Object]
5592 silly audit report     }
5592 silly audit report   ],
5592 silly audit report   elliptic: [
5592 silly audit report     {
5592 silly audit report       id: 1112030,
5592 silly audit report       url: 'https://github.com/advisories/GHSA-848j-6mx2-7j84',
5592 silly audit report       title: 'Elliptic Uses a Cryptographic Primitive with a Risky Implementation',
5592 silly audit report       severity: 'low',
5592 silly audit report       vulnerable_versions: '<=6.6.1',
5592 silly audit report       cwe: [Array],
5592 silly audit report       cvss: [Object]
5592 silly audit report     }
5592 silly audit report   ],
5592 silly audit report   parseuri: [
5592 silly audit report     {
5592 silly audit report       id: 1107224,
5592 silly audit report       url: 'https://github.com/advisories/GHSA-6fx8-h7jm-663j',
5592 silly audit report       title: 'parse-uri Regular expression Denial of Service (ReDoS)',
5592 silly audit report       severity: 'moderate',
5592 silly audit report       vulnerable_versions: '<2.0.0',
5592 silly audit report       cwe: [Array],
5592 silly audit report       cvss: [Object]
5592 silly audit report     }
5592 silly audit report   ],
5592 silly audit report   'socket.io-parser': [
5592 silly audit report     {
5592 silly audit report       id: 1100541,
5592 silly audit report       url: 'https://github.com/advisories/GHSA-cqmj-92xf-r6r9',
5592 silly audit report       title: 'Insufficient validation when decoding a Socket.IO packet',
5592 silly audit report       severity: 'moderate',
5592 silly audit report       vulnerable_versions: '>=4.0.4 <4.2.3',
5592 silly audit report       cwe: [Array],
5592 silly audit report       cvss: [Object]
5592 silly audit report     },
5592 silly audit report     {
5592 silly audit report       id: 1130713,
5592 silly audit report       url: 'https://github.com/advisories/GHSA-2m8v-j782-fhvr',
5592 silly audit report       title: 'Socket.IO: Zero-attachment Memory Exhaustion',
5592 silly audit report       severity: 'high',
5592 silly audit report       vulnerable_versions: '>=4.0.0 <4.2.7',
5592 silly audit report       cwe: [Array],
5592 silly audit report       cvss: [Object]
5592 silly audit report     },
5592 silly audit report     {
5592 silly audit report       id: 1115154,
5592 silly audit report       url: 'https://github.com/advisories/GHSA-677m-j7p3-52f9',
5592 silly audit report       title: 'socket.io allows an unbounded number of binary attachments',
5592 silly audit report       severity: 'high',
5592 silly audit report       vulnerable_versions: '>=4.0.0 <4.2.6',
5592 silly audit report       cwe: [Array],
5592 silly audit report       cvss: [Object]
5592 silly audit report     }
5592 silly audit report   ],
5592 silly audit report   braces: [
5592 silly audit report     {
5592 silly audit report       id: 1240992,
5592 silly audit report       url: 'https://github.com/advisories/GHSA-vfj7-8cjw-p6xm',
5592 silly audit report       title: 'braces vulnerable to stack-exhaustion denial of service through deeply nested patterns',
5592 silly audit report       severity: 'high',
5592 silly audit report       vulnerable_versions: '<=3.0.3',
5592 silly audit report       cwe: [Array],
5592 silly audit report       cvss: [Object]
5592 silly audit report     }
5592 silly audit report   ]
5592 silly audit report }
5593 silly packumentCache corgi:https://registry.npmjs.org/ws cache-miss
5594 silly packumentCache corgi:https://registry.npmjs.org/elliptic cache-miss
5595 silly packumentCache corgi:https://registry.npmjs.org/parseuri cache-miss
5596 silly packumentCache corgi:https://registry.npmjs.org/socket.io-parser cache-miss
5597 silly packumentCache corgi:https://registry.npmjs.org/braces cache-miss
5598 http fetch GET 200 https://registry.npmjs.org/astral-regex/-/astral-regex-2.0.0.tgz 984ms (cache miss)
5599 http fetch GET 200 https://registry.npmjs.org/siginfo/-/siginfo-2.0.0.tgz 986ms (cache miss)
5600 http fetch GET 200 https://registry.npmjs.org/assertion-error/-/assertion-error-2.0.1.tgz 1000ms (cache miss)
5601 http fetch GET 200 https://registry.npmjs.org/@types/deep-eql/-/deep-eql-4.0.2.tgz 1018ms (cache miss)
5602 http fetch GET 200 https://registry.npmjs.org/why-is-node-running/-/why-is-node-running-2.3.0.tgz 1026ms (cache miss)
5603 http fetch GET 200 https://registry.npmjs.org/chai/-/chai-6.3.0.tgz 1048ms (cache miss)
5604 http fetch GET 200 https://registry.npmjs.org/stackback/-/stackback-0.0.2.tgz 1059ms (cache miss)
5605 http fetch GET 200 https://registry.npmjs.org/@types/chai/-/chai-5.2.3.tgz 1057ms (cache miss)
5606 http fetch GET 200 https://registry.npmjs.org/tinybench/-/tinybench-2.9.0.tgz 1058ms (cache miss)
5607 http fetch GET 200 https://registry.npmjs.org/tinyexec/-/tinyexec-1.3.1.tgz 1078ms (cache miss)
5608 http fetch GET 200 https://registry.npmjs.org/is-number/-/is-number-7.0.0.tgz 1084ms (cache miss)
5609 http fetch GET 200 https://registry.npmjs.org/queue-microtask/-/queue-microtask-1.2.3.tgz 1092ms (cache miss)
5610 http fetch GET 200 https://registry.npmjs.org/@keyv/serialize/-/serialize-1.1.1.tgz 1109ms (cache miss)
5611 http fetch GET 200 https://registry.npmjs.org/style-search/-/style-search-0.1.0.tgz 1101ms (cache miss)
5612 http fetch GET 200 https://registry.npmjs.org/lines-and-columns/-/lines-and-columns-1.2.4.tgz 1100ms (cache miss)
5613 http fetch GET 200 https://registry.npmjs.org/json-parse-even-better-errors/-/json-parse-even-better-errors-2.3.1.tgz 1122ms (cache miss)
5614 http fetch GET 200 https://registry.npmjs.org/to-regex-range/-/to-regex-range-5.0.1.tgz 1122ms (cache miss)
5615 http fetch GET 200 https://registry.npmjs.org/path-type/-/path-type-4.0.0.tgz 1131ms (cache miss)
5616 http fetch GET 200 https://registry.npmjs.org/array-union/-/array-union-2.1.0.tgz 1130ms (cache miss)
5617 http fetch GET 200 https://registry.npmjs.org/dir-glob/-/dir-glob-3.0.1.tgz 1131ms (cache miss)
5618 http fetch GET 200 https://registry.npmjs.org/global-prefix/-/global-prefix-3.0.0.tgz 1130ms (cache miss)
5619 http fetch GET 200 https://registry.npmjs.org/lodash.truncate/-/lodash.truncate-4.4.2.tgz 1142ms (cache miss)
5620 http fetch GET 200 https://registry.npmjs.org/fill-range/-/fill-range-7.1.1.tgz 1139ms (cache miss)
5621 http fetch GET 200 https://registry.npmjs.org/cssesc/-/cssesc-3.0.0.tgz 1151ms (cache miss)
5622 http fetch GET 200 https://registry.npmjs.org/run-parallel/-/run-parallel-1.2.0.tgz 1149ms (cache miss)
5623 http fetch GET 200 https://registry.npmjs.org/slash/-/slash-3.0.0.tgz 1150ms (cache miss)
5624 http fetch GET 200 https://registry.npmjs.org/merge2/-/merge2-1.4.1.tgz 1148ms (cache miss)
5625 http fetch GET 200 https://registry.npmjs.org/write-file-atomic/-/write-file-atomic-5.0.1.tgz 1164ms (cache miss)
5626 http fetch GET 200 https://registry.npmjs.org/parse-json/-/parse-json-5.2.0.tgz 1164ms (cache miss)
5627 http fetch GET 200 https://registry.npmjs.org/@nodelib/fs.walk/-/fs.walk-1.2.8.tgz 1165ms (cache miss)
5628 http fetch GET 200 https://registry.npmjs.org/tr46/-/tr46-6.0.0.tgz 1184ms (cache miss)
5629 http fetch GET 200 https://registry.npmjs.org/kind-of/-/kind-of-6.0.3.tgz 1177ms (cache miss)
5630 http fetch GET 200 https://registry.npmjs.org/supports-hyperlinks/-/supports-hyperlinks-3.2.0.tgz 1176ms (cache miss)
5631 http fetch GET 200 https://registry.npmjs.org/postcss-resolve-nested-selector/-/postcss-resolve-nested-selector-0.1.6.tgz 1175ms (cache miss)
5632 http fetch GET 200 https://registry.npmjs.org/svg-tags/-/svg-tags-1.0.0.tgz 1192ms (cache miss)
5633 http fetch GET 200 https://registry.npmjs.org/normalize-path/-/normalize-path-3.0.0.tgz 1193ms (cache miss)
5634 http fetch GET 200 https://registry.npmjs.org/is-plain-object/-/is-plain-object-5.1.0.tgz 1191ms (cache miss)
5635 http fetch GET 200 https://registry.npmjs.org/fastest-levenshtein/-/fastest-levenshtein-1.0.16.tgz 1199ms (cache miss)
5636 http fetch GET 200 https://registry.npmjs.org/html-tags/-/html-tags-3.3.1.tgz 1199ms (cache miss)
5637 http fetch GET 200 https://registry.npmjs.org/known-css-properties/-/known-css-properties-0.37.0.tgz 1208ms (cache miss)
5638 http fetch GET 200 https://registry.npmjs.org/mathml-tag-names/-/mathml-tag-names-2.1.3.tgz 1208ms (cache miss)
5639 http fetch GET 200 https://registry.npmjs.org/globby/-/globby-11.1.0.tgz 1207ms (cache miss)
5640 http fetch GET 200 https://registry.npmjs.org/globjoin/-/globjoin-0.1.4.tgz 1207ms (cache miss)
5641 http fetch GET 200 https://registry.npmjs.org/global-modules/-/global-modules-2.0.0.tgz 1218ms (cache miss)
5642 http fetch GET 200 https://registry.npmjs.org/@vitest/spy/-/spy-4.1.11.tgz 1238ms (cache miss)
5643 http fetch GET 200 https://registry.npmjs.org/reusify/-/reusify-1.1.0.tgz 1230ms (cache miss)
5644 http fetch GET 200 https://registry.npmjs.org/braces/-/braces-3.0.3.tgz 1247ms (cache miss)
5645 http fetch GET 200 https://registry.npmjs.org/varint/-/varint-6.0.0.tgz 1239ms (cache miss)
5646 http fetch GET 200 https://registry.npmjs.org/@csstools/selector-specificity/-/selector-specificity-5.0.0.tgz 1240ms (cache miss)
5647 http fetch GET 200 https://registry.npmjs.org/postcss-value-parser/-/postcss-value-parser-4.2.0.tgz 1250ms (cache miss)
5648 http fetch GET 200 https://registry.npmjs.org/y18n/-/y18n-5.0.8.tgz 1277ms (cache miss)
5649 http fetch GET 200 https://registry.npmjs.org/dijkstrajs/-/dijkstrajs-1.0.3.tgz 1266ms (cache miss)
5650 http fetch GET 200 https://registry.npmjs.org/cliui/-/cliui-9.0.1.tgz 1291ms (cache miss)
5651 http fetch GET 200 https://registry.npmjs.org/@oxc-project/types/-/types-0.150.0.tgz 1271ms (cache miss)
5652 http fetch GET 200 https://registry.npmjs.org/postcss-scss/-/postcss-scss-4.0.9.tgz 1290ms (cache miss)
5653 http fetch GET 200 https://registry.npmjs.org/@napi-rs/nice/-/nice-1.1.1.tgz 1277ms (cache miss)
5654 http fetch GET 200 https://registry.npmjs.org/log-symbols/-/log-symbols-7.0.1.tgz 1283ms (cache miss)
5655 http fetch GET 200 https://registry.npmjs.org/is-unicode-supported/-/is-unicode-supported-2.1.0.tgz 1283ms (cache miss)
5656 http fetch GET 200 https://registry.npmjs.org/qified/-/qified-0.10.1.tgz 1313ms (cache miss)
5657 http fetch GET 200 https://registry.npmjs.org/@vitest/expect/-/expect-4.1.11.tgz 1306ms (cache miss)
5658 http fetch GET 200 https://registry.npmjs.org/fastq/-/fastq-1.20.3.tgz 1300ms (cache miss)
5659 http fetch GET 200 https://registry.npmjs.org/yoctocolors/-/yoctocolors-2.2.0.tgz 1289ms (cache miss)
5660 http fetch GET 200 https://registry.npmjs.org/is-docker/-/is-docker-2.2.1.tgz 1288ms (cache miss)
5661 http fetch GET 200 https://registry.npmjs.org/is-interactive/-/is-interactive-2.0.0.tgz 1289ms (cache miss)
5662 http fetch GET 200 https://registry.npmjs.org/is-wsl/-/is-wsl-2.2.0.tgz 1288ms (cache miss)
5663 http fetch GET 200 https://registry.npmjs.org/micromatch/-/micromatch-4.0.8.tgz 1303ms (cache miss)
5664 http fetch GET 200 https://registry.npmjs.org/css-functions-list/-/css-functions-list-3.3.3.tgz 1301ms (cache miss)
5665 http fetch GET 200 https://registry.npmjs.org/define-lazy-prop/-/define-lazy-prop-2.0.0.tgz 1294ms (cache miss)
5666 http fetch GET 200 https://registry.npmjs.org/cli-spinners/-/cli-spinners-3.4.0.tgz 1295ms (cache miss)
5667 http fetch GET 200 https://registry.npmjs.org/@vitest/runner/-/runner-4.1.11.tgz 1320ms (cache miss)
5668 http fetch GET 200 https://registry.npmjs.org/parse5-sax-parser/-/parse5-sax-parser-8.0.0.tgz 1311ms (cache miss)
5669 http fetch GET 200 https://registry.npmjs.org/@rolldown/pluginutils/-/pluginutils-1.0.1.tgz 1312ms (cache miss)
5670 http fetch GET 200 https://registry.npmjs.org/proc-log/-/proc-log-7.0.0.tgz 1309ms (cache miss)
5671 http fetch GET 200 https://registry.npmjs.org/@cacheable/memory/-/memory-2.2.0.tgz 1341ms (cache miss)
5672 http fetch GET 200 https://registry.npmjs.org/validate-npm-package-name/-/validate-npm-package-name-8.0.0.tgz 1314ms (cache miss)
5673 http fetch GET 200 https://registry.npmjs.org/msgpackr-extract/-/msgpackr-extract-3.0.4.tgz 1320ms (cache miss)
5674 http fetch GET 200 https://registry.npmjs.org/node-gyp-build-optional-packages/-/node-gyp-build-optional-packages-5.2.2.tgz 1320ms (cache miss)
5675 http fetch GET 200 https://registry.npmjs.org/weak-lru-cache/-/weak-lru-cache-1.2.2.tgz 1321ms (cache miss)
5676 http fetch GET 200 https://registry.npmjs.org/@vitest/snapshot/-/snapshot-4.1.11.tgz 1352ms (cache miss)
5677 http fetch GET 200 https://registry.npmjs.org/stdin-discarder/-/stdin-discarder-0.3.2.tgz 1335ms (cache miss)
5678 http fetch GET 200 https://registry.npmjs.org/use-sync-external-store/-/use-sync-external-store-1.7.0.tgz 1379ms (cache miss)
5679 http fetch GET 200 https://registry.npmjs.org/slice-ansi/-/slice-ansi-9.0.1.tgz 1354ms (cache miss)
5680 http fetch GET 200 https://registry.npmjs.org/wrap-ansi/-/wrap-ansi-10.0.2.tgz 1360ms (cache miss)
5681 http fetch GET 200 https://registry.npmjs.org/cli-truncate/-/cli-truncate-6.1.1.tgz 1361ms (cache miss)
5682 http fetch GET 200 https://registry.npmjs.org/log-update/-/log-update-8.0.0.tgz 1361ms (cache miss)
5683 http fetch GET 200 https://registry.npmjs.org/@msgpackr-extract/msgpackr-extract-linux-x64/-/msgpackr-extract-linux-x64-3.0.4.tgz 1370ms (cache miss)
5684 http fetch GET 200 https://registry.npmjs.org/hashery/-/hashery-1.5.1.tgz 1412ms (cache miss)
5685 http fetch GET 200 https://registry.npmjs.org/yargs-parser/-/yargs-parser-22.0.0.tgz 1409ms (cache miss)
5686 http fetch GET 200 https://registry.npmjs.org/sync-message-port/-/sync-message-port-1.2.0.tgz 1432ms (cache miss)
5687 http fetch GET 200 https://registry.npmjs.org/@csstools/css-tokenizer/-/css-tokenizer-4.0.2.tgz 1411ms (cache miss)
5688 http fetch GET 200 https://registry.npmjs.org/@csstools/css-parser-algorithms/-/css-parser-algorithms-4.0.2.tgz 1411ms (cache miss)
5689 http fetch GET 200 https://registry.npmjs.org/@asamuzakjp/generational-cache/-/generational-cache-1.0.1.tgz 1411ms (cache miss)
5690 http fetch GET 200 https://registry.npmjs.org/pathe/-/pathe-2.0.3.tgz 1445ms (cache miss)
5691 http fetch GET 200 https://registry.npmjs.org/@asamuzakjp/nwsapi/-/nwsapi-2.3.9.tgz 1420ms (cache miss)
5692 http fetch GET 200 https://registry.npmjs.org/webidl-conversions/-/webidl-conversions-8.0.1.tgz 1432ms (cache miss)
5693 http fetch GET 200 https://registry.npmjs.org/@csstools/css-calc/-/css-calc-3.4.3.tgz 1447ms (cache miss)
5694 http fetch GET 200 https://registry.npmjs.org/@harperfast/extended-iterable/-/extended-iterable-1.0.3.tgz 1450ms (cache miss)
5695 http fetch GET 200 https://registry.npmjs.org/xml-name-validator/-/xml-name-validator-5.0.0.tgz 1447ms (cache miss)
5696 http fetch GET 200 https://registry.npmjs.org/@csstools/color-helpers/-/color-helpers-6.1.2.tgz 1456ms (cache miss)
5697 http fetch GET 200 https://registry.npmjs.org/@nodelib/fs.stat/-/fs.stat-2.0.5.tgz 1482ms (cache miss)
5698 http fetch GET 200 https://registry.npmjs.org/cacheable/-/cacheable-2.5.0.tgz 1504ms (cache miss)
5699 http fetch GET 200 https://registry.npmjs.org/expect-type/-/expect-type-1.4.0.tgz 1509ms (cache miss)
5700 http fetch GET 200 https://registry.npmjs.org/@csstools/css-color-parser/-/css-color-parser-4.2.6.tgz 1485ms (cache miss)
5701 http fetch GET 200 https://registry.npmjs.org/is-potential-custom-element-name/-/is-potential-custom-element-name-1.0.1.tgz 1483ms (cache miss)
5702 http fetch GET 200 https://registry.npmjs.org/data-urls/-/data-urls-7.0.0.tgz 1491ms (cache miss)
5703 http fetch GET 200 https://registry.npmjs.org/w3c-xmlserializer/-/w3c-xmlserializer-5.0.0.tgz 1501ms (cache miss)
5704 http fetch GET 200 https://registry.npmjs.org/html-encoding-sniffer/-/html-encoding-sniffer-6.0.0.tgz 1500ms (cache miss)
5705 http fetch GET 200 https://registry.npmjs.org/@cacheable/utils/-/utils-2.5.0.tgz 1556ms (cache miss)
5706 http fetch GET 200 https://registry.npmjs.org/symbol-tree/-/symbol-tree-3.2.4.tgz 1527ms (cache miss)
5707 http fetch GET 200 https://registry.npmjs.org/meow/-/meow-13.2.0.tgz 1579ms (cache miss)
5708 http fetch GET 200 https://registry.npmjs.org/@csstools/css-syntax-patches-for-csstree/-/css-syntax-patches-for-csstree-1.1.15.tgz 1564ms (cache miss)
5709 http fetch GET 200 https://registry.npmjs.org/es-module-lexer/-/es-module-lexer-2.3.2.tgz 1618ms (cache miss)
5710 http fetch GET 200 https://registry.npmjs.org/proxy-agent-negotiate/-/proxy-agent-negotiate-1.1.0.tgz 1590ms (cache miss)
5711 http fetch GET 200 https://registry.npmjs.org/whatwg-mimetype/-/whatwg-mimetype-5.0.0.tgz 1604ms (cache miss)
5712 http fetch GET 200 https://registry.npmjs.org/agent-base/-/agent-base-9.0.0.tgz 1601ms (cache miss)
5713 http fetch GET 200 https://registry.npmjs.org/hookified/-/hookified-1.15.1.tgz 1641ms (cache miss)
5714 http fetch GET 200 https://registry.npmjs.org/fast-string-truncated-width/-/fast-string-truncated-width-3.0.3.tgz 1606ms (cache miss)
5715 http fetch GET 200 https://registry.npmjs.org/sync-child-process/-/sync-child-process-1.0.2.tgz 1629ms (cache miss)
5716 http fetch GET 200 https://registry.npmjs.org/minimalistic-crypto-utils/-/minimalistic-crypto-utils-1.0.1.tgz 1614ms (cache miss)
5717 http fetch GET 200 https://registry.npmjs.org/minimalistic-assert/-/minimalistic-assert-1.0.1.tgz 1614ms (cache miss)
5718 http fetch GET 200 https://registry.npmjs.org/nanoid/-/nanoid-3.3.19.tgz 1633ms (cache miss)
5719 http fetch GET 200 https://registry.npmjs.org/@napi-rs/nice-linux-x64-gnu/-/nice-linux-x64-gnu-1.1.1.tgz 1633ms (cache miss)
5720 http fetch GET 200 https://registry.npmjs.org/fast-string-width/-/fast-string-width-3.0.2.tgz 1620ms (cache miss)
5721 http fetch GET 200 https://registry.npmjs.org/hmac-drbg/-/hmac-drbg-1.0.1.tgz 1620ms (cache miss)
5722 http fetch GET 200 https://registry.npmjs.org/brorand/-/brorand-1.1.0.tgz 1620ms (cache miss)
5723 http fetch GET 200 https://registry.npmjs.org/bech32/-/bech32-1.1.4.tgz 1627ms (cache miss)
5724 http fetch GET 200 https://registry.npmjs.org/saxes/-/saxes-6.0.0.tgz 1641ms (cache miss)
5725 http fetch GET 200 https://registry.npmjs.org/js-sha3/-/js-sha3-0.8.0.tgz 1643ms (cache miss)
5726 http fetch GET 200 https://registry.npmjs.org/bn.js/-/bn.js-5.2.5.tgz 1664ms (cache miss)
5727 http fetch GET 200 https://registry.npmjs.org/@ethersproject/units/-/units-5.8.0.tgz 1673ms (cache miss)
5728 http fetch GET 200 https://registry.npmjs.org/@dual-bundle/import-meta-resolve/-/import-meta-resolve-4.2.1.tgz 1697ms (cache miss)
5729 http fetch GET 200 https://registry.npmjs.org/@ethersproject/solidity/-/solidity-5.8.0.tgz 1681ms (cache miss)
5730 http fetch GET 200 https://registry.npmjs.org/decimal.js/-/decimal.js-10.6.0.tgz 1697ms (cache miss)
5731 http fetch GET 200 https://registry.npmjs.org/@ethersproject/sha2/-/sha2-5.8.0.tgz 1691ms (cache miss)
5732 http fetch GET 200 https://registry.npmjs.org/@ethersproject/rlp/-/rlp-5.8.0.tgz 1691ms (cache miss)
5733 http fetch GET 200 https://registry.npmjs.org/@ethersproject/properties/-/properties-5.8.0.tgz 1699ms (cache miss)
5734 http fetch GET 200 https://registry.npmjs.org/@ethersproject/random/-/random-5.8.0.tgz 1699ms (cache miss)
5735 http fetch GET 200 https://registry.npmjs.org/@ethersproject/networks/-/networks-5.8.0.tgz 1698ms (cache miss)
5736 http fetch GET 200 https://registry.npmjs.org/cosmiconfig/-/cosmiconfig-9.0.2.tgz 1729ms (cache miss)
5737 http fetch GET 200 https://registry.npmjs.org/@ethersproject/pbkdf2/-/pbkdf2-5.8.0.tgz 1707ms (cache miss)
5738 http fetch GET 200 https://registry.npmjs.org/@ethersproject/keccak256/-/keccak256-5.8.0.tgz 1706ms (cache miss)
5739 http fetch GET 200 https://registry.npmjs.org/lightningcss/-/lightningcss-1.33.0.tgz 1749ms (cache miss)
5740 http fetch GET 200 https://registry.npmjs.org/@ethersproject/constants/-/constants-5.8.0.tgz 1722ms (cache miss)
5741 http fetch GET 200 https://registry.npmjs.org/xmlchars/-/xmlchars-2.2.0.tgz 1756ms (cache miss)
5742 http fetch GET 200 https://registry.npmjs.org/@ethersproject/bytes/-/bytes-5.8.0.tgz 1748ms (cache miss)
5743 http fetch GET 200 https://registry.npmjs.org/@ethersproject/base64/-/base64-5.8.0.tgz 1749ms (cache miss)
5744 http fetch GET 200 https://registry.npmjs.org/react/-/react-19.3.0.tgz 1795ms (cache miss)
5745 http fetch GET 200 https://registry.npmjs.org/@ethersproject/address/-/address-5.8.0.tgz 1766ms (cache miss)
5746 http fetch GET 200 https://registry.npmjs.org/source-map-js/-/source-map-js-1.2.2.tgz 1792ms (cache miss)
5747 http fetch GET 200 https://registry.npmjs.org/open/-/open-8.4.2.tgz 1776ms (cache miss)
5748 http fetch GET 200 https://registry.npmjs.org/@types/esrecurse/-/esrecurse-4.3.1.tgz 1785ms (cache miss)
5749 http fetch GET 200 https://registry.npmjs.org/domelementtype/-/domelementtype-3.0.0.tgz 1783ms (cache miss)
5750 http fetch GET 200 https://registry.npmjs.org/nth-check/-/nth-check-3.0.1.tgz 1783ms (cache miss)
5751 http fetch GET 200 https://registry.npmjs.org/@nodelib/fs.scandir/-/fs.scandir-2.1.5.tgz 1827ms (cache miss)
5752 http fetch GET 200 https://registry.npmjs.org/@ethersproject/basex/-/basex-5.8.0.tgz 1798ms (cache miss)
5753 http fetch GET 200 https://registry.npmjs.org/whatwg-url/-/whatwg-url-16.0.1.tgz 1815ms (cache miss)
5754 http fetch GET 200 https://registry.npmjs.org/boolbase/-/boolbase-2.0.0.tgz 1801ms (cache miss)
5755 http fetch GET 200 https://registry.npmjs.org/readdirp/-/readdirp-5.1.1.tgz 1809ms (cache miss)
5756 http fetch GET 200 https://registry.npmjs.org/domhandler/-/domhandler-6.0.1.tgz 1820ms (cache miss)
5757 http fetch GET 200 https://registry.npmjs.org/postcss-safe-parser/-/postcss-safe-parser-7.1.0.tgz 1821ms (cache miss)
5758 http fetch GET 200 https://registry.npmjs.org/dom-serializer/-/dom-serializer-3.1.1.tgz 1828ms (cache miss)
5759 http fetch GET 200 https://registry.npmjs.org/postcss-media-query-parser/-/postcss-media-query-parser-0.2.3.tgz 1828ms (cache miss)
5760 http fetch GET 200 https://registry.npmjs.org/scrypt-js/-/scrypt-js-3.0.1.tgz 1848ms (cache miss)
5761 http fetch GET 200 https://registry.npmjs.org/estree-walker/-/estree-walker-3.0.3.tgz 1845ms (cache miss)
5762 http fetch GET 200 https://registry.npmjs.org/@ethersproject/abstract-signer/-/abstract-signer-5.8.0.tgz 1863ms (cache miss)
5763 http fetch GET 200 https://registry.npmjs.org/bidi-js/-/bidi-js-1.1.0.tgz 1883ms (cache miss)
5764 http fetch GET 200 https://registry.npmjs.org/ignore/-/ignore-7.0.8.tgz 1875ms (cache miss)
5765 http fetch GET 200 https://registry.npmjs.org/@angular-eslint/builder/-/builder-22.5.0.tgz 1886ms (cache miss)
5766 http fetch GET 200 https://registry.npmjs.org/eventemitter3/-/eventemitter3-4.0.7.tgz 1892ms (cache miss)
5767 http fetch GET 200 https://registry.npmjs.org/std-env/-/std-env-4.3.0.tgz 1891ms (cache miss)
5768 http fetch GET 200 https://registry.npmjs.org/@angular-eslint/template-parser/-/template-parser-22.5.0.tgz 1894ms (cache miss)
5769 http fetch GET 200 https://registry.npmjs.org/tinyrainbow/-/tinyrainbow-3.2.0.tgz 1893ms (cache miss)
5770 http fetch GET 200 https://registry.npmjs.org/@vitest/pretty-format/-/pretty-format-4.1.11.tgz 1901ms (cache miss)
5771 http fetch GET 200 https://registry.npmjs.org/immutable/-/immutable-5.1.9.tgz 1949ms (cache miss)
5772 http fetch GET 200 https://registry.npmjs.org/ast-v8-to-istanbul/-/ast-v8-to-istanbul-1.0.7.tgz 1917ms (cache miss)
5773 http fetch GET 200 https://registry.npmjs.org/@bcoe/v8-coverage/-/v8-coverage-1.0.2.tgz 1938ms (cache miss)
5774 http fetch GET 200 https://registry.npmjs.org/@inquirer/input/-/input-5.1.6.tgz 1937ms (cache miss)
5775 http fetch GET 200 https://registry.npmjs.org/@inquirer/rawlist/-/rawlist-5.3.5.tgz 1946ms (cache miss)
5776 http fetch GET 200 https://registry.npmjs.org/@inquirer/external-editor/-/external-editor-3.0.5.tgz 1947ms (cache miss)
5777 http fetch GET 200 https://registry.npmjs.org/@inquirer/search/-/search-4.3.3.tgz 1956ms (cache miss)
5778 http fetch GET 200 https://registry.npmjs.org/@inquirer/number/-/number-4.2.3.tgz 1955ms (cache miss)
5779 http fetch GET 200 https://registry.npmjs.org/@inquirer/password/-/password-5.2.2.tgz 1956ms (cache miss)
5780 http fetch GET 200 https://registry.npmjs.org/@inquirer/select/-/select-5.2.5.tgz 1956ms (cache miss)
5781 http fetch GET 200 https://registry.npmjs.org/@inquirer/checkbox/-/checkbox-5.2.5.tgz 1962ms (cache miss)
5782 http fetch GET 200 https://registry.npmjs.org/fast-wrap-ansi/-/fast-wrap-ansi-0.2.2.tgz 1971ms (cache miss)
5783 http fetch GET 200 https://registry.npmjs.org/mute-stream/-/mute-stream-3.0.0.tgz 1971ms (cache miss)
5784 http fetch GET 200 https://registry.npmjs.org/@codemirror/commands/-/commands-6.11.1.tgz 1992ms (cache miss)
5785 http fetch GET 200 https://registry.npmjs.org/@inquirer/expand/-/expand-5.1.5.tgz 1982ms (cache miss)
5786 http fetch GET 200 https://registry.npmjs.org/@inquirer/editor/-/editor-5.3.3.tgz 1982ms (cache miss)
5787 http fetch GET 200 https://registry.npmjs.org/@inquirer/figures/-/figures-2.0.9.tgz 1981ms (cache miss)
5788 http fetch GET 200 https://registry.npmjs.org/ws/-/ws-8.18.0.tgz 2012ms (cache miss)
5789 http fetch GET 200 https://registry.npmjs.org/@inquirer/type/-/type-4.1.1.tgz 1996ms (cache miss)
5790 http fetch GET 200 https://registry.npmjs.org/@inquirer/ansi/-/ansi-2.0.8.tgz 1997ms (cache miss)
5791 http fetch GET 200 https://registry.npmjs.org/cli-width/-/cli-width-4.1.0.tgz 1998ms (cache miss)
5792 http fetch GET 200 https://registry.npmjs.org/crelt/-/crelt-1.0.7.tgz 2006ms (cache miss)
5793 http fetch GET 200 https://registry.npmjs.org/w3c-keyname/-/w3c-keyname-2.2.8.tgz 2007ms (cache miss)
5794 http fetch GET 200 https://registry.npmjs.org/style-mod/-/style-mod-4.1.4.tgz 2007ms (cache miss)
5795 http fetch GET 200 https://registry.npmjs.org/@codemirror/search/-/search-6.7.2.tgz 2046ms (cache miss)
5796 http fetch GET 200 https://registry.npmjs.org/@marijn/find-cluster-break/-/find-cluster-break-1.0.4.tgz 2033ms (cache miss)
5797 http fetch GET 200 https://registry.npmjs.org/@babel/helper-string-parser/-/helper-string-parser-8.0.6.tgz 2065ms (cache miss)
5798 http fetch GET 200 https://registry.npmjs.org/@babel/helper-globals/-/helper-globals-8.0.6.tgz 2065ms (cache miss)
5799 http fetch GET 200 https://registry.npmjs.org/flru/-/flru-1.0.2.tgz 2076ms (cache miss)
5800 http fetch GET 200 https://registry.npmjs.org/@vitest/mocker/-/mocker-4.1.11.tgz 2142ms (cache miss)
5801 http fetch GET 200 https://registry.npmjs.org/@babel/helper-validator-option/-/helper-validator-option-8.0.0.tgz 2086ms (cache miss)
5802 http fetch GET 200 https://registry.npmjs.org/js-tokens/-/js-tokens-10.0.0.tgz 2108ms (cache miss)
5803 http fetch GET 200 https://registry.npmjs.org/@types/jsesc/-/jsesc-2.5.1.tgz 2108ms (cache miss)
5804 http fetch GET 200 https://registry.npmjs.org/verkit/-/verkit-0.3.2.tgz 2108ms (cache miss)
5805 http fetch GET 200 https://registry.npmjs.org/@ethersproject/wallet/-/wallet-5.8.0.tgz 2143ms (cache miss)
5806 http fetch GET 200 https://registry.npmjs.org/@asamuzakjp/dom-selector/-/dom-selector-7.1.1.tgz 2149ms (cache miss)
5807 http fetch GET 200 https://registry.npmjs.org/@ethersproject/logger/-/logger-5.8.0.tgz 2155ms (cache miss)
5808 http fetch GET 200 https://registry.npmjs.org/@babel/compat-data/-/compat-data-8.0.5.tgz 2131ms (cache miss)
5809 http fetch GET 200 https://registry.npmjs.org/empathic/-/empathic-2.1.0.tgz 2130ms (cache miss)
5810 http fetch GET 200 https://registry.npmjs.org/@lezer/highlight/-/highlight-1.2.5.tgz 2144ms (cache miss)
5811 http fetch GET 200 https://registry.npmjs.org/obug/-/obug-2.2.1.tgz 2142ms (cache miss)
5812 http fetch GET 200 https://registry.npmjs.org/@babel/code-frame/-/code-frame-8.0.6.tgz 2148ms (cache miss)
5813 http fetch GET 200 https://registry.npmjs.org/@ethersproject/transactions/-/transactions-5.8.0.tgz 2185ms (cache miss)
5814 http fetch GET 200 https://registry.npmjs.org/tough-cookie/-/tough-cookie-6.0.2.tgz 2194ms (cache miss)
5815 http fetch GET 200 https://registry.npmjs.org/@fortawesome/fontawesome-common-types/-/fontawesome-common-types-0.2.36.tgz 2168ms (cache miss)
5816 http fetch GET 200 https://registry.npmjs.org/@babel/template/-/template-8.0.0.tgz 2161ms (cache miss)
5817 http fetch GET 200 https://registry.npmjs.org/@babel/helper-compilation-targets/-/helper-compilation-targets-8.0.6.tgz 2160ms (cache miss)
5818 http fetch GET 200 https://registry.npmjs.org/@babel/generator/-/generator-8.0.6.tgz 2169ms (cache miss)
5819 http fetch GET 200 https://registry.npmjs.org/@codemirror/lint/-/lint-6.9.7.tgz 2184ms (cache miss)
5820 http fetch GET 200 https://registry.npmjs.org/@types/gensync/-/gensync-1.0.5.tgz 2181ms (cache miss)
5821 http fetch GET 200 https://registry.npmjs.org/ora/-/ora-9.4.1.tgz 2179ms (cache miss)
5822 http fetch GET 200 https://registry.npmjs.org/npm-package-arg/-/npm-package-arg-14.0.0.tgz 2191ms (cache miss)
5823 http fetch GET 200 https://registry.npmjs.org/@babel/helper-validator-identifier/-/helper-validator-identifier-8.0.6.tgz 2206ms (cache miss)
5824 http fetch GET 200 https://registry.npmjs.org/@listr2/prompt-adapter-inquirer/-/prompt-adapter-inquirer-4.2.7.tgz 2202ms (cache miss)
5825 http fetch GET 200 https://registry.npmjs.org/source-map-support/-/source-map-support-0.5.21.tgz 2214ms (cache miss)
5826 http fetch GET 200 https://registry.npmjs.org/@inquirer/prompts/-/prompts-8.7.2.tgz 2216ms (cache miss)
5827 http fetch GET 200 https://registry.npmjs.org/@ethersproject/hdnode/-/hdnode-5.8.0.tgz 2253ms (cache miss)
5828 http fetch GET 200 https://registry.npmjs.org/eslint-scope/-/eslint-scope-9.1.2.tgz 2258ms (cache miss)
5829 http fetch GET 200 https://registry.npmjs.org/mrmime/-/mrmime-2.0.1.tgz 2236ms (cache miss)
5830 http fetch GET 200 https://registry.npmjs.org/parse5-html-rewriting-stream/-/parse5-html-rewriting-stream-8.0.1.tgz 2237ms (cache miss)
5831 http fetch GET 200 https://registry.npmjs.org/@lezer/common/-/common-1.5.3.tgz 2266ms (cache miss)
5832 http fetch GET 200 https://registry.npmjs.org/@ethersproject/abstract-provider/-/abstract-provider-5.8.0.tgz 2295ms (cache miss)
5833 http fetch GET 200 https://registry.npmjs.org/@babel/helpers/-/helpers-8.0.5.tgz 2272ms (cache miss)
5834 http fetch GET 200 https://registry.npmjs.org/magic-string/-/magic-string-1.4.1.tgz 2268ms (cache miss)
5835 http fetch GET 200 https://registry.npmjs.org/chokidar/-/chokidar-5.0.0.tgz 2266ms (cache miss)
5836 http fetch GET 200 https://registry.npmjs.org/hash.js/-/hash.js-1.1.7.tgz 2336ms (cache miss)
5837 http fetch GET 200 https://registry.npmjs.org/magicast/-/magicast-0.5.5.tgz 2324ms (cache miss)
5838 http fetch GET 200 https://registry.npmjs.org/@lezer/lr/-/lr-1.4.10.tgz 2317ms (cache miss)
5839 http fetch GET 200 https://registry.npmjs.org/listr2/-/listr2-11.1.0.tgz 2334ms (cache miss)
5840 http fetch GET 200 https://registry.npmjs.org/@inquirer/confirm/-/confirm-6.3.2.tgz 2332ms (cache miss)
5841 http fetch GET 200 https://registry.npmjs.org/reflect-metadata/-/reflect-metadata-0.2.2.tgz 2369ms (cache miss)
5842 http fetch GET 200 https://registry.npmjs.org/snarkdown/-/snarkdown-1.2.2.tgz 2361ms (cache miss)
5843 http fetch GET 200 https://registry.npmjs.org/undici-types/-/undici-types-6.21.0.tgz 2392ms (cache miss)
5844 http fetch GET 200 https://registry.npmjs.org/ngx-window-token/-/ngx-window-token-7.0.0.tgz 2370ms (cache miss)
5845 http fetch GET 200 https://registry.npmjs.org/solidity-browser-compiler/-/solidity-browser-compiler-1.1.0.tgz 2371ms (cache miss)
5846 http fetch GET 200 https://registry.npmjs.org/ordered-binary/-/ordered-binary-1.6.2.tgz 2435ms (cache miss)
5847 http fetch GET 200 https://registry.npmjs.org/@codemirror/autocomplete/-/autocomplete-6.20.3.tgz 2399ms (cache miss)
5848 http fetch GET 200 https://registry.npmjs.org/@ampproject/remapping/-/remapping-2.3.0.tgz 2388ms (cache miss)
5849 http fetch GET 200 https://registry.npmjs.org/@ethersproject/contracts/-/contracts-5.8.0.tgz 2427ms (cache miss)
5850 http fetch GET 200 https://registry.npmjs.org/@codemirror/language/-/language-6.12.4.tgz 2407ms (cache miss)
5851 http fetch GET 200 https://registry.npmjs.org/jwt-decode/-/jwt-decode-4.0.0.tgz 2392ms (cache miss)
5852 http fetch GET 200 https://registry.npmjs.org/stylelint-config-sass-guidelines/-/stylelint-config-sass-guidelines-12.1.0.tgz 2394ms (cache miss)
5853 http fetch GET 200 https://registry.npmjs.org/codemirror/-/codemirror-6.0.2.tgz 2400ms (cache miss)
5854 http fetch GET 200 https://registry.npmjs.org/@parcel/watcher-linux-x64-glibc/-/watcher-linux-x64-glibc-2.6.0.tgz 2433ms (cache miss)
5855 http fetch GET 200 https://registry.npmjs.org/ng2-file-upload/-/ng2-file-upload-10.0.0.tgz 2411ms (cache miss)
5856 http fetch GET 200 https://registry.npmjs.org/angular-eslint/-/angular-eslint-22.5.0.tgz 2418ms (cache miss)
5857 http fetch GET 200 https://registry.npmjs.org/angularx-qrcode/-/angularx-qrcode-21.0.5.tgz 2432ms (cache miss)
5858 http fetch GET 200 https://registry.npmjs.org/@lezer/json/-/json-1.0.3.tgz 2461ms (cache miss)
5859 http fetch GET 200 https://registry.npmjs.org/mdn-data/-/mdn-data-2.27.1.tgz 2506ms (cache miss)
5860 http fetch GET 200 https://registry.npmjs.org/@codemirror/state/-/state-6.7.6.tgz 2472ms (cache miss)
5861 http fetch GET 200 https://registry.npmjs.org/https-proxy-agent/-/https-proxy-agent-9.1.0.tgz 2462ms (cache miss)
5862 http fetch GET 200 https://registry.npmjs.org/canvas-confetti/-/canvas-confetti-1.9.4.tgz 2458ms (cache miss)
5863 http fetch GET 200 https://registry.npmjs.org/@types/socket.io-client/-/socket.io-client-1.4.36.tgz 2458ms (cache miss)
5864 http fetch GET 200 https://registry.npmjs.org/@vitest/coverage-v8/-/coverage-v8-4.1.11.tgz 2458ms (cache miss)
5865 http fetch GET 200 https://registry.npmjs.org/@lezer/yaml/-/yaml-1.0.4.tgz 2484ms (cache miss)
5866 http fetch GET 200 https://registry.npmjs.org/@bramus/specificity/-/specificity-2.4.2.tgz 2525ms (cache miss)
5867 http fetch GET 200 https://registry.npmjs.org/@ngx-translate/http-loader/-/http-loader-17.0.0.tgz 2501ms (cache miss)
5868 http fetch GET 200 https://registry.npmjs.org/@eslint/js/-/js-9.33.0.tgz 2500ms (cache miss)
5869 http fetch GET 200 https://registry.npmjs.org/@types/jwt-decode/-/jwt-decode-2.2.1.tgz 2510ms (cache miss)
5870 http fetch GET 200 https://registry.npmjs.org/@codemirror/lang-yaml/-/lang-yaml-6.1.3.tgz 2518ms (cache miss)
5871 http fetch GET 200 https://registry.npmjs.org/@codemirror/lang-json/-/lang-json-6.0.2.tgz 2518ms (cache miss)
5872 http fetch GET 200 https://registry.npmjs.org/xxhash-wasm/-/xxhash-wasm-1.1.0.tgz 2543ms (cache miss)
5873 http fetch GET 200 https://registry.npmjs.org/elliptic/-/elliptic-6.6.1.tgz 2607ms (cache miss)
5874 http fetch GET 200 https://registry.npmjs.org/@fortawesome/fontawesome-svg-core/-/fontawesome-svg-core-1.2.36.tgz 2563ms (cache miss)
5875 http fetch GET 200 https://registry.npmjs.org/@ngx-translate/core/-/core-17.0.0.tgz 2574ms (cache miss)
5876 http fetch GET 200 https://registry.npmjs.org/import-meta-resolve/-/import-meta-resolve-4.2.0.tgz 2660ms (cache miss)
5877 http fetch GET 200 https://registry.npmjs.org/@keyv/bigmap/-/bigmap-1.3.1.tgz 2640ms (cache miss)
5878 http fetch GET 200 https://registry.npmjs.org/@babel/parser/-/parser-8.0.6.tgz 2667ms (cache miss)
5879 http fetch GET 200 https://registry.npmjs.org/beasties/-/beasties-0.5.4.tgz 2660ms (cache miss)
5880 http fetch GET 200 https://registry.npmjs.org/which/-/which-1.3.1.tgz 2662ms (cache miss)
5881 http fetch GET 200 https://registry.npmjs.org/slice-ansi/-/slice-ansi-4.0.0.tgz 2661ms (cache miss)
5882 http fetch GET 200 https://registry.npmjs.org/@csstools/css-parser-algorithms/-/css-parser-algorithms-3.0.5.tgz 2662ms (cache miss)
5883 http fetch GET 200 https://registry.npmjs.org/glob-parent/-/glob-parent-5.1.2.tgz 2661ms (cache miss)
5884 http fetch GET 200 https://registry.npmjs.org/@oxc-parser/binding-linux-x64-gnu/-/binding-linux-x64-gnu-0.150.0.tgz 2739ms (cache miss)
5885 http fetch GET 200 https://registry.npmjs.org/@codemirror/merge/-/merge-6.12.2.tgz 2681ms (cache miss)
5886 http fetch GET 200 https://registry.npmjs.org/@codemirror/lang-javascript/-/lang-javascript-6.2.5.tgz 2681ms (cache miss)
5887 http fetch GET 200 https://registry.npmjs.org/@babel/traverse/-/traverse-8.0.6.tgz 2704ms (cache miss)
5888 http fetch GET 200 https://registry.npmjs.org/@ethersproject/signing-key/-/signing-key-5.8.0.tgz 2738ms (cache miss)
5889 http fetch GET 200 https://registry.npmjs.org/hosted-git-info/-/hosted-git-info-10.1.1.tgz 2688ms (cache miss)
5890 http fetch GET 200 https://registry.npmjs.org/balanced-match/-/balanced-match-2.0.0.tgz 2686ms (cache miss)
5891 http fetch GET 200 https://registry.npmjs.org/keyv/-/keyv-5.6.0.tgz 2699ms (cache miss)
5892 http fetch GET 200 https://registry.npmjs.org/chalk/-/chalk-5.6.2.tgz 2695ms (cache miss)
5893 http fetch GET 200 https://registry.npmjs.org/keyv/-/keyv-5.6.0.tgz 2706ms (cache miss)
5894 http fetch GET 200 https://registry.npmjs.org/bn.js/-/bn.js-4.12.5.tgz 2702ms (cache miss)
5895 http fetch GET 200 https://registry.npmjs.org/@csstools/css-tokenizer/-/css-tokenizer-3.0.4.tgz 2704ms (cache miss)
5896 http fetch GET 200 https://registry.npmjs.org/@csstools/media-query-list-parser/-/media-query-list-parser-3.0.1.tgz 2705ms (cache miss)
5897 http fetch GET 200 https://registry.npmjs.org/@oxc-project/types/-/types-0.149.0.tgz 2701ms (cache miss)
5898 http fetch GET 200 https://registry.npmjs.org/keyv/-/keyv-5.6.0.tgz 2713ms (cache miss)
5899 http fetch GET 200 https://registry.npmjs.org/cliui/-/cliui-8.0.1.tgz 2706ms (cache miss)
5900 http fetch GET 200 https://registry.npmjs.org/tslib/-/tslib-2.8.1.tgz 2721ms (cache miss)
5901 http fetch GET 200 https://registry.npmjs.org/source-map/-/source-map-0.8.0.tgz 2742ms (cache miss)
5902 http fetch GET 200 https://registry.npmjs.org/css-what/-/css-what-8.0.0.tgz 2772ms (cache miss)
5903 http fetch GET 200 https://registry.npmjs.org/@angular-eslint/bundled-angular-compiler/-/bundled-angular-compiler-22.5.0.tgz 2769ms (cache miss)
5904 http fetch GET 200 https://registry.npmjs.org/@csstools/css-parser-algorithms/-/css-parser-algorithms-3.0.5.tgz 2734ms (cache miss)
5905 http fetch GET 200 https://registry.npmjs.org/@csstools/media-query-list-parser/-/media-query-list-parser-4.0.3.tgz 2735ms (cache miss)
5906 http fetch GET 200 https://registry.npmjs.org/braces 2127ms (cache miss)
5907 silly packumentCache corgi:https://registry.npmjs.org/braces set size:undefined disposed:false
5908 http fetch GET 200 https://registry.npmjs.org/parseuri 2131ms (cache miss)
5909 silly packumentCache corgi:https://registry.npmjs.org/parseuri set size:undefined disposed:false
5910 http fetch GET 200 https://registry.npmjs.org/htmlparser2/-/htmlparser2-12.0.0.tgz 2790ms (cache miss)
5911 http fetch GET 200 https://registry.npmjs.org/@lezer/javascript/-/javascript-1.5.6.tgz 2779ms (cache miss)
5912 http fetch GET 200 https://registry.npmjs.org/picomatch/-/picomatch-2.3.2.tgz 2752ms (cache miss)
5913 http fetch GET 200 https://registry.npmjs.org/flat-cache/-/flat-cache-6.1.23.tgz 2749ms (cache miss)
5914 http fetch GET 200 https://registry.npmjs.org/lru-cache/-/lru-cache-11.2.7.tgz 2815ms (cache miss)
5915 http fetch GET 200 https://registry.npmjs.org/@csstools/css-tokenizer/-/css-tokenizer-3.0.4.tgz 2754ms (cache miss)
5916 http fetch GET 200 https://registry.npmjs.org/socket.io-parser 2142ms (cache miss)
5917 silly packumentCache corgi:https://registry.npmjs.org/socket.io-parser set size:undefined disposed:false
5918 http fetch GET 200 https://registry.npmjs.org/elliptic 2146ms (cache miss)
5919 silly packumentCache corgi:https://registry.npmjs.org/elliptic set size:undefined disposed:false
5920 http fetch GET 200 https://registry.npmjs.org/@vitejs/plugin-basic-ssl/-/plugin-basic-ssl-2.3.0.tgz 2781ms (cache miss)
5921 http fetch GET 200 https://registry.npmjs.org/postcss-selector-parser/-/postcss-selector-parser-7.1.6.tgz 2844ms (cache miss)
5922 http fetch GET 200 https://registry.npmjs.org/file-entry-cache/-/file-entry-cache-11.1.5.tgz 2769ms (cache miss)
5923 http fetch GET 200 https://registry.npmjs.org/ws 2193ms (cache miss)
5924 silly packumentCache corgi:https://registry.npmjs.org/ws set size:undefined disposed:false
5925 http fetch GET 200 https://registry.npmjs.org/@ethersproject/bignumber/-/bignumber-5.8.0.tgz 2877ms (cache miss)
5926 http fetch GET 200 https://registry.npmjs.org/@vitest/utils/-/utils-4.1.11.tgz 2865ms (cache miss)
5927 http fetch GET 200 https://registry.npmjs.org/@ethersproject/web/-/web-5.8.0.tgz 2902ms (cache miss)
5928 http fetch GET 200 https://registry.npmjs.org/@cyclonedx/cyclonedx-esbuild/-/cyclonedx-esbuild-1.4.4.tgz 2877ms (cache miss)
5929 http fetch GET 200 https://registry.npmjs.org/colord/-/colord-2.10.0.tgz 2952ms (cache miss)
5930 http fetch GET 200 https://registry.npmjs.org/@ethersproject/strings/-/strings-5.8.0.tgz 2931ms (cache miss)
5931 http fetch GET 200 https://registry.npmjs.org/@codemirror/view/-/view-6.43.13.tgz 2908ms (cache miss)
5932 http fetch GET 200 https://registry.npmjs.org/yargs-parser/-/yargs-parser-21.1.1.tgz 2876ms (cache miss)
5933 silly packumentCache corgi:https://registry.npmjs.org/engine.io-client cache-miss
5934 http fetch GET 200 https://registry.npmjs.org/magic-string/-/magic-string-0.30.21.tgz 2902ms (cache miss)
5935 http fetch GET 200 https://registry.npmjs.org/magic-string/-/magic-string-0.30.21.tgz 2911ms (cache miss)
5936 http fetch GET 200 https://registry.npmjs.org/@babel/types/-/types-8.0.6.tgz 2937ms (cache miss)
5937 http fetch GET 200 https://registry.npmjs.org/iconv-lite/-/iconv-lite-0.7.3.tgz 2952ms (cache miss)
5938 http fetch GET 200 https://registry.npmjs.org/@exodus/bytes/-/bytes-1.16.0.tgz 2992ms (cache miss)
5939 http fetch GET 200 https://registry.npmjs.org/domutils/-/domutils-4.0.2.tgz 2979ms (cache miss)
5940 http fetch GET 200 https://registry.npmjs.org/node-addon-api/-/node-addon-api-6.1.0.tgz 2933ms (cache miss)
5941 http fetch GET 200 https://registry.npmjs.org/magic-string/-/magic-string-0.30.21.tgz 2935ms (cache miss)
5942 http fetch GET 200 https://registry.npmjs.org/hookified/-/hookified-2.2.0.tgz 2949ms (cache miss)
5943 http fetch GET 200 https://registry.npmjs.org/ngy-cookie/-/ngy-cookie-6.0.1000.tgz 2971ms (cache miss)
5944 http fetch GET 200 https://registry.npmjs.org/@angular/platform-browser/-/platform-browser-22.2.1.tgz 2964ms (cache miss)
5945 http fetch GET 200 https://registry.npmjs.org/jsonc-parser/-/jsonc-parser-3.3.1.tgz 3018ms (cache miss)
5946 http fetch GET 200 https://registry.npmjs.org/@angular-eslint/utils/-/utils-22.5.0.tgz 3061ms (cache miss)
5947 http fetch GET 200 https://registry.npmjs.org/@ethersproject/json-wallets/-/json-wallets-5.8.0.tgz 3080ms (cache miss)
5948 http fetch GET 200 https://registry.npmjs.org/@modelcontextprotocol/core/-/core-2.0.0.tgz 3066ms (cache miss)
5949 http fetch GET 200 https://registry.npmjs.org/msgpackr/-/msgpackr-1.12.1.tgz 3103ms (cache miss)
5950 http fetch GET 200 https://registry.npmjs.org/@angular/animations/-/animations-22.2.1.tgz 3091ms (cache miss)
5951 warn deprecated @angular/animations@22.2.1: @angular/animations is deprecated. Use `animate.enter` and `animate.leave` instead. For more information see: https://v22.angular.dev/guide/animations.
5952 http fetch GET 200 https://registry.npmjs.org/@jridgewell/gen-mapping/-/gen-mapping-0.4.0-beta.0.tgz 3107ms (cache miss)
5953 http fetch GET 200 https://registry.npmjs.org/chardet/-/chardet-2.2.0.tgz 3172ms (cache miss)
5954 http fetch GET 200 https://registry.npmjs.org/engine.io-client 244ms (cache miss)
5955 silly packumentCache corgi:https://registry.npmjs.org/engine.io-client set size:undefined disposed:false
5956 http fetch GET 200 https://registry.npmjs.org/qrcode/-/qrcode-1.5.4.tgz 3208ms (cache miss)
5957 http fetch GET 200 https://registry.npmjs.org/aes-js/-/aes-js-3.0.0.tgz 3244ms (cache miss)
5958 http fetch GET 200 https://registry.npmjs.org/@angular/router/-/router-22.2.1.tgz 3202ms (cache miss)
5959 silly packumentCache corgi:https://registry.npmjs.org/@ethersproject%2fproviders cache-miss
5960 http fetch GET 200 https://registry.npmjs.org/@inquirer/core/-/core-12.0.3.tgz 3247ms (cache miss)
5961 http fetch GET 200 https://registry.npmjs.org/@babel/core/-/core-8.0.5.tgz 3250ms (cache miss)
5962 http fetch GET 200 https://registry.npmjs.org/parse5/-/parse5-8.0.1.tgz 3258ms (cache miss)
5963 http fetch GET 200 https://registry.npmjs.org/fast-glob/-/fast-glob-3.3.3.tgz 3322ms (cache miss)
5964 http fetch GET 200 https://registry.npmjs.org/@parcel/watcher/-/watcher-2.6.0.tgz 3264ms (cache miss)
5965 http fetch GET 200 https://registry.npmjs.org/@angular/forms/-/forms-22.2.1.tgz 3300ms (cache miss)
5966 http fetch GET 200 https://registry.npmjs.org/entities/-/entities-8.1.0.tgz 3348ms (cache miss)
5967 http fetch GET 200 https://registry.npmjs.org/postcss/-/postcss-8.5.28.tgz 3345ms (cache miss)
5968 http fetch GET 200 https://registry.npmjs.org/postcss-selector-parser/-/postcss-selector-parser-6.1.4.tgz 3354ms (cache miss)
5969 http fetch GET 200 https://registry.npmjs.org/pngjs/-/pngjs-5.0.0.tgz 3436ms (cache miss)
5970 http fetch GET 200 https://registry.npmjs.org/@babel/core/-/core-8.0.1.tgz 3371ms (cache miss)
5971 http fetch GET 200 https://registry.npmjs.org/tldts/-/tldts-7.4.16.tgz 3483ms (cache miss)
5972 http fetch GET 200 https://registry.npmjs.org/esbuild-visualizer/-/esbuild-visualizer-0.7.0.tgz 3425ms (cache miss)
5973 http fetch GET 200 https://registry.npmjs.org/yargs/-/yargs-18.1.0.tgz 3483ms (cache miss)
5974 http fetch GET 200 https://registry.npmjs.org/oxc-parser/-/oxc-parser-0.150.0.tgz 3498ms (cache miss)
5975 http fetch GET 200 https://registry.npmjs.org/@ethersproject%2fproviders 289ms (cache miss)
5976 silly packumentCache corgi:https://registry.npmjs.org/@ethersproject%2fproviders set size:undefined disposed:false
5977 http fetch GET 200 https://registry.npmjs.org/rolldown/-/rolldown-1.2.8.tgz 3567ms (cache miss)
5978 silly packumentCache corgi:https://registry.npmjs.org/@ethersproject%2fsigning-key cache-miss
5979 http fetch GET 200 https://registry.npmjs.org/@ethersproject/hash/-/hash-5.8.0.tgz 3613ms (cache miss)
5980 http fetch GET 200 https://registry.npmjs.org/css-select/-/css-select-7.0.0.tgz 3613ms (cache miss)
5981 http fetch GET 200 https://registry.npmjs.org/@types/node/-/node-20.19.43.tgz 3598ms (cache miss)
5982 http fetch GET 200 https://registry.npmjs.org/yargs/-/yargs-17.7.3.tgz 3615ms (cache miss)
5983 http fetch GET 200 https://registry.npmjs.org/vite/-/vite-8.3.0.tgz 3687ms (cache miss)
5984 http fetch GET 200 https://registry.npmjs.org/@asamuzakjp/css-color/-/css-color-5.1.11.tgz 3732ms (cache miss)
5985 http fetch GET 200 https://registry.npmjs.org/@ethersproject/wordlists/-/wordlists-5.8.0.tgz 3737ms (cache miss)
5986 http fetch GET 200 https://registry.npmjs.org/@ethersproject%2fsigning-key 134ms (cache miss)
5987 silly packumentCache corgi:https://registry.npmjs.org/@ethersproject%2fsigning-key set size:undefined disposed:false
5988 silly packumentCache corgi:https://registry.npmjs.org/socket.io-client cache-miss
5989 http fetch GET 200 https://registry.npmjs.org/@angular/compiler/-/compiler-22.2.1.tgz 3817ms (cache miss)
5990 http fetch GET 200 https://registry.npmjs.org/@fortawesome/free-regular-svg-icons/-/free-regular-svg-icons-5.15.4.tgz 3828ms (cache miss)
5991 http fetch GET 200 https://registry.npmjs.org/socket.io-client 145ms (cache miss)
5992 silly packumentCache corgi:https://registry.npmjs.org/socket.io-client set size:undefined disposed:false
5993 http fetch GET 200 https://registry.npmjs.org/tldts-core/-/tldts-core-7.4.16.tgz 3969ms (cache miss)
5994 http fetch GET 200 https://registry.npmjs.org/@angular-eslint/schematics/-/schematics-22.5.0.tgz 3928ms (cache miss)
5995 silly packumentCache corgi:https://registry.npmjs.org/micromatch cache-miss
5996 http fetch GET 200 https://registry.npmjs.org/@angular-devkit/architect/-/architect-0.2202.1.tgz 4000ms (cache miss)
5997 http fetch GET 200 https://registry.npmjs.org/table/-/table-6.9.0.tgz 4144ms (cache miss)
5998 http fetch GET 200 https://registry.npmjs.org/micromatch 122ms (cache miss)
5999 silly packumentCache corgi:https://registry.npmjs.org/micromatch set size:undefined disposed:false
6000 http fetch GET 200 https://registry.npmjs.org/zustand/-/zustand-4.5.7.tgz 4149ms (cache miss)
6001 silly packumentCache corgi:https://registry.npmjs.org/ethers cache-miss
6002 http fetch GET 200 https://registry.npmjs.org/sass/-/sass-1.105.1.tgz 4231ms (cache miss)
6003 http fetch GET 200 https://registry.npmjs.org/zone.js/-/zone.js-0.15.1.tgz 4287ms (cache miss)
6004 http fetch GET 200 https://registry.npmjs.org/sass/-/sass-1.104.1.tgz 4272ms (cache miss)
6005 http fetch GET 200 https://registry.npmjs.org/vitest/-/vitest-4.1.11.tgz 4296ms (cache miss)
6006 http fetch GET 200 https://registry.npmjs.org/ethers 211ms (cache miss)
6007 silly packumentCache corgi:https://registry.npmjs.org/ethers set size:undefined disposed:false
6008 http fetch GET 200 https://registry.npmjs.org/piscina/-/piscina-5.3.2.tgz 4408ms (cache miss)
6009 http fetch GET 200 https://registry.npmjs.org/@ethersproject/abi/-/abi-5.8.0.tgz 4458ms (cache miss)
6010 silly packumentCache corgi:https://registry.npmjs.org/@ethersproject%2fhdnode cache-miss
6011 silly packumentCache corgi:https://registry.npmjs.org/@ethersproject%2ftransactions cache-miss
6012 silly packumentCache corgi:https://registry.npmjs.org/@ethersproject%2fwallet cache-miss
6013 http fetch GET 200 https://registry.npmjs.org/@ethersproject/providers/-/providers-5.8.0.tgz 4500ms (cache miss)
6014 http fetch GET 200 https://registry.npmjs.org/lightningcss-linux-x64-gnu/-/lightningcss-linux-x64-gnu-1.33.0.tgz 4536ms (cache miss)
6015 http fetch GET 200 https://registry.npmjs.org/@ethersproject%2fhdnode 120ms (cache miss)
6016 silly packumentCache corgi:https://registry.npmjs.org/@ethersproject%2fhdnode set size:undefined disposed:false
6017 http fetch GET 200 https://registry.npmjs.org/@ethersproject%2fwallet 125ms (cache miss)
6018 silly packumentCache corgi:https://registry.npmjs.org/@ethersproject%2fwallet set size:undefined disposed:false
6019 http fetch GET 200 https://registry.npmjs.org/@ethersproject%2ftransactions 136ms (cache miss)
6020 silly packumentCache corgi:https://registry.npmjs.org/@ethersproject%2ftransactions set size:undefined disposed:false
6021 http fetch GET 200 https://registry.npmjs.org/@stylistic/stylelint-plugin/-/stylelint-plugin-3.1.3.tgz 4646ms (cache miss)
6022 http fetch GET 200 https://registry.npmjs.org/@modelcontextprotocol/server/-/server-2.0.0.tgz 4730ms (cache miss)
6023 silly packumentCache corgi:https://registry.npmjs.org/stylelint cache-miss
6024 silly packumentCache corgi:https://registry.npmjs.org/fast-glob cache-miss
6025 http fetch GET 200 https://registry.npmjs.org/lodash-es/-/lodash-es-4.18.1.tgz 4735ms (cache miss)
6026 http fetch GET 200 https://registry.npmjs.org/ng-gallery/-/ng-gallery-12.0.0.tgz 4740ms (cache miss)
6027 http fetch GET 200 https://registry.npmjs.org/sass-embedded-linux-x64/-/sass-embedded-linux-x64-1.104.1.tgz 4805ms (cache miss)
6028 http fetch GET 200 https://registry.npmjs.org/stylelint-scss/-/stylelint-scss-6.14.0.tgz 4797ms (cache miss)
6029 http fetch GET 200 https://registry.npmjs.org/fast-glob 94ms (cache miss)
6030 silly packumentCache corgi:https://registry.npmjs.org/fast-glob set size:undefined disposed:false
6031 http fetch GET 200 https://registry.npmjs.org/@angular-devkit/schematics/-/schematics-22.2.1.tgz 4902ms (cache miss)
6032 http fetch GET 200 https://registry.npmjs.org/@angular-eslint/eslint-plugin/-/eslint-plugin-22.5.0.tgz 4929ms (cache miss)
6033 http fetch GET 200 https://registry.npmjs.org/stylelint 179ms (cache miss)
6034 silly packumentCache corgi:https://registry.npmjs.org/stylelint set size:undefined disposed:false
6035 silly packumentCache corgi:https://registry.npmjs.org/@wagmi%2fcore cache-miss
6036 http fetch GET 200 https://registry.npmjs.org/axobject-query/-/axobject-query-4.1.0.tgz 4997ms (cache miss)
6037 http fetch GET 200 https://registry.npmjs.org/ethers/-/ethers-5.8.0.tgz 4990ms (cache miss)
6038 http fetch GET 200 https://registry.npmjs.org/@angular-devkit/core/-/core-22.2.1.tgz 5114ms (cache miss)
6039 http fetch GET 200 https://registry.npmjs.org/@wagmi%2fcore 185ms (cache miss)
6040 silly packumentCache corgi:https://registry.npmjs.org/@wagmi%2fcore set size:undefined disposed:false
6041 http fetch GET 200 https://registry.npmjs.org/@angular/core/-/core-22.2.1.tgz 5143ms (cache miss)
6042 http fetch GET 200 https://registry.npmjs.org/lmdb/-/lmdb-3.5.6.tgz 5166ms (cache miss)
6043 silly packumentCache corgi:https://registry.npmjs.org/@ethersproject%2fjson-wallets cache-miss
6044 http fetch GET 200 https://registry.npmjs.org/@lmdb/lmdb-linux-x64/-/lmdb-linux-x64-3.5.6.tgz 5258ms (cache miss)
6045 http fetch GET 200 https://registry.npmjs.org/font-mfizz/-/font-mfizz-2.4.1.tgz 5232ms (cache miss)
6046 http fetch GET 200 https://registry.npmjs.org/@angular-eslint/eslint-plugin-template/-/eslint-plugin-template-22.5.0.tgz 5291ms (cache miss)
6047 http fetch GET 200 https://registry.npmjs.org/@ethersproject%2fjson-wallets 100ms (cache miss)
6048 silly packumentCache corgi:https://registry.npmjs.org/@ethersproject%2fjson-wallets set size:undefined disposed:false
6049 http fetch GET 200 https://registry.npmjs.org/@fortawesome/free-brands-svg-icons/-/free-brands-svg-icons-5.15.4.tgz 5267ms (cache miss)
6050 silly packumentCache corgi:https://registry.npmjs.org/@ethersproject%2fabstract-provider cache-miss
6051 silly packumentCache corgi:https://registry.npmjs.org/@ethersproject%2fcontracts cache-miss
6052 http fetch GET 200 https://registry.npmjs.org/undici/-/undici-7.30.0.tgz 5391ms (cache miss)
6053 http fetch GET 200 https://registry.npmjs.org/@ethersproject%2fabstract-provider 93ms (cache miss)
6054 silly packumentCache corgi:https://registry.npmjs.org/@ethersproject%2fabstract-provider set size:undefined disposed:false
6055 http fetch GET 200 https://registry.npmjs.org/@angular/language-service/-/language-service-22.2.1.tgz 5400ms (cache miss)
6056 http fetch GET 200 https://registry.npmjs.org/sass-embedded/-/sass-embedded-1.104.1.tgz 5417ms (cache miss)
6057 http fetch GET 200 https://registry.npmjs.org/@ethersproject%2fcontracts 116ms (cache miss)
6058 silly packumentCache corgi:https://registry.npmjs.org/@ethersproject%2fcontracts set size:undefined disposed:false
6059 silly packumentCache corgi:https://registry.npmjs.org/globby cache-miss
6060 http fetch GET 200 https://registry.npmjs.org/@wagmi/core/-/core-0.5.8.tgz 5478ms (cache miss)
6061 http fetch GET 200 https://registry.npmjs.org/aria-query/-/aria-query-5.3.2.tgz 5518ms (cache miss)
6062 http fetch GET 200 https://registry.npmjs.org/@rolldown/binding-linux-x64-gnu/-/binding-linux-x64-gnu-1.2.8.tgz 5560ms (cache miss)
6063 http fetch GET 200 https://registry.npmjs.org/globby 68ms (cache miss)
6064 silly packumentCache corgi:https://registry.npmjs.org/globby set size:undefined disposed:false
6065 silly packumentCache corgi:https://registry.npmjs.org/stylelint-config-sass-guidelines cache-miss
6066 silly packumentCache corgi:https://registry.npmjs.org/stylelint-scss cache-miss
6067 silly packumentCache corgi:https://registry.npmjs.org/@stylistic%2fstylelint-plugin cache-miss
6068 http fetch GET 200 https://registry.npmjs.org/stylelint-config-sass-guidelines 56ms (cache miss)
6069 silly packumentCache corgi:https://registry.npmjs.org/stylelint-config-sass-guidelines set size:undefined disposed:false
6070 http fetch GET 200 https://registry.npmjs.org/@stylistic%2fstylelint-plugin 69ms (cache miss)
6071 silly packumentCache corgi:https://registry.npmjs.org/@stylistic%2fstylelint-plugin set size:undefined disposed:false
6072 http fetch GET 200 https://registry.npmjs.org/stylelint-scss 97ms (cache miss)
6073 silly packumentCache corgi:https://registry.npmjs.org/stylelint-scss set size:undefined disposed:false
6074 silly packumentCache corgi:https://registry.npmjs.org/@ethersproject%2fabstract-signer cache-miss
6075 http fetch GET 200 https://registry.npmjs.org/@ethersproject%2fabstract-signer 103ms (cache miss)
6076 silly packumentCache corgi:https://registry.npmjs.org/@ethersproject%2fabstract-signer set size:undefined disposed:false
6077 http fetch GET 200 https://registry.npmjs.org/css-tree/-/css-tree-3.2.1.tgz 5875ms (cache miss)
6078 silly packumentCache corgi:https://registry.npmjs.org/@ethersproject%2fhash cache-miss
6079 http fetch GET 200 https://registry.npmjs.org/@ethersproject%2fhash 76ms (cache miss)
6080 silly packumentCache corgi:https://registry.npmjs.org/@ethersproject%2fhash set size:undefined disposed:false
6081 silly packumentCache corgi:https://registry.npmjs.org/@ethersproject%2fabi cache-miss
6082 silly packumentCache corgi:https://registry.npmjs.org/@ethersproject%2fwordlists cache-miss
6083 http fetch GET 200 https://registry.npmjs.org/@ethersproject%2fwordlists 69ms (cache miss)
6084 silly packumentCache corgi:https://registry.npmjs.org/@ethersproject%2fwordlists set size:undefined disposed:false
6085 http fetch GET 200 https://registry.npmjs.org/@ethersproject%2fabi 74ms (cache miss)
6086 silly packumentCache corgi:https://registry.npmjs.org/@ethersproject%2fabi set size:undefined disposed:false
6087 http fetch GET 200 https://registry.npmjs.org/@schematics/angular/-/angular-22.2.1.tgz 6041ms (cache miss)
6088 http fetch GET 200 https://registry.npmjs.org/@angular/cdk/-/cdk-22.2.1.tgz 6140ms (cache miss)
6089 http fetch GET 200 https://registry.npmjs.org/@fortawesome/free-solid-svg-icons/-/free-solid-svg-icons-5.15.4.tgz 6160ms (cache miss)
6090 warn deprecated eslint@9.39.5: This version is no longer supported. Please see https://eslint.org/version-support for other options.
6091 http fetch GET 200 https://registry.npmjs.org/@angular/cli/-/cli-22.2.1.tgz 6265ms (cache miss)
6092 http fetch GET 200 https://registry.npmjs.org/@bufbuild/protobuf/-/protobuf-2.16.0.tgz 6397ms (cache miss)
6093 http fetch GET 200 https://registry.npmjs.org/@angular/material/-/material-22.2.1.tgz 6374ms (cache miss)
6094 http fetch GET 200 https://registry.npmjs.org/colorjs.io/-/colorjs.io-0.7.1.tgz 6457ms (cache miss)
6095 http fetch GET 200 https://registry.npmjs.org/flag-icons/-/flag-icons-6.15.0.tgz 6416ms (cache miss)
6096 http fetch GET 200 https://registry.npmjs.org/@angular/compiler-cli/-/compiler-cli-22.2.1.tgz 6468ms (cache miss)
6097 http fetch GET 200 https://registry.npmjs.org/stylelint/-/stylelint-16.26.1.tgz 6543ms (cache miss)
6098 http fetch GET 200 https://registry.npmjs.org/@angular/build/-/build-22.2.1.tgz 6641ms (cache miss)
6099 http fetch GET 200 https://registry.npmjs.org/jsdom/-/jsdom-29.1.1.tgz 6721ms (cache miss)
6100 http fetch GET 200 https://registry.npmjs.org/rxjs/-/rxjs-7.8.2.tgz 7350ms (cache miss)
6101 http fetch GET 200 https://registry.npmjs.org/@angular/common/-/common-22.2.1.tgz 7471ms (cache miss)
6102 info run @parcel/watcher@2.6.0 install node_modules/@parcel/watcher node scripts/build-from-source.js
6103 info run lmdb@3.5.6 install node_modules/lmdb node-gyp-build-optional-packages
6104 info run msgpackr-extract@3.0.4 install node_modules/msgpackr-extract node-gyp-build-optional-packages
6105 info run @parcel/watcher@2.6.0 install { code: 0, signal: null }
6106 info run lmdb@3.5.6 install { code: 0, signal: null }
6107 info run msgpackr-extract@3.0.4 install { code: 0, signal: null }
6108 info run esbuild@0.28.2 postinstall node_modules/esbuild node install.js
6109 info run esbuild@0.28.2 postinstall { code: 0, signal: null }
6110 silly ADD node_modules/astral-regex
6111 silly ADD node_modules/@keyv/serialize
6112 silly ADD node_modules/hashery
6113 silly ADD node_modules/qified
6114 silly ADD node_modules/qified/node_modules/hookified
6115 silly ADD node_modules/@cacheable/utils
6116 silly ADD node_modules/@cacheable/utils/node_modules/keyv
6117 silly ADD node_modules/@cacheable/memory
6118 silly ADD node_modules/@cacheable/memory/node_modules/keyv
6119 silly ADD node_modules/@cacheable/memory/node_modules/@keyv/bigmap
6120 silly ADD node_modules/hookified
6121 silly ADD node_modules/cacheable
6122 silly ADD node_modules/cacheable/node_modules/keyv
6123 silly ADD node_modules/camelcase
6124 silly ADD node_modules/p-try
6125 silly ADD node_modules/which-module
6126 silly ADD node_modules/set-blocking
6127 silly ADD node_modules/require-main-filename
6128 silly ADD node_modules/decamelize
6129 silly ADD node_modules/require-directory
6130 silly ADD node_modules/emoji-regex
6131 silly ADD node_modules/fast-json-stable-stringify
6132 silly ADD node_modules/concat-map
6133 silly ADD node_modules/react
6134 silly ADD node_modules/use-sync-external-store
6135 silly ADD node_modules/yargs-parser
6136 silly ADD node_modules/y18n
6137 silly ADD node_modules/get-caller-file
6138 silly ADD node_modules/cliui
6139 silly ADD node_modules/cliui/node_modules/ansi-styles
6140 silly ADD node_modules/cliui/node_modules/wrap-ansi
6141 silly ADD node_modules/cliui/node_modules/string-width
6142 silly ADD node_modules/stackback
6143 silly ADD node_modules/siginfo
6144 silly ADD node_modules/isexe
6145 silly ADD node_modules/tr46
6146 silly ADD node_modules/assertion-error
6147 silly ADD node_modules/@types/deep-eql
6148 silly ADD node_modules/chai
6149 silly ADD node_modules/@types/chai
6150 silly ADD node_modules/why-is-node-running
6151 silly ADD node_modules/tinyexec
6152 silly ADD node_modules/tinybench
6153 silly ADD node_modules/pathe
6154 silly ADD node_modules/expect-type
6155 silly ADD node_modules/es-module-lexer
6156 silly ADD node_modules/@vitest/spy
6157 silly ADD node_modules/@vitest/snapshot
6158 silly ADD node_modules/@vitest/snapshot/node_modules/magic-string
6159 silly ADD node_modules/@vitest/runner
6160 silly ADD node_modules/@vitest/mocker
6161 silly ADD node_modules/@vitest/mocker/node_modules/magic-string
6162 silly ADD node_modules/@vitest/expect
6163 silly ADD node_modules/lightningcss-linux-x64-gnu
6164 silly ADD node_modules/lightningcss
6165 silly ADD node_modules/spdx-correct
6166 silly ADD node_modules/spdx-correct/node_modules/spdx-expression-parse
6167 silly ADD node_modules/escalade
6168 silly ADD node_modules/@typescript-eslint/type-utils
6169 silly ADD node_modules/@typescript-eslint/parser
6170 silly ADD node_modules/@typescript-eslint/eslint-plugin
6171 silly ADD node_modules/tldts-core
6172 silly ADD node_modules/tldts
6173 silly ADD node_modules/is-number
6174 silly ADD node_modules/fdir
6175 silly ADD node_modules/lodash.truncate
6176 silly ADD node_modules/sync-message-port
6177 silly ADD node_modules/has-flag
6178 silly ADD node_modules/style-search
6179 silly ADD node_modules/postcss-scss
6180 silly ADD node_modules/@stylistic/stylelint-plugin
6181 silly ADD node_modules/@stylistic/stylelint-plugin/node_modules/postcss-selector-parser
6182 silly ADD node_modules/@stylistic/stylelint-plugin/node_modules/@csstools/media-query-list-parser
6183 silly ADD node_modules/@stylistic/stylelint-plugin/node_modules/@csstools/css-tokenizer
6184 silly ADD node_modules/@stylistic/stylelint-plugin/node_modules/@csstools/css-parser-algorithms
6185 silly ADD node_modules/queue-microtask
6186 silly ADD node_modules/util-deprecate
6187 silly ADD node_modules/cssesc
6188 silly ADD node_modules/is-arrayish
6189 silly ADD node_modules/lines-and-columns
6190 silly ADD node_modules/json-parse-even-better-errors
6191 silly ADD node_modules/error-ex
6192 silly ADD node_modules/to-regex-range
6193 silly ADD node_modules/fill-range
6194 silly ADD node_modules/braces
6195 silly ADD node_modules/path-type
6196 silly ADD node_modules/slash
6197 silly ADD node_modules/dir-glob
6198 silly ADD node_modules/array-union
6199 silly ADD node_modules/kind-of
6200 silly ADD node_modules/ini
6201 silly ADD node_modules/global-prefix
6202 silly ADD node_modules/global-prefix/node_modules/which
6203 silly ADD node_modules/reusify
6204 silly ADD node_modules/run-parallel
6205 silly ADD node_modules/fastq
6206 silly ADD node_modules/@nodelib/fs.scandir
6207 silly ADD node_modules/merge2
6208 silly ADD node_modules/@nodelib/fs.walk
6209 silly ADD node_modules/@nodelib/fs.stat
6210 silly ADD node_modules/parse-json
6211 silly ADD node_modules/parse-json/node_modules/js-tokens
6212 silly ADD node_modules/parse-json/node_modules/@babel/helper-validator-identifier
6213 silly ADD node_modules/parse-json/node_modules/@babel/code-frame
6214 silly ADD node_modules/env-paths
6215 silly ADD node_modules/write-file-atomic
6216 silly ADD node_modules/table
6217 silly ADD node_modules/table/node_modules/ansi-regex
6218 silly ADD node_modules/table/node_modules/emoji-regex
6219 silly ADD node_modules/table/node_modules/is-fullwidth-code-point
6220 silly ADD node_modules/table/node_modules/strip-ansi
6221 silly ADD node_modules/table/node_modules/string-width
6222 silly ADD node_modules/table/node_modules/slice-ansi
6223 silly ADD node_modules/svg-tags
6224 silly ADD node_modules/supports-hyperlinks
6225 silly ADD node_modules/postcss-value-parser
6226 silly ADD node_modules/postcss-resolve-nested-selector
6227 silly ADD node_modules/normalize-path
6228 silly ADD node_modules/micromatch
6229 silly ADD node_modules/micromatch/node_modules/picomatch
6230 silly ADD node_modules/meow
6231 silly ADD node_modules/mathml-tag-names
6232 silly ADD node_modules/known-css-properties
6233 silly ADD node_modules/is-plain-object
6234 silly ADD node_modules/html-tags
6235 silly ADD node_modules/globjoin
6236 silly ADD node_modules/globby
6237 silly ADD node_modules/globby/node_modules/ignore
6238 silly ADD node_modules/global-modules
6239 silly ADD node_modules/fastest-levenshtein
6240 silly ADD node_modules/fast-glob
6241 silly ADD node_modules/fast-glob/node_modules/glob-parent
6242 silly ADD node_modules/css-functions-list
6243 silly ADD node_modules/cosmiconfig
6244 silly ADD node_modules/colord
6245 silly ADD node_modules/@dual-bundle/import-meta-resolve
6246 silly ADD node_modules/postcss-selector-parser
6247 silly ADD node_modules/@csstools/selector-specificity
6248 silly ADD node_modules/ansi-regex
6249 silly ADD node_modules/spdx-license-ids
6250 silly ADD node_modules/spdx-exceptions
6251 silly ADD node_modules/buffer-from
6252 silly ADD node_modules/yeast
6253 silly ADD node_modules/xmlhttprequest-ssl
6254 silly ADD node_modules/parseqs
6255 silly ADD node_modules/has-cors
6256 silly ADD node_modules/engine.io-parser
6257 silly ADD node_modules/base64-arraybuffer
6258 silly ADD node_modules/socket.io-parser
6259 silly ADD node_modules/socket.io-parser/node_modules/debug
6260 silly ADD node_modules/parseuri
6261 silly ADD node_modules/engine.io-client
6262 silly ADD node_modules/engine.io-client/node_modules/ws
6263 silly ADD node_modules/engine.io-client/node_modules/debug
6264 silly ADD node_modules/component-emitter
6265 silly ADD node_modules/backo2
6266 silly ADD node_modules/@types/component-emitter
6267 silly ADD node_modules/ret
6268 silly ADD node_modules/discontinuous-range
6269 silly ADD node_modules/randexp
6270 silly ADD node_modules/railroad-diagrams
6271 silly ADD node_modules/moo
6272 silly ADD node_modules/nearley
6273 silly ADD node_modules/nearley/node_modules/commander
6274 silly ADD node_modules/get-east-asian-width
6275 silly ADD node_modules/is-fullwidth-code-point
6276 silly ADD node_modules/shebang-regex
6277 silly ADD node_modules/extend
6278 silly ADD node_modules/xmlchars
6279 silly ADD node_modules/varint
6280 silly ADD node_modules/sync-child-process
6281 silly ADD node_modules/sass-embedded-linux-x64
6282 silly ADD node_modules/colorjs.io
6283 silly ADD node_modules/@bufbuild/protobuf
6284 silly ADD node_modules/immutable
6285 silly ADD node_modules/@rolldown/pluginutils
6286 silly ADD node_modules/@rolldown/binding-linux-x64-gnu
6287 silly ADD node_modules/mimic-function
6288 silly ADD node_modules/onetime
6289 silly ADD node_modules/pngjs
6290 silly ADD node_modules/dijkstrajs
6291 silly ADD node_modules/nanoid
6292 silly ADD node_modules/@napi-rs/nice-linux-x64-gnu
6293 silly ADD node_modules/@napi-rs/nice
6294 silly ADD node_modules/parse5-sax-parser
6295 silly ADD node_modules/callsites
6296 silly ADD node_modules/yocto-queue
6297 silly ADD node_modules/p-limit
6298 silly ADD node_modules/@oxc-project/types
6299 silly ADD node_modules/@oxc-parser/binding-linux-x64-gnu
6300 silly ADD node_modules/yoctocolors
6301 silly ADD node_modules/stdin-discarder
6302 silly ADD node_modules/log-symbols
6303 silly ADD node_modules/is-unicode-supported
6304 silly ADD node_modules/is-interactive
6305 silly ADD node_modules/cli-spinners
6306 silly ADD node_modules/word-wrap
6307 silly ADD node_modules/fast-levenshtein
6308 silly ADD node_modules/deep-is
6309 silly ADD node_modules/is-wsl
6310 silly ADD node_modules/is-docker
6311 silly ADD node_modules/define-lazy-prop
6312 silly ADD node_modules/validate-npm-package-name
6313 silly ADD node_modules/proc-log
6314 silly ADD node_modules/validate-npm-package-license
6315 silly ADD node_modules/validate-npm-package-license/node_modules/spdx-expression-parse
6316 silly ADD node_modules/hosted-git-info
6317 silly ADD node_modules/@msgpackr-extract/msgpackr-extract-linux-x64
6318 silly ADD node_modules/msgpackr-extract
6319 silly ADD node_modules/balanced-match
6320 silly ADD node_modules/brace-expansion
6321 silly ADD node_modules/restore-cursor
6322 silly ADD node_modules/environment
6323 silly ADD node_modules/strip-ansi
6324 silly ADD node_modules/cli-cursor
6325 silly ADD node_modules/ansi-escapes
6326 silly ADD node_modules/p-locate
6327 silly ADD node_modules/weak-lru-cache
6328 silly ADD node_modules/ordered-binary
6329 silly ADD node_modules/node-gyp-build-optional-packages
6330 silly ADD node_modules/msgpackr
6331 silly ADD node_modules/@lmdb/lmdb-linux-x64
6332 silly ADD node_modules/@harperfast/extended-iterable
6333 silly ADD node_modules/string-width
6334 silly ADD node_modules/slice-ansi
6335 silly ADD node_modules/slice-ansi/node_modules/ansi-styles
6336 silly ADD node_modules/wrap-ansi
6337 silly ADD node_modules/wrap-ansi/node_modules/ansi-styles
6338 silly ADD node_modules/log-update
6339 silly ADD node_modules/cli-truncate
6340 silly ADD node_modules/type-check
6341 silly ADD node_modules/prelude-ls
6342 silly ADD node_modules/json-buffer
6343 silly ADD node_modules/source-map-js
6344 silly ADD node_modules/mdn-data
6345 silly ADD node_modules/@csstools/color-helpers
6346 silly ADD node_modules/bidi-js
6347 silly ADD node_modules/@asamuzakjp/nwsapi
6348 silly ADD node_modules/@csstools/css-color-parser
6349 silly ADD node_modules/@csstools/css-parser-algorithms
6350 silly ADD node_modules/@csstools/css-tokenizer
6351 silly ADD node_modules/@csstools/css-calc
6352 silly ADD node_modules/@asamuzakjp/generational-cache
6353 silly ADD node_modules/xml-name-validator
6354 silly ADD node_modules/whatwg-url
6355 silly ADD node_modules/whatwg-mimetype
6356 silly ADD node_modules/webidl-conversions
6357 silly ADD node_modules/w3c-xmlserializer
6358 silly ADD node_modules/undici
6359 silly ADD node_modules/tough-cookie
6360 silly ADD node_modules/symbol-tree
6361 silly ADD node_modules/saxes
6362 silly ADD node_modules/lru-cache
6363 silly ADD node_modules/is-potential-custom-element-name
6364 silly ADD node_modules/html-encoding-sniffer
6365 silly ADD node_modules/decimal.js
6366 silly ADD node_modules/data-urls
6367 silly ADD node_modules/css-tree
6368 silly ADD node_modules/@exodus/bytes
6369 silly ADD node_modules/@csstools/css-syntax-patches-for-csstree
6370 silly ADD node_modules/@bramus/specificity
6371 silly ADD node_modules/@asamuzakjp/dom-selector
6372 silly ADD node_modules/@asamuzakjp/css-color
6373 silly ADD node_modules/argparse
6374 silly ADD node_modules/html-escaper
6375 silly ADD node_modules/make-dir
6376 silly ADD node_modules/is-extglob
6377 silly ADD node_modules/resolve-from
6378 silly ADD node_modules/parent-module
6379 silly ADD node_modules/safer-buffer
6380 silly ADD node_modules/proxy-agent-negotiate
6381 silly ADD node_modules/agent-base
6382 silly ADD node_modules/keyv
6383 silly ADD node_modules/flatted
6384 silly ADD node_modules/path-exists
6385 silly ADD node_modules/locate-path
6386 silly ADD node_modules/flat-cache
6387 silly ADD node_modules/fast-string-truncated-width
6388 silly ADD node_modules/fast-string-width
6389 silly ADD node_modules/minimalistic-crypto-utils
6390 silly ADD node_modules/minimalistic-assert
6391 silly ADD node_modules/inherits
6392 silly ADD node_modules/hmac-drbg
6393 silly ADD node_modules/brorand
6394 silly ADD node_modules/elliptic
6395 silly ADD node_modules/elliptic/node_modules/bn.js
6396 silly ADD node_modules/hash.js
6397 silly ADD node_modules/ws
6398 silly ADD node_modules/bech32
6399 silly ADD node_modules/js-sha3
6400 silly ADD node_modules/scrypt-js
6401 silly ADD node_modules/aes-js
6402 silly ADD node_modules/bn.js
6403 silly ADD node_modules/@ethersproject/wordlists
6404 silly ADD node_modules/@ethersproject/web
6405 silly ADD node_modules/@ethersproject/wallet
6406 silly ADD node_modules/@ethersproject/units
6407 silly ADD node_modules/@ethersproject/transactions
6408 silly ADD node_modules/@ethersproject/strings
6409 silly ADD node_modules/@ethersproject/solidity
6410 silly ADD node_modules/@ethersproject/signing-key
6411 silly ADD node_modules/@ethersproject/sha2
6412 silly ADD node_modules/@ethersproject/rlp
6413 silly ADD node_modules/@ethersproject/random
6414 silly ADD node_modules/@ethersproject/providers
6415 silly ADD node_modules/@ethersproject/properties
6416 silly ADD node_modules/@ethersproject/pbkdf2
6417 silly ADD node_modules/@ethersproject/networks
6418 silly ADD node_modules/@ethersproject/logger
6419 silly ADD node_modules/@ethersproject/keccak256
6420 silly ADD node_modules/@ethersproject/json-wallets
6421 silly ADD node_modules/@ethersproject/hdnode
6422 silly ADD node_modules/@ethersproject/hash
6423 silly ADD node_modules/@ethersproject/contracts
6424 silly ADD node_modules/@ethersproject/constants
6425 silly ADD node_modules/@ethersproject/bytes
6426 silly ADD node_modules/@ethersproject/bignumber
6427 silly ADD node_modules/@ethersproject/basex
6428 silly ADD node_modules/@ethersproject/base64
6429 silly ADD node_modules/@ethersproject/address
6430 silly ADD node_modules/@ethersproject/abstract-signer
6431 silly ADD node_modules/@ethersproject/abstract-provider
6432 silly ADD node_modules/@ethersproject/abi
6433 silly ADD node_modules/acorn-jsx
6434 silly ADD node_modules/acorn
6435 silly ADD node_modules/estraverse
6436 silly ADD node_modules/esrecurse
6437 silly ADD node_modules/@types/esrecurse
6438 silly ADD node_modules/which
6439 silly ADD node_modules/shebang-command
6440 silly ADD node_modules/path-key
6441 silly ADD node_modules/color-name
6442 silly ADD node_modules/color-convert
6443 silly ADD node_modules/supports-color
6444 silly ADD node_modules/ansi-styles
6445 silly ADD node_modules/@humanfs/types
6446 silly ADD node_modules/@humanfs/core
6447 silly ADD node_modules/levn
6448 silly ADD node_modules/js-yaml
6449 silly ADD node_modules/import-fresh
6450 silly ADD node_modules/globals
6451 silly ADD node_modules/@types/json-schema
6452 silly ADD node_modules/@eslint/object-schema
6453 silly ADD node_modules/optionator
6454 silly ADD node_modules/natural-compare
6455 silly ADD node_modules/lodash.merge
6456 silly ADD node_modules/json-stable-stringify-without-jsonify
6457 silly ADD node_modules/imurmurhash
6458 silly ADD node_modules/glob-parent
6459 silly ADD node_modules/find-up
6460 silly ADD node_modules/file-entry-cache
6461 silly ADD node_modules/esutils
6462 silly ADD node_modules/esquery
6463 silly ADD node_modules/espree
6464 silly ADD node_modules/espree/node_modules/eslint-visitor-keys
6465 silly ADD node_modules/escape-string-regexp
6466 silly ADD node_modules/cross-spawn
6467 silly ADD node_modules/chalk
6468 silly ADD node_modules/@types/estree
6469 silly ADD node_modules/@humanwhocodes/retry
6470 silly ADD node_modules/@humanwhocodes/module-importer
6471 silly ADD node_modules/@humanfs/node
6472 silly ADD node_modules/@eslint/plugin-kit
6473 silly ADD node_modules/@eslint/eslintrc
6474 silly ADD node_modules/@eslint/eslintrc/node_modules/balanced-match
6475 silly ADD node_modules/@eslint/eslintrc/node_modules/brace-expansion
6476 silly ADD node_modules/@eslint/eslintrc/node_modules/json-schema-traverse
6477 silly ADD node_modules/@eslint/eslintrc/node_modules/minimatch
6478 silly ADD node_modules/@eslint/eslintrc/node_modules/ignore
6479 silly ADD node_modules/@eslint/eslintrc/node_modules/ajv
6480 silly ADD node_modules/@eslint/core
6481 silly ADD node_modules/@eslint/config-helpers
6482 silly ADD node_modules/@eslint/config-array
6483 silly ADD node_modules/@eslint/config-array/node_modules/balanced-match
6484 silly ADD node_modules/@eslint/config-array/node_modules/brace-expansion
6485 silly ADD node_modules/@eslint/config-array/node_modules/minimatch
6486 silly ADD node_modules/@eslint-community/regexpp
6487 silly ADD node_modules/open
6488 silly ADD node_modules/@esbuild/linux-x64
6489 silly ADD node_modules/entities
6490 silly ADD node_modules/domelementtype
6491 silly ADD node_modules/ms
6492 silly ADD node_modules/nth-check
6493 silly ADD node_modules/domutils
6494 silly ADD node_modules/boolbase
6495 silly ADD node_modules/@codemirror/search
6496 silly ADD node_modules/@codemirror/commands
6497 silly ADD node_modules/readdirp
6498 silly ADD node_modules/update-browserslist-db
6499 silly ADD node_modules/node-releases
6500 silly ADD node_modules/electron-to-chromium
6501 silly ADD node_modules/caniuse-lite
6502 silly ADD node_modules/baseline-browser-mapping
6503 silly ADD node_modules/postcss-safe-parser
6504 silly ADD node_modules/postcss-media-query-parser
6505 silly ADD node_modules/picocolors
6506 silly ADD node_modules/htmlparser2
6507 silly ADD node_modules/domhandler
6508 silly ADD node_modules/dom-serializer
6509 silly ADD node_modules/css-what
6510 silly ADD node_modules/css-select
6511 silly ADD node_modules/estree-walker
6512 silly ADD node_modules/qrcode
6513 silly ADD node_modules/qrcode/node_modules/ansi-regex
6514 silly ADD node_modules/qrcode/node_modules/is-fullwidth-code-point
6515 silly ADD node_modules/qrcode/node_modules/emoji-regex
6516 silly ADD node_modules/qrcode/node_modules/p-limit
6517 silly ADD node_modules/qrcode/node_modules/p-locate
6518 silly ADD node_modules/qrcode/node_modules/locate-path
6519 silly ADD node_modules/qrcode/node_modules/wrap-ansi
6520 silly ADD node_modules/qrcode/node_modules/strip-ansi
6521 silly ADD node_modules/qrcode/node_modules/yargs-parser
6522 silly ADD node_modules/qrcode/node_modules/y18n
6523 silly ADD node_modules/qrcode/node_modules/string-width
6524 silly ADD node_modules/qrcode/node_modules/find-up
6525 silly ADD node_modules/qrcode/node_modules/cliui
6526 silly ADD node_modules/qrcode/node_modules/yargs
6527 silly ADD node_modules/minimatch
6528 silly ADD node_modules/debug
6529 silly ADD node_modules/@typescript-eslint/tsconfig-utils
6530 silly ADD node_modules/@typescript-eslint/project-service
6531 silly ADD node_modules/@typescript-eslint/visitor-keys
6532 silly ADD node_modules/@typescript-eslint/visitor-keys/node_modules/eslint-visitor-keys
6533 silly ADD node_modules/eslint-visitor-keys
6534 silly ADD node_modules/@typescript-eslint/typescript-estree
6535 silly ADD node_modules/@typescript-eslint/scope-manager
6536 silly ADD node_modules/@eslint-community/eslint-utils
6537 silly ADD node_modules/eslint-scope
6538 silly ADD node_modules/strip-json-comments
6539 silly ADD node_modules/ignore
6540 silly ADD node_modules/axobject-query
6541 silly ADD node_modules/aria-query
6542 silly ADD node_modules/ts-api-utils
6543 silly ADD node_modules/@angular-eslint/utils
6544 silly ADD node_modules/@angular-eslint/bundled-angular-compiler
6545 silly ADD node_modules/@angular-eslint/schematics
6546 silly ADD node_modules/@angular-eslint/template-parser
6547 silly ADD node_modules/@typescript-eslint/types
6548 silly ADD node_modules/@angular-eslint/eslint-plugin-template
6549 silly ADD node_modules/@typescript-eslint/utils
6550 silly ADD node_modules/@angular-eslint/eslint-plugin
6551 silly ADD node_modules/@angular-eslint/builder
6552 silly ADD node_modules/uri-js
6553 silly ADD node_modules/smtp-address-parser
6554 silly ADD node_modules/schemes
6555 silly ADD node_modules/punycode
6556 silly ADD node_modules/require-from-string
6557 silly ADD node_modules/json-schema-traverse
6558 silly ADD node_modules/fast-uri
6559 silly ADD node_modules/fast-deep-equal
6560 silly ADD node_modules/zustand
6561 silly ADD node_modules/eventemitter3
6562 silly ADD node_modules/@vitest/pretty-format
6563 silly ADD node_modules/tinyrainbow
6564 silly ADD node_modules/std-env
6565 silly ADD node_modules/magicast
6566 silly ADD node_modules/magicast/node_modules/@babel/helper-validator-identifier
6567 silly ADD node_modules/magicast/node_modules/@babel/helper-string-parser
6568 silly ADD node_modules/magicast/node_modules/@babel/types
6569 silly ADD node_modules/magicast/node_modules/@babel/parser
6570 silly ADD node_modules/istanbul-reports
6571 silly ADD node_modules/istanbul-lib-report
6572 silly ADD node_modules/istanbul-lib-coverage
6573 silly ADD node_modules/ast-v8-to-istanbul
6574 silly ADD node_modules/@vitest/utils
6575 silly ADD node_modules/@vitest/utils/node_modules/convert-source-map
6576 silly ADD node_modules/@bcoe/v8-coverage
6577 silly ADD node_modules/undici-types
6578 silly ADD node_modules/@types/send
6579 silly ADD node_modules/@types/range-parser
6580 silly ADD node_modules/@types/qs
6581 silly ADD node_modules/node-addon-api
6582 silly ADD node_modules/is-glob
6583 silly ADD node_modules/detect-libc
6584 silly ADD node_modules/@parcel/watcher-linux-x64-glibc
6585 silly ADD node_modules/@modelcontextprotocol/core
6586 silly ADD node_modules/@jridgewell/resolve-uri
6587 silly ADD node_modules/iconv-lite
6588 silly ADD node_modules/chardet
6589 silly ADD node_modules/@inquirer/external-editor
6590 silly ADD node_modules/@inquirer/select
6591 silly ADD node_modules/@inquirer/search
6592 silly ADD node_modules/@inquirer/rawlist
6593 silly ADD node_modules/@inquirer/password
6594 silly ADD node_modules/@inquirer/number
6595 silly ADD node_modules/@inquirer/input
6596 silly ADD node_modules/@inquirer/expand
6597 silly ADD node_modules/@inquirer/editor
6598 silly ADD node_modules/@inquirer/checkbox
6599 silly ADD node_modules/signal-exit
6600 silly ADD node_modules/mute-stream
6601 silly ADD node_modules/fast-wrap-ansi
6602 silly ADD node_modules/cli-width
6603 silly ADD node_modules/@inquirer/figures
6604 silly ADD node_modules/@inquirer/ansi
6605 silly ADD node_modules/@inquirer/type
6606 silly ADD node_modules/@inquirer/core
6607 silly ADD node_modules/@fortawesome/fontawesome-common-types
6608 silly ADD node_modules/spdx-expression-parse
6609 silly ADD node_modules/packageurl-js
6610 silly ADD node_modules/normalize-package-data
6611 silly ADD node_modules/commander
6612 silly ADD node_modules/ajv-formats-draft2019
6613 silly ADD node_modules/@cyclonedx/cyclonedx-library
6614 silly ADD node_modules/w3c-keyname
6615 silly ADD node_modules/@marijn/find-cluster-break
6616 silly ADD node_modules/crelt
6617 silly ADD node_modules/style-mod
6618 silly ADD node_modules/@lezer/yaml
6619 silly ADD node_modules/@lezer/lr
6620 silly ADD node_modules/@lezer/highlight
6621 silly ADD node_modules/@lezer/json
6622 silly ADD node_modules/@lezer/javascript
6623 silly ADD node_modules/@lezer/common
6624 silly ADD node_modules/@codemirror/view
6625 silly ADD node_modules/@codemirror/state
6626 silly ADD node_modules/@codemirror/lint
6627 silly ADD node_modules/@codemirror/language
6628 silly ADD node_modules/@codemirror/autocomplete
6629 silly ADD node_modules/@babel/helper-string-parser
6630 silly ADD node_modules/@babel/helper-globals
6631 silly ADD node_modules/flru
6632 silly ADD node_modules/@babel/helper-validator-option
6633 silly ADD node_modules/@babel/compat-data
6634 silly ADD node_modules/jsesc
6635 silly ADD node_modules/@types/jsesc
6636 silly ADD node_modules/js-tokens
6637 silly ADD node_modules/@babel/helper-validator-identifier
6638 silly ADD node_modules/verkit
6639 silly ADD node_modules/obug
6640 silly ADD node_modules/json5
6641 silly ADD node_modules/import-meta-resolve
6642 silly ADD node_modules/gensync
6643 silly ADD node_modules/empathic
6644 silly ADD node_modules/@types/gensync
6645 silly ADD node_modules/@babel/types
6646 silly ADD node_modules/@babel/traverse
6647 silly ADD node_modules/@babel/template
6648 silly ADD node_modules/@babel/parser
6649 silly ADD node_modules/@babel/helpers
6650 silly ADD node_modules/@babel/helper-compilation-targets
6651 silly ADD node_modules/@babel/generator
6652 silly ADD node_modules/@babel/generator/node_modules/@jridgewell/gen-mapping
6653 silly ADD node_modules/@babel/code-frame
6654 silly ADD node_modules/@standard-schema/spec
6655 silly ADD node_modules/reflect-metadata
6656 silly ADD node_modules/convert-source-map
6657 silly ADD node_modules/@jridgewell/sourcemap-codec
6658 silly ADD node_modules/ora
6659 silly ADD node_modules/ora/node_modules/chalk
6660 silly ADD node_modules/zod
6661 silly ADD node_modules/yargs
6662 silly ADD node_modules/npm-package-arg
6663 silly ADD node_modules/npm-package-arg/node_modules/hosted-git-info
6664 silly ADD node_modules/@schematics/angular
6665 silly ADD node_modules/@modelcontextprotocol/server
6666 silly ADD node_modules/@listr2/prompt-adapter-inquirer
6667 silly ADD node_modules/@inquirer/prompts
6668 silly ADD node_modules/@angular-devkit/schematics
6669 silly ADD node_modules/parse5
6670 silly ADD node_modules/source-map
6671 silly ADD node_modules/ajv-formats
6672 silly ADD node_modules/ajv
6673 silly ADD node_modules/@angular-devkit/core
6674 silly ADD node_modules/@jridgewell/trace-mapping
6675 silly ADD node_modules/@jridgewell/gen-mapping
6676 silly ADD node_modules/xxhash-wasm
6677 silly ADD node_modules/tinyglobby
6678 silly ADD node_modules/source-map-support
6679 silly ADD node_modules/source-map-support/node_modules/source-map
6680 silly ADD node_modules/semver
6681 silly ADD node_modules/sass-embedded
6682 silly ADD node_modules/sass-embedded/node_modules/supports-color
6683 silly ADD node_modules/rolldown
6684 silly ADD node_modules/rolldown/node_modules/@oxc-project/types
6685 silly ADD node_modules/piscina
6686 silly ADD node_modules/picomatch
6687 silly ADD node_modules/parse5-html-rewriting-stream
6688 silly ADD node_modules/oxc-parser
6689 silly ADD node_modules/mrmime
6690 silly ADD node_modules/magic-string
6691 silly ADD node_modules/lmdb
6692 silly ADD node_modules/lmdb/node_modules/node-addon-api
6693 silly ADD node_modules/listr2
6694 silly ADD node_modules/jsonc-parser
6695 silly ADD node_modules/https-proxy-agent
6696 silly ADD node_modules/esbuild
6697 silly ADD node_modules/chokidar
6698 silly ADD node_modules/browserslist
6699 silly ADD node_modules/beasties
6700 silly ADD node_modules/vite
6701 silly ADD node_modules/@vitejs/plugin-basic-ssl
6702 silly ADD node_modules/@parcel/watcher
6703 silly ADD node_modules/@inquirer/confirm
6704 silly ADD node_modules/@babel/core
6705 silly ADD node_modules/@babel/core/node_modules/convert-source-map
6706 silly ADD node_modules/@angular-devkit/architect
6707 silly ADD node_modules/@ampproject/remapping
6708 silly ADD node_modules/zone.js
6709 silly ADD node_modules/stylelint-scss
6710 silly ADD node_modules/postcss
6711 silly ADD node_modules/stylelint-config-sass-guidelines
6712 silly ADD node_modules/stylelint
6713 silly ADD node_modules/stylelint/node_modules/ansi-regex
6714 silly ADD node_modules/stylelint/node_modules/strip-ansi
6715 silly ADD node_modules/stylelint/node_modules/is-fullwidth-code-point
6716 silly ADD node_modules/stylelint/node_modules/emoji-regex
6717 silly ADD node_modules/stylelint/node_modules/flat-cache
6718 silly ADD node_modules/stylelint/node_modules/string-width
6719 silly ADD node_modules/stylelint/node_modules/resolve-from
6720 silly ADD node_modules/stylelint/node_modules/file-entry-cache
6721 silly ADD node_modules/stylelint/node_modules/balanced-match
6722 silly ADD node_modules/stylelint/node_modules/@csstools/media-query-list-parser
6723 silly ADD node_modules/stylelint/node_modules/@csstools/css-tokenizer
6724 silly ADD node_modules/stylelint/node_modules/@csstools/css-parser-algorithms
6725 silly ADD node_modules/solidity-browser-compiler
6726 silly ADD node_modules/socket.io-client
6727 silly ADD node_modules/socket.io-client/node_modules/debug
6728 silly ADD node_modules/snarkdown
6729 silly ADD node_modules/sass
6730 silly ADD node_modules/ngy-cookie
6731 silly ADD node_modules/ngx-window-token
6732 silly ADD node_modules/ng2-file-upload
6733 silly ADD node_modules/ng-gallery
6734 silly ADD node_modules/material-icons
6735 silly ADD node_modules/lodash-es
6736 silly ADD node_modules/jwt-decode
6737 silly ADD node_modules/jsdom
6738 silly ADD node_modules/font-mfizz
6739 silly ADD node_modules/flag-icons
6740 silly ADD node_modules/esbuild-visualizer
6741 silly ADD node_modules/esbuild-visualizer/node_modules/ansi-regex
6742 silly ADD node_modules/esbuild-visualizer/node_modules/is-fullwidth-code-point
6743 silly ADD node_modules/esbuild-visualizer/node_modules/emoji-regex
6744 silly ADD node_modules/esbuild-visualizer/node_modules/wrap-ansi
6745 silly ADD node_modules/esbuild-visualizer/node_modules/strip-ansi
6746 silly ADD node_modules/esbuild-visualizer/node_modules/yargs-parser
6747 silly ADD node_modules/esbuild-visualizer/node_modules/string-width
6748 silly ADD node_modules/esbuild-visualizer/node_modules/cliui
6749 silly ADD node_modules/esbuild-visualizer/node_modules/yargs
6750 silly ADD node_modules/cookieconsent
6751 silly ADD node_modules/codemirror
6752 silly ADD node_modules/canvas-confetti
6753 silly ADD node_modules/angularx-qrcode
6754 silly ADD node_modules/typescript-eslint
6755 silly ADD node_modules/eslint
6756 silly ADD node_modules/eslint/node_modules/balanced-match
6757 silly ADD node_modules/eslint/node_modules/brace-expansion
6758 silly ADD node_modules/eslint/node_modules/json-schema-traverse
6759 silly ADD node_modules/eslint/node_modules/minimatch
6760 silly ADD node_modules/eslint/node_modules/ignore
6761 silly ADD node_modules/eslint/node_modules/eslint-visitor-keys
6762 silly ADD node_modules/eslint/node_modules/eslint-scope
6763 silly ADD node_modules/eslint/node_modules/ajv
6764 silly ADD node_modules/eslint/node_modules/@eslint/js
6765 silly ADD node_modules/angular-eslint
6766 silly ADD node_modules/ethers
6767 silly ADD node_modules/@wagmi/core
6768 silly ADD node_modules/vitest
6769 silly ADD node_modules/vitest/node_modules/magic-string
6770 silly ADD node_modules/@vitest/coverage-v8
6771 silly ADD node_modules/@types/socket.io-client
6772 silly ADD node_modules/@types/node
6773 silly ADD node_modules/@types/jwt-decode
6774 silly ADD node_modules/@types/express-serve-static-core
6775 silly ADD node_modules/@ngx-translate/http-loader
6776 silly ADD node_modules/@ngx-translate/core
6777 silly ADD node_modules/@fortawesome/free-solid-svg-icons
6778 silly ADD node_modules/@fortawesome/free-regular-svg-icons
6779 silly ADD node_modules/@fortawesome/free-brands-svg-icons
6780 silly ADD node_modules/@fortawesome/fontawesome-svg-core
6781 silly ADD node_modules/@eslint/js
6782 silly ADD node_modules/@cyclonedx/cyclonedx-esbuild
6783 silly ADD node_modules/@codemirror/merge
6784 silly ADD node_modules/@codemirror/lang-yaml
6785 silly ADD node_modules/@codemirror/lang-json
6786 silly ADD node_modules/@codemirror/lang-javascript
6787 silly ADD node_modules/@angular/router
6788 silly ADD node_modules/@angular/material
6789 silly ADD node_modules/@angular/language-service
6790 silly ADD node_modules/@angular/cli
6791 silly ADD node_modules/@angular/platform-browser
6792 silly ADD node_modules/@angular/common
6793 silly ADD node_modules/@angular/forms
6794 silly ADD node_modules/@angular/cdk
6795 silly ADD node_modules/@angular/compiler-cli
6796 silly ADD node_modules/@angular/compiler-cli/node_modules/@babel/core
6797 silly ADD node_modules/@angular/compiler-cli/node_modules/@babel/core/node_modules/convert-source-map
6798 silly ADD node_modules/@angular/compiler
6799 silly ADD node_modules/typescript
6800 silly ADD node_modules/tslib
6801 silly ADD node_modules/@angular/build
6802 silly ADD node_modules/@angular/build/node_modules/sass
6803 silly ADD node_modules/rxjs
6804 silly ADD node_modules/@angular/core
6805 silly ADD node_modules/@angular/animations
6806 warn install-scripts 3 packages have install scripts not yet covered by allowScripts:
6806 warn install-scripts   @parcel/watcher@2.6.0 (install: node scripts/build-from-source.js)
6806 warn install-scripts   esbuild@0.28.2 (postinstall: node install.js)
6806 warn install-scripts   lmdb@3.5.6 (install: node-gyp-build-optional-packages)
6806 warn install-scripts
6806 warn install-scripts Run `npm install-scripts ls` to review, or `npm install-scripts approve <pkg>` to allow.
6807 verbose cwd <host-path>/sut/frontend
6808 verbose os Linux 6.17.0-1022-azure
6809 verbose node v24.21.0
6810 verbose npm  v11.19.0
6811 verbose exit 0
6812 info ok
